Accession	Requested_species	NCBI_organism	NCBI_accepted_species	Phylum	Class	Order	Family	Genus	Taxonomy_source
AF283010.1	Abies koreana	Abies koreana	Abies koreana	Tracheophyta	Pinopsida	Pinales	Pinaceae	Abies	BOLD_GENUS_BACKBONE
AF283011.1	Abies koreana	Abies koreana f. chlorocarpa	Abies koreana	Tracheophyta	Pinopsida	Pinales	Pinaceae	Abies	BOLD_GENUS_BACKBONE
AF283012.1	Abies koreana	Abies koreana f. rubrocarpa	Abies koreana	Tracheophyta	Pinopsida	Pinales	Pinaceae	Abies	BOLD_GENUS_BACKBONE
AF283013.1	Abies koreana	Abies koreana f. nigrocarpa	Abies koreana	Tracheophyta	Pinopsida	Pinales	Pinaceae	Abies	BOLD_GENUS_BACKBONE
JF499944.1	Abies koreana	Abies koreana	Abies koreana	Tracheophyta	Pinopsida	Pinales	Pinaceae	Abies	BOLD_GENUS_BACKBONE
AY605305.1	Acer hyrcanum	Acer hyrcanum subsp. hyrcanum	Acer hyrcanum	Tracheophyta	Magnoliopsida	Sapindales	Sapindaceae	Acer	BOLD_GENUS_BACKBONE
AY605306.1	Acer hyrcanum	Acer hyrcanum subsp. hyrcanum	Acer hyrcanum	Tracheophyta	Magnoliopsida	Sapindales	Sapindaceae	Acer	BOLD_GENUS_BACKBONE
DQ366129.1	Acer hyrcanum	Acer hyrcanum subsp. hyrcanum	Acer hyrcanum	Tracheophyta	Magnoliopsida	Sapindales	Sapindaceae	Acer	BOLD_GENUS_BACKBONE
DQ366130.1	Acer hyrcanum	Acer hyrcanum subsp. hyrcanum	Acer hyrcanum	Tracheophyta	Magnoliopsida	Sapindales	Sapindaceae	Acer	BOLD_GENUS_BACKBONE
MW070140.1	Acer hyrcanum	Acer hyrcanum	Acer hyrcanum	Tracheophyta	Magnoliopsida	Sapindales	Sapindaceae	Acer	BOLD_GENUS_BACKBONE
AF401127.1	Acer monspessulanum	Acer monspessulanum	Acer monspessulanum	Tracheophyta	Magnoliopsida	Sapindales	Sapindaceae	Acer	BOLD_GENUS_BACKBONE
AY605307.1	Acer monspessulanum	Acer monspessulanum subsp. ibericum	Acer monspessulanum	Tracheophyta	Magnoliopsida	Sapindales	Sapindaceae	Acer	BOLD_GENUS_BACKBONE
AY605308.1	Acer monspessulanum	Acer monspessulanum subsp. ibericum	Acer monspessulanum	Tracheophyta	Magnoliopsida	Sapindales	Sapindaceae	Acer	BOLD_GENUS_BACKBONE
AY605309.1	Acer monspessulanum	Acer monspessulanum subsp. ibericum	Acer monspessulanum	Tracheophyta	Magnoliopsida	Sapindales	Sapindaceae	Acer	BOLD_GENUS_BACKBONE
AY605310.1	Acer monspessulanum	Acer monspessulanum subsp. ibericum	Acer monspessulanum	Tracheophyta	Magnoliopsida	Sapindales	Sapindaceae	Acer	BOLD_GENUS_BACKBONE
AY605311.1	Acer monspessulanum	Acer monspessulanum subsp. ibericum	Acer monspessulanum	Tracheophyta	Magnoliopsida	Sapindales	Sapindaceae	Acer	BOLD_GENUS_BACKBONE
AY605312.1	Acer monspessulanum	Acer monspessulanum subsp. ibericum	Acer monspessulanum	Tracheophyta	Magnoliopsida	Sapindales	Sapindaceae	Acer	BOLD_GENUS_BACKBONE
AY605313.1	Acer monspessulanum	Acer monspessulanum subsp. ibericum	Acer monspessulanum	Tracheophyta	Magnoliopsida	Sapindales	Sapindaceae	Acer	BOLD_GENUS_BACKBONE
AY605314.1	Acer monspessulanum	Acer monspessulanum subsp. ibericum	Acer monspessulanum	Tracheophyta	Magnoliopsida	Sapindales	Sapindaceae	Acer	BOLD_GENUS_BACKBONE
AY605315.1	Acer monspessulanum	Acer monspessulanum subsp. monspessulanum	Acer monspessulanum	Tracheophyta	Magnoliopsida	Sapindales	Sapindaceae	Acer	BOLD_GENUS_BACKBONE
AY605316.1	Acer monspessulanum	Acer monspessulanum subsp. monspessulanum	Acer monspessulanum	Tracheophyta	Magnoliopsida	Sapindales	Sapindaceae	Acer	BOLD_GENUS_BACKBONE
AY605317.1	Acer monspessulanum	Acer monspessulanum subsp. monspessulanum	Acer monspessulanum	Tracheophyta	Magnoliopsida	Sapindales	Sapindaceae	Acer	BOLD_GENUS_BACKBONE
AY605318.1	Acer monspessulanum	Acer monspessulanum subsp. monspessulanum	Acer monspessulanum	Tracheophyta	Magnoliopsida	Sapindales	Sapindaceae	Acer	BOLD_GENUS_BACKBONE
AY605319.1	Acer monspessulanum	Acer monspessulanum subsp. monspessulanum	Acer monspessulanum	Tracheophyta	Magnoliopsida	Sapindales	Sapindaceae	Acer	BOLD_GENUS_BACKBONE
AY605320.1	Acer monspessulanum	Acer monspessulanum subsp. monspessulanum	Acer monspessulanum	Tracheophyta	Magnoliopsida	Sapindales	Sapindaceae	Acer	BOLD_GENUS_BACKBONE
AY605321.1	Acer monspessulanum	Acer monspessulanum subsp. monspessulanum	Acer monspessulanum	Tracheophyta	Magnoliopsida	Sapindales	Sapindaceae	Acer	BOLD_GENUS_BACKBONE
DQ366124.1	Acer monspessulanum	Acer monspessulanum subsp. monspessulanum	Acer monspessulanum	Tracheophyta	Magnoliopsida	Sapindales	Sapindaceae	Acer	BOLD_GENUS_BACKBONE
DQ366125.1	Acer monspessulanum	Acer monspessulanum subsp. monspessulanum	Acer monspessulanum	Tracheophyta	Magnoliopsida	Sapindales	Sapindaceae	Acer	BOLD_GENUS_BACKBONE
DQ366126.1	Acer monspessulanum	Acer monspessulanum subsp. monspessulanum	Acer monspessulanum	Tracheophyta	Magnoliopsida	Sapindales	Sapindaceae	Acer	BOLD_GENUS_BACKBONE
DQ366127.1	Acer monspessulanum	Acer monspessulanum subsp. monspessulanum	Acer monspessulanum	Tracheophyta	Magnoliopsida	Sapindales	Sapindaceae	Acer	BOLD_GENUS_BACKBONE
DQ366128.1	Acer monspessulanum	Acer monspessulanum subsp. monspessulanum	Acer monspessulanum	Tracheophyta	Magnoliopsida	Sapindales	Sapindaceae	Acer	BOLD_GENUS_BACKBONE
MW070149.1	Acer monspessulanum	Acer monspessulanum	Acer monspessulanum	Tracheophyta	Magnoliopsida	Sapindales	Sapindaceae	Acer	BOLD_GENUS_BACKBONE
AY605333.1	Acer obtusatum	Acer opalus subsp. obtusatum	Acer opalus	Tracheophyta	Magnoliopsida	Sapindales	Sapindaceae	Acer	BOLD_GENUS_BACKBONE
AY605334.1	Acer obtusatum	Acer opalus subsp. obtusatum	Acer opalus	Tracheophyta	Magnoliopsida	Sapindales	Sapindaceae	Acer	BOLD_GENUS_BACKBONE
AY605335.1	Acer obtusatum	Acer opalus subsp. obtusatum	Acer opalus	Tracheophyta	Magnoliopsida	Sapindales	Sapindaceae	Acer	BOLD_GENUS_BACKBONE
AY605336.1	Acer obtusatum	Acer opalus subsp. obtusatum	Acer opalus	Tracheophyta	Magnoliopsida	Sapindales	Sapindaceae	Acer	BOLD_GENUS_BACKBONE
AY605337.1	Acer obtusatum	Acer opalus subsp. obtusatum	Acer opalus	Tracheophyta	Magnoliopsida	Sapindales	Sapindaceae	Acer	BOLD_GENUS_BACKBONE
MW070153.1	Acer obtusatum	Acer opalus subsp. obtusatum	Acer opalus	Tracheophyta	Magnoliopsida	Sapindales	Sapindaceae	Acer	BOLD_GENUS_BACKBONE
AY603201.1	Achillea aspleniifolia	Achillea aspleniifolia	Achillea aspleniifolia	Tracheophyta	Magnoliopsida	Asterales	Asteraceae	Achillea	BOLD_GENUS_BACKBONE
AY603227.1	Achillea atrata	Achillea atrata	Achillea atrata	Tracheophyta	Magnoliopsida	Asterales	Asteraceae	Achillea	BOLD_GENUS_BACKBONE
AY603198.1	Achillea collina	Achillea collina	Achillea collina	Tracheophyta	Magnoliopsida	Asterales	Asteraceae	Achillea	BOLD_GENUS_BACKBONE
AB359797.1	Achillea nobilis	Achillea nobilis	Achillea nobilis	Tracheophyta	Magnoliopsida	Asterales	Asteraceae	Achillea	BOLD_GENUS_BACKBONE
AY603212.1	Achillea nobilis	Achillea nobilis	Achillea nobilis	Tracheophyta	Magnoliopsida	Asterales	Asteraceae	Achillea	BOLD_GENUS_BACKBONE
AY603200.1	Achillea roseoalba	Achillea roseoalba	Achillea roseoalba	Tracheophyta	Magnoliopsida	Asterales	Asteraceae	Achillea	BOLD_GENUS_BACKBONE
AY603211.1	Achillea virescens	Achillea virescens	Achillea virescens	Tracheophyta	Magnoliopsida	Asterales	Asteraceae	Achillea	BOLD_GENUS_BACKBONE
AF216547.1	Aconitum anthora	Aconitum anthora	Aconitum anthora	Tracheophyta	Magnoliopsida	Ranunculales	Ranunculaceae	Aconitum	BOLD_GENUS_BACKBONE
KF219806.1	Aconitum degenii	Aconitum degenii	Aconitum degenii	Tracheophyta	Magnoliopsida	Ranunculales	Ranunculaceae	Aconitum	BOLD_GENUS_BACKBONE
KF219819.1	Aconitum degenii	Aconitum degenii	Aconitum degenii	Tracheophyta	Magnoliopsida	Ranunculales	Ranunculaceae	Aconitum	BOLD_GENUS_BACKBONE
KF219823.1	Aconitum degenii	Aconitum degenii	Aconitum degenii	Tracheophyta	Magnoliopsida	Ranunculales	Ranunculaceae	Aconitum	BOLD_GENUS_BACKBONE
AF156998.1	Aegilops geniculata	Aegilops geniculata	Aegilops geniculata	Tracheophyta	Liliopsida	Poales	Poaceae	Aegilops	BOLD_GENUS_BACKBONE
EU687646.1	Aesculus flava	Aesculus flava	Aesculus flava	Tracheophyta	Magnoliopsida	Sapindales	Sapindaceae	Aesculus	BOLD_GENUS_BACKBONE
EU687647.1	Aesculus flava	Aesculus flava	Aesculus flava	Tracheophyta	Magnoliopsida	Sapindales	Sapindaceae	Aesculus	BOLD_GENUS_BACKBONE
EU687648.1	Aesculus flava	Aesculus flava	Aesculus flava	Tracheophyta	Magnoliopsida	Sapindales	Sapindaceae	Aesculus	BOLD_GENUS_BACKBONE
EU687632.1	Aesculus parviflora	Aesculus parviflora	Aesculus parviflora	Tracheophyta	Magnoliopsida	Sapindales	Sapindaceae	Aesculus	BOLD_GENUS_BACKBONE
EU687633.1	Aesculus parviflora	Aesculus parviflora	Aesculus parviflora	Tracheophyta	Magnoliopsida	Sapindales	Sapindaceae	Aesculus	BOLD_GENUS_BACKBONE
MF348846.1	Aesculus parviflora	Aesculus parviflora	Aesculus parviflora	Tracheophyta	Magnoliopsida	Sapindales	Sapindaceae	Aesculus	BOLD_GENUS_BACKBONE
AJ862698.1	Aethionema saxatile	Aethionema saxatile	Aethionema saxatile	Streptophyta	Magnoliopsida	Brassicales	Brassicaceae	Aethionema	NCBI_LINEAGE
KJ598966.1	Agrostis alpina	Agrostis alpina	Agrostis alpina	Tracheophyta	Liliopsida	Poales	Poaceae	Agrostis	BOLD_GENUS_BACKBONE
EU072530.1	Alchemilla fissa	Alchemilla fissa	Alchemilla fissa	Tracheophyta	Magnoliopsida	Rosales	Rosaceae	Alchemilla	BOLD_GENUS_BACKBONE
AM777848.1	Alisma plantago-aquatica	Alisma plantago-aquatica subsp. orientale	Alisma plantago-aquatica	Tracheophyta	Liliopsida	Alismatales	Alismataceae	Alisma	BOLD_GENUS_BACKBONE
AY588940.1	Alisma plantago-aquatica	Alisma plantago-aquatica	Alisma plantago-aquatica	Tracheophyta	Liliopsida	Alismatales	Alismataceae	Alisma	BOLD_GENUS_BACKBONE
DQ011501.1	Alisma plantago-aquatica	Alisma plantago-aquatica	Alisma plantago-aquatica	Tracheophyta	Liliopsida	Alismatales	Alismataceae	Alisma	BOLD_GENUS_BACKBONE
DQ016540.1	Alisma plantago-aquatica	Alisma plantago-aquatica subsp. orientale	Alisma plantago-aquatica	Tracheophyta	Liliopsida	Alismatales	Alismataceae	Alisma	BOLD_GENUS_BACKBONE
DQ016541.1	Alisma plantago-aquatica	Alisma plantago-aquatica subsp. orientale	Alisma plantago-aquatica	Tracheophyta	Liliopsida	Alismatales	Alismataceae	Alisma	BOLD_GENUS_BACKBONE
DQ339078.1	Alisma plantago-aquatica	Alisma plantago-aquatica	Alisma plantago-aquatica	Tracheophyta	Liliopsida	Alismatales	Alismataceae	Alisma	BOLD_GENUS_BACKBONE
DQ339080.1	Alisma plantago-aquatica	Alisma plantago-aquatica subsp. orientale	Alisma plantago-aquatica	Tracheophyta	Liliopsida	Alismatales	Alismataceae	Alisma	BOLD_GENUS_BACKBONE
DQ339083.1	Alisma plantago-aquatica	Alisma plantago-aquatica	Alisma plantago-aquatica	Tracheophyta	Liliopsida	Alismatales	Alismataceae	Alisma	BOLD_GENUS_BACKBONE
DQ339085.1	Alisma plantago-aquatica	Alisma plantago-aquatica	Alisma plantago-aquatica	Tracheophyta	Liliopsida	Alismatales	Alismataceae	Alisma	BOLD_GENUS_BACKBONE
JF778870.1	Alisma plantago-aquatica	Alisma plantago-aquatica	Alisma plantago-aquatica	Tracheophyta	Liliopsida	Alismatales	Alismataceae	Alisma	BOLD_GENUS_BACKBONE
KC573871.1	Alisma plantago-aquatica	Alisma plantago-aquatica subsp. orientale	Alisma plantago-aquatica	Tracheophyta	Liliopsida	Alismatales	Alismataceae	Alisma	BOLD_GENUS_BACKBONE
KC573872.1	Alisma plantago-aquatica	Alisma plantago-aquatica subsp. orientale	Alisma plantago-aquatica	Tracheophyta	Liliopsida	Alismatales	Alismataceae	Alisma	BOLD_GENUS_BACKBONE
KC573873.1	Alisma plantago-aquatica	Alisma plantago-aquatica subsp. orientale	Alisma plantago-aquatica	Tracheophyta	Liliopsida	Alismatales	Alismataceae	Alisma	BOLD_GENUS_BACKBONE
KC573874.1	Alisma plantago-aquatica	Alisma plantago-aquatica	Alisma plantago-aquatica	Tracheophyta	Liliopsida	Alismatales	Alismataceae	Alisma	BOLD_GENUS_BACKBONE
KC573875.1	Alisma plantago-aquatica	Alisma plantago-aquatica	Alisma plantago-aquatica	Tracheophyta	Liliopsida	Alismatales	Alismataceae	Alisma	BOLD_GENUS_BACKBONE
KC573876.1	Alisma plantago-aquatica	Alisma plantago-aquatica	Alisma plantago-aquatica	Tracheophyta	Liliopsida	Alismatales	Alismataceae	Alisma	BOLD_GENUS_BACKBONE
KR812565.1	Alisma plantago-aquatica	Alisma plantago-aquatica subsp. orientale	Alisma plantago-aquatica	Tracheophyta	Liliopsida	Alismatales	Alismataceae	Alisma	BOLD_GENUS_BACKBONE
KR812566.1	Alisma plantago-aquatica	Alisma plantago-aquatica subsp. orientale	Alisma plantago-aquatica	Tracheophyta	Liliopsida	Alismatales	Alismataceae	Alisma	BOLD_GENUS_BACKBONE
KR812567.1	Alisma plantago-aquatica	Alisma plantago-aquatica subsp. orientale	Alisma plantago-aquatica	Tracheophyta	Liliopsida	Alismatales	Alismataceae	Alisma	BOLD_GENUS_BACKBONE
KR812568.1	Alisma plantago-aquatica	Alisma plantago-aquatica subsp. orientale	Alisma plantago-aquatica	Tracheophyta	Liliopsida	Alismatales	Alismataceae	Alisma	BOLD_GENUS_BACKBONE
KR812569.1	Alisma plantago-aquatica	Alisma plantago-aquatica subsp. orientale	Alisma plantago-aquatica	Tracheophyta	Liliopsida	Alismatales	Alismataceae	Alisma	BOLD_GENUS_BACKBONE
KR812570.1	Alisma plantago-aquatica	Alisma plantago-aquatica	Alisma plantago-aquatica	Tracheophyta	Liliopsida	Alismatales	Alismataceae	Alisma	BOLD_GENUS_BACKBONE
KR812571.1	Alisma plantago-aquatica	Alisma plantago-aquatica	Alisma plantago-aquatica	Tracheophyta	Liliopsida	Alismatales	Alismataceae	Alisma	BOLD_GENUS_BACKBONE
KR812572.1	Alisma plantago-aquatica	Alisma plantago-aquatica	Alisma plantago-aquatica	Tracheophyta	Liliopsida	Alismatales	Alismataceae	Alisma	BOLD_GENUS_BACKBONE
KR812573.1	Alisma plantago-aquatica	Alisma plantago-aquatica	Alisma plantago-aquatica	Tracheophyta	Liliopsida	Alismatales	Alismataceae	Alisma	BOLD_GENUS_BACKBONE
KR812574.1	Alisma plantago-aquatica	Alisma plantago-aquatica	Alisma plantago-aquatica	Tracheophyta	Liliopsida	Alismatales	Alismataceae	Alisma	BOLD_GENUS_BACKBONE
KT898255.1	Alisma plantago-aquatica	Alisma plantago-aquatica subsp. orientale	Alisma plantago-aquatica	Tracheophyta	Liliopsida	Alismatales	Alismataceae	Alisma	BOLD_GENUS_BACKBONE
KX674937.1	Alisma plantago-aquatica	Alisma plantago-aquatica subsp. orientale	Alisma plantago-aquatica	Tracheophyta	Liliopsida	Alismatales	Alismataceae	Alisma	BOLD_GENUS_BACKBONE
KX674938.1	Alisma plantago-aquatica	Alisma plantago-aquatica subsp. orientale	Alisma plantago-aquatica	Tracheophyta	Liliopsida	Alismatales	Alismataceae	Alisma	BOLD_GENUS_BACKBONE
KX674939.1	Alisma plantago-aquatica	Alisma plantago-aquatica subsp. orientale	Alisma plantago-aquatica	Tracheophyta	Liliopsida	Alismatales	Alismataceae	Alisma	BOLD_GENUS_BACKBONE
MF095921.1	Alisma plantago-aquatica	Alisma plantago-aquatica subsp. orientale	Alisma plantago-aquatica	Tracheophyta	Liliopsida	Alismatales	Alismataceae	Alisma	BOLD_GENUS_BACKBONE
MF095922.1	Alisma plantago-aquatica	Alisma plantago-aquatica subsp. orientale	Alisma plantago-aquatica	Tracheophyta	Liliopsida	Alismatales	Alismataceae	Alisma	BOLD_GENUS_BACKBONE
MF095923.1	Alisma plantago-aquatica	Alisma plantago-aquatica subsp. orientale	Alisma plantago-aquatica	Tracheophyta	Liliopsida	Alismatales	Alismataceae	Alisma	BOLD_GENUS_BACKBONE
MF095924.1	Alisma plantago-aquatica	Alisma plantago-aquatica subsp. orientale	Alisma plantago-aquatica	Tracheophyta	Liliopsida	Alismatales	Alismataceae	Alisma	BOLD_GENUS_BACKBONE
MF095925.1	Alisma plantago-aquatica	Alisma plantago-aquatica subsp. orientale	Alisma plantago-aquatica	Tracheophyta	Liliopsida	Alismatales	Alismataceae	Alisma	BOLD_GENUS_BACKBONE
MF095926.1	Alisma plantago-aquatica	Alisma plantago-aquatica subsp. orientale	Alisma plantago-aquatica	Tracheophyta	Liliopsida	Alismatales	Alismataceae	Alisma	BOLD_GENUS_BACKBONE
AB243877.1	Alnus alnobetula	Alnus alnobetula subsp. maximowiczii	Alnus alnobetula	Tracheophyta	Magnoliopsida	Fagales	Betulaceae	Alnus	BOLD_GENUS_BACKBONE
AY352309.1	Alnus alnobetula	Alnus alnobetula subsp. fruticosa	Alnus alnobetula	Tracheophyta	Magnoliopsida	Fagales	Betulaceae	Alnus	BOLD_GENUS_BACKBONE
AY352315.1	Alnus alnobetula	Alnus alnobetula subsp. mandschurica	Alnus alnobetula	Tracheophyta	Magnoliopsida	Fagales	Betulaceae	Alnus	BOLD_GENUS_BACKBONE
AY352316.1	Alnus alnobetula	Alnus alnobetula subsp. maximowiczii	Alnus alnobetula	Tracheophyta	Magnoliopsida	Fagales	Betulaceae	Alnus	BOLD_GENUS_BACKBONE
AY352325.1	Alnus alnobetula	Alnus alnobetula subsp. sinuata	Alnus alnobetula	Tracheophyta	Magnoliopsida	Fagales	Betulaceae	Alnus	BOLD_GENUS_BACKBONE
AY352329.1	Alnus alnobetula	Alnus alnobetula	Alnus alnobetula	Tracheophyta	Magnoliopsida	Fagales	Betulaceae	Alnus	BOLD_GENUS_BACKBONE
FJ825380.1	Alnus alnobetula	Alnus alnobetula	Alnus alnobetula	Tracheophyta	Magnoliopsida	Fagales	Betulaceae	Alnus	BOLD_GENUS_BACKBONE
HQ600563.1	Alnus alnobetula	Alnus alnobetula subsp. alnobetula	Alnus alnobetula	Tracheophyta	Magnoliopsida	Fagales	Betulaceae	Alnus	BOLD_GENUS_BACKBONE
HQ600564.1	Alnus alnobetula	Alnus alnobetula subsp. alnobetula	Alnus alnobetula	Tracheophyta	Magnoliopsida	Fagales	Betulaceae	Alnus	BOLD_GENUS_BACKBONE
HQ600571.1	Alnus alnobetula	Alnus alnobetula subsp. suaveolens	Alnus alnobetula	Tracheophyta	Magnoliopsida	Fagales	Betulaceae	Alnus	BOLD_GENUS_BACKBONE
MF136517.1	Alnus alnobetula	Alnus alnobetula subsp. crispa	Alnus alnobetula	Tracheophyta	Magnoliopsida	Fagales	Betulaceae	Alnus	BOLD_GENUS_BACKBONE
MF136518.1	Alnus alnobetula	Alnus alnobetula subsp. suaveolens	Alnus alnobetula	Tracheophyta	Magnoliopsida	Fagales	Betulaceae	Alnus	BOLD_GENUS_BACKBONE
MF136519.1	Alnus alnobetula	Alnus alnobetula subsp. alnobetula	Alnus alnobetula	Tracheophyta	Magnoliopsida	Fagales	Betulaceae	Alnus	BOLD_GENUS_BACKBONE
MF136534.1	Alnus alnobetula	Alnus alnobetula subsp. maximowiczii	Alnus alnobetula	Tracheophyta	Magnoliopsida	Fagales	Betulaceae	Alnus	BOLD_GENUS_BACKBONE
AY237924.1	Alyssum wulfenianum	Alyssum wulfenianum	Alyssum wulfenianum	Tracheophyta	Magnoliopsida	Brassicales	Brassicaceae	Alyssum	BOLD_GENUS_BACKBONE
KJ564042.1	Alyssum wulfenianum	Alyssum wulfenianum subsp. ovirense	Alyssum wulfenianum	Tracheophyta	Magnoliopsida	Brassicales	Brassicaceae	Alyssum	BOLD_GENUS_BACKBONE
KJ564043.1	Alyssum wulfenianum	Alyssum wulfenianum subsp. ovirense	Alyssum wulfenianum	Tracheophyta	Magnoliopsida	Brassicales	Brassicaceae	Alyssum	BOLD_GENUS_BACKBONE
KJ564045.1	Alyssum wulfenianum	Alyssum wulfenianum subsp. ovirense	Alyssum wulfenianum	Tracheophyta	Magnoliopsida	Brassicales	Brassicaceae	Alyssum	BOLD_GENUS_BACKBONE
KJ564046.1	Alyssum wulfenianum	Alyssum wulfenianum subsp. ovirense	Alyssum wulfenianum	Tracheophyta	Magnoliopsida	Brassicales	Brassicaceae	Alyssum	BOLD_GENUS_BACKBONE
KJ564047.1	Alyssum wulfenianum	Alyssum wulfenianum subsp. ovirense	Alyssum wulfenianum	Tracheophyta	Magnoliopsida	Brassicales	Brassicaceae	Alyssum	BOLD_GENUS_BACKBONE
KJ564048.1	Alyssum wulfenianum	Alyssum wulfenianum subsp. ovirense	Alyssum wulfenianum	Tracheophyta	Magnoliopsida	Brassicales	Brassicaceae	Alyssum	BOLD_GENUS_BACKBONE
KJ564049.1	Alyssum wulfenianum	Alyssum wulfenianum subsp. wulfenianum	Alyssum wulfenianum	Tracheophyta	Magnoliopsida	Brassicales	Brassicaceae	Alyssum	BOLD_GENUS_BACKBONE
KJ564050.1	Alyssum wulfenianum	Alyssum wulfenianum subsp. wulfenianum	Alyssum wulfenianum	Tracheophyta	Magnoliopsida	Brassicales	Brassicaceae	Alyssum	BOLD_GENUS_BACKBONE
KJ564051.1	Alyssum wulfenianum	Alyssum wulfenianum subsp. ovirense	Alyssum wulfenianum	Tracheophyta	Magnoliopsida	Brassicales	Brassicaceae	Alyssum	BOLD_GENUS_BACKBONE
KP015418.1	Alyssum wulfenianum	Alyssum wulfenianum subsp. ovirense	Alyssum wulfenianum	Tracheophyta	Magnoliopsida	Brassicales	Brassicaceae	Alyssum	BOLD_GENUS_BACKBONE
KP015419.1	Alyssum wulfenianum	Alyssum wulfenianum subsp. ovirense	Alyssum wulfenianum	Tracheophyta	Magnoliopsida	Brassicales	Brassicaceae	Alyssum	BOLD_GENUS_BACKBONE
KP015422.1	Alyssum wulfenianum	Alyssum wulfenianum subsp. ovirense	Alyssum wulfenianum	Tracheophyta	Magnoliopsida	Brassicales	Brassicaceae	Alyssum	BOLD_GENUS_BACKBONE
KP015423.1	Alyssum wulfenianum	Alyssum wulfenianum subsp. ovirense	Alyssum wulfenianum	Tracheophyta	Magnoliopsida	Brassicales	Brassicaceae	Alyssum	BOLD_GENUS_BACKBONE
MK097012.1	Alyssum wulfenianum	Alyssum wulfenianum subsp. ovirense	Alyssum wulfenianum	Tracheophyta	Magnoliopsida	Brassicales	Brassicaceae	Alyssum	BOLD_GENUS_BACKBONE
MK097013.1	Alyssum wulfenianum	Alyssum wulfenianum subsp. ovirense	Alyssum wulfenianum	Tracheophyta	Magnoliopsida	Brassicales	Brassicaceae	Alyssum	BOLD_GENUS_BACKBONE
MK097014.1	Alyssum wulfenianum	Alyssum wulfenianum subsp. ovirense	Alyssum wulfenianum	Tracheophyta	Magnoliopsida	Brassicales	Brassicaceae	Alyssum	BOLD_GENUS_BACKBONE
MK097015.1	Alyssum wulfenianum	Alyssum wulfenianum subsp. ovirense	Alyssum wulfenianum	Tracheophyta	Magnoliopsida	Brassicales	Brassicaceae	Alyssum	BOLD_GENUS_BACKBONE
AF210909.1	Amaranthus blitoides	Amaranthus blitoides	Amaranthus blitoides	Tracheophyta	Magnoliopsida	Caryophyllales	Amaranthaceae	Amaranthus	BOLD_GENUS_BACKBONE
KC747410.1	Amaranthus blitoides	Amaranthus blitoides	Amaranthus blitoides	Tracheophyta	Magnoliopsida	Caryophyllales	Amaranthaceae	Amaranthus	BOLD_GENUS_BACKBONE
KF385442.1	Amaranthus blitoides	Amaranthus blitoides	Amaranthus blitoides	Tracheophyta	Magnoliopsida	Caryophyllales	Amaranthaceae	Amaranthus	BOLD_GENUS_BACKBONE
MG685206.1	Amaranthus blitoides	Amaranthus blitoides	Amaranthus blitoides	Tracheophyta	Magnoliopsida	Caryophyllales	Amaranthaceae	Amaranthus	BOLD_GENUS_BACKBONE
MG685207.1	Amaranthus blitoides	Amaranthus blitoides	Amaranthus blitoides	Tracheophyta	Magnoliopsida	Caryophyllales	Amaranthaceae	Amaranthus	BOLD_GENUS_BACKBONE
AF210907.1	Amaranthus caudatus	Amaranthus caudatus	Amaranthus caudatus	Tracheophyta	Magnoliopsida	Caryophyllales	Amaranthaceae	Amaranthus	BOLD_GENUS_BACKBONE
KC747415.1	Amaranthus caudatus	Amaranthus caudatus	Amaranthus caudatus	Tracheophyta	Magnoliopsida	Caryophyllales	Amaranthaceae	Amaranthus	BOLD_GENUS_BACKBONE
KC747416.1	Amaranthus caudatus	Amaranthus caudatus	Amaranthus caudatus	Tracheophyta	Magnoliopsida	Caryophyllales	Amaranthaceae	Amaranthus	BOLD_GENUS_BACKBONE
KX079504.1	Amaranthus caudatus	Amaranthus caudatus	Amaranthus caudatus	Tracheophyta	Magnoliopsida	Caryophyllales	Amaranthaceae	Amaranthus	BOLD_GENUS_BACKBONE
KX079511.1	Amaranthus caudatus	Amaranthus caudatus	Amaranthus caudatus	Tracheophyta	Magnoliopsida	Caryophyllales	Amaranthaceae	Amaranthus	BOLD_GENUS_BACKBONE
KX079513.1	Amaranthus caudatus	Amaranthus caudatus	Amaranthus caudatus	Tracheophyta	Magnoliopsida	Caryophyllales	Amaranthaceae	Amaranthus	BOLD_GENUS_BACKBONE
KX079514.1	Amaranthus caudatus	Amaranthus caudatus	Amaranthus caudatus	Tracheophyta	Magnoliopsida	Caryophyllales	Amaranthaceae	Amaranthus	BOLD_GENUS_BACKBONE
KX079515.1	Amaranthus caudatus	Amaranthus caudatus	Amaranthus caudatus	Tracheophyta	Magnoliopsida	Caryophyllales	Amaranthaceae	Amaranthus	BOLD_GENUS_BACKBONE
MG685215.1	Amaranthus caudatus	Amaranthus caudatus	Amaranthus caudatus	Tracheophyta	Magnoliopsida	Caryophyllales	Amaranthaceae	Amaranthus	BOLD_GENUS_BACKBONE
MG685216.1	Amaranthus caudatus	Amaranthus caudatus	Amaranthus caudatus	Tracheophyta	Magnoliopsida	Caryophyllales	Amaranthaceae	Amaranthus	BOLD_GENUS_BACKBONE
AF210912.1	Amaranthus cruentus	Amaranthus cruentus	Amaranthus cruentus	Tracheophyta	Magnoliopsida	Caryophyllales	Amaranthaceae	Amaranthus	BOLD_GENUS_BACKBONE
KC747420.1	Amaranthus cruentus	Amaranthus cruentus	Amaranthus cruentus	Tracheophyta	Magnoliopsida	Caryophyllales	Amaranthaceae	Amaranthus	BOLD_GENUS_BACKBONE
KC747421.1	Amaranthus cruentus	Amaranthus cruentus	Amaranthus cruentus	Tracheophyta	Magnoliopsida	Caryophyllales	Amaranthaceae	Amaranthus	BOLD_GENUS_BACKBONE
KX079516.1	Amaranthus cruentus	Amaranthus cruentus	Amaranthus cruentus	Tracheophyta	Magnoliopsida	Caryophyllales	Amaranthaceae	Amaranthus	BOLD_GENUS_BACKBONE
KX079517.1	Amaranthus cruentus	Amaranthus cruentus	Amaranthus cruentus	Tracheophyta	Magnoliopsida	Caryophyllales	Amaranthaceae	Amaranthus	BOLD_GENUS_BACKBONE
KX079518.1	Amaranthus cruentus	Amaranthus cruentus	Amaranthus cruentus	Tracheophyta	Magnoliopsida	Caryophyllales	Amaranthaceae	Amaranthus	BOLD_GENUS_BACKBONE
KY968887.1	Amaranthus cruentus	Amaranthus cruentus	Amaranthus cruentus	Tracheophyta	Magnoliopsida	Caryophyllales	Amaranthaceae	Amaranthus	BOLD_GENUS_BACKBONE
MG685225.1	Amaranthus cruentus	Amaranthus cruentus	Amaranthus cruentus	Tracheophyta	Magnoliopsida	Caryophyllales	Amaranthaceae	Amaranthus	BOLD_GENUS_BACKBONE
MG685226.1	Amaranthus cruentus	Amaranthus cruentus	Amaranthus cruentus	Tracheophyta	Magnoliopsida	Caryophyllales	Amaranthaceae	Amaranthus	BOLD_GENUS_BACKBONE
KC747411.1	Amaranthus graecizans	Amaranthus graecizans subsp. aschersonianus	Amaranthus graecizans	Tracheophyta	Magnoliopsida	Caryophyllales	Amaranthaceae	Amaranthus	BOLD_GENUS_BACKBONE
KC747424.1	Amaranthus graecizans	Amaranthus graecizans subsp. silvestris	Amaranthus graecizans	Tracheophyta	Magnoliopsida	Caryophyllales	Amaranthaceae	Amaranthus	BOLD_GENUS_BACKBONE
KC747425.1	Amaranthus graecizans	Amaranthus graecizans subsp. aschersonianus	Amaranthus graecizans	Tracheophyta	Magnoliopsida	Caryophyllales	Amaranthaceae	Amaranthus	BOLD_GENUS_BACKBONE
KC747426.1	Amaranthus graecizans	Amaranthus graecizans subsp. aschersonianus	Amaranthus graecizans	Tracheophyta	Magnoliopsida	Caryophyllales	Amaranthaceae	Amaranthus	BOLD_GENUS_BACKBONE
KF493775.1	Amaranthus graecizans	Amaranthus graecizans	Amaranthus graecizans	Tracheophyta	Magnoliopsida	Caryophyllales	Amaranthaceae	Amaranthus	BOLD_GENUS_BACKBONE
KF493809.1	Amaranthus graecizans	Amaranthus graecizans	Amaranthus graecizans	Tracheophyta	Magnoliopsida	Caryophyllales	Amaranthaceae	Amaranthus	BOLD_GENUS_BACKBONE
KX079536.1	Amaranthus graecizans	Amaranthus graecizans	Amaranthus graecizans	Tracheophyta	Magnoliopsida	Caryophyllales	Amaranthaceae	Amaranthus	BOLD_GENUS_BACKBONE
KX079541.1	Amaranthus graecizans	Amaranthus graecizans	Amaranthus graecizans	Tracheophyta	Magnoliopsida	Caryophyllales	Amaranthaceae	Amaranthus	BOLD_GENUS_BACKBONE
MG685238.1	Amaranthus graecizans	Amaranthus graecizans	Amaranthus graecizans	Tracheophyta	Magnoliopsida	Caryophyllales	Amaranthaceae	Amaranthus	BOLD_GENUS_BACKBONE
MG685239.1	Amaranthus graecizans	Amaranthus graecizans	Amaranthus graecizans	Tracheophyta	Magnoliopsida	Caryophyllales	Amaranthaceae	Amaranthus	BOLD_GENUS_BACKBONE
MG685240.1	Amaranthus graecizans	Amaranthus graecizans	Amaranthus graecizans	Tracheophyta	Magnoliopsida	Caryophyllales	Amaranthaceae	Amaranthus	BOLD_GENUS_BACKBONE
MG685241.1	Amaranthus graecizans	Amaranthus graecizans	Amaranthus graecizans	Tracheophyta	Magnoliopsida	Caryophyllales	Amaranthaceae	Amaranthus	BOLD_GENUS_BACKBONE
AF210916.1	Amaranthus lividus	Amaranthus blitum subsp. oleraceus	Amaranthus blitum	Tracheophyta	Magnoliopsida	Caryophyllales	Amaranthaceae	Amaranthus	BOLD_GENUS_BACKBONE
KC747436.1	Amaranthus powellii	Amaranthus powellii subsp. powellii	Amaranthus powellii	Tracheophyta	Magnoliopsida	Caryophyllales	Amaranthaceae	Amaranthus	BOLD_GENUS_BACKBONE
KC747437.1	Amaranthus powellii	Amaranthus powellii subsp. bouchonii	Amaranthus powellii	Tracheophyta	Magnoliopsida	Caryophyllales	Amaranthaceae	Amaranthus	BOLD_GENUS_BACKBONE
KC747438.1	Amaranthus powellii	Amaranthus powellii subsp. powellii	Amaranthus powellii	Tracheophyta	Magnoliopsida	Caryophyllales	Amaranthaceae	Amaranthus	BOLD_GENUS_BACKBONE
KF493778.1	Amaranthus powellii	Amaranthus powellii	Amaranthus powellii	Tracheophyta	Magnoliopsida	Caryophyllales	Amaranthaceae	Amaranthus	BOLD_GENUS_BACKBONE
KF493812.1	Amaranthus powellii	Amaranthus powellii	Amaranthus powellii	Tracheophyta	Magnoliopsida	Caryophyllales	Amaranthaceae	Amaranthus	BOLD_GENUS_BACKBONE
KP318861.1	Amaranthus powellii	Amaranthus powellii	Amaranthus powellii	Tracheophyta	Magnoliopsida	Caryophyllales	Amaranthaceae	Amaranthus	BOLD_GENUS_BACKBONE
KX079502.1	Amaranthus powellii	Amaranthus powellii	Amaranthus powellii	Tracheophyta	Magnoliopsida	Caryophyllales	Amaranthaceae	Amaranthus	BOLD_GENUS_BACKBONE
KX079503.1	Amaranthus powellii	Amaranthus powellii	Amaranthus powellii	Tracheophyta	Magnoliopsida	Caryophyllales	Amaranthaceae	Amaranthus	BOLD_GENUS_BACKBONE
KX079530.1	Amaranthus powellii	Amaranthus powellii	Amaranthus powellii	Tracheophyta	Magnoliopsida	Caryophyllales	Amaranthaceae	Amaranthus	BOLD_GENUS_BACKBONE
MG685261.1	Amaranthus powellii	Amaranthus powellii	Amaranthus powellii	Tracheophyta	Magnoliopsida	Caryophyllales	Amaranthaceae	Amaranthus	BOLD_GENUS_BACKBONE
MG685262.1	Amaranthus powellii	Amaranthus powellii	Amaranthus powellii	Tracheophyta	Magnoliopsida	Caryophyllales	Amaranthaceae	Amaranthus	BOLD_GENUS_BACKBONE
KF718363.1	Amelanchier ovalis	Amelanchier ovalis	Amelanchier ovalis	Tracheophyta	Magnoliopsida	Rosales	Rosaceae	Amelanchier	BOLD_GENUS_BACKBONE
KF718367.1	Amelanchier ovalis	Amelanchier ovalis	Amelanchier ovalis	Tracheophyta	Magnoliopsida	Rosales	Rosaceae	Amelanchier	BOLD_GENUS_BACKBONE
KT833972.1	Amelanchier ovalis	Amelanchier ovalis	Amelanchier ovalis	Tracheophyta	Magnoliopsida	Rosales	Rosaceae	Amelanchier	BOLD_GENUS_BACKBONE
KT833973.1	Amelanchier ovalis	Amelanchier ovalis	Amelanchier ovalis	Tracheophyta	Magnoliopsida	Rosales	Rosaceae	Amelanchier	BOLD_GENUS_BACKBONE
KT833974.1	Amelanchier ovalis	Amelanchier ovalis	Amelanchier ovalis	Tracheophyta	Magnoliopsida	Rosales	Rosaceae	Amelanchier	BOLD_GENUS_BACKBONE
KT833975.1	Amelanchier ovalis	Amelanchier ovalis	Amelanchier ovalis	Tracheophyta	Magnoliopsida	Rosales	Rosaceae	Amelanchier	BOLD_GENUS_BACKBONE
MN215988.1	Amelanchier ovalis	Amelanchier ovalis	Amelanchier ovalis	Tracheophyta	Magnoliopsida	Rosales	Rosaceae	Amelanchier	BOLD_GENUS_BACKBONE
AY364879.1	Anacamptis morio	Anacamptis morio subsp. champagneuxii	Anacamptis morio	Tracheophyta	Liliopsida	Asparagales	Orchidaceae	Anacamptis	BOLD_GENUS_BACKBONE
AY364881.1	Anacamptis morio	Anacamptis morio	Anacamptis morio	Tracheophyta	Liliopsida	Asparagales	Orchidaceae	Anacamptis	BOLD_GENUS_BACKBONE
Z94086.1	Anacamptis morio	Anacamptis morio subsp. longicornu	Anacamptis morio	Tracheophyta	Liliopsida	Asparagales	Orchidaceae	Anacamptis	BOLD_GENUS_BACKBONE
Z94092.1	Anacamptis morio	Anacamptis morio	Anacamptis morio	Tracheophyta	Liliopsida	Asparagales	Orchidaceae	Anacamptis	BOLD_GENUS_BACKBONE
KU697376.1	Anacamptis palustris	Anacamptis palustris	Anacamptis palustris	Tracheophyta	Liliopsida	Asparagales	Orchidaceae	Anacamptis	BOLD_GENUS_BACKBONE
Z94094.1	Anacamptis palustris	Anacamptis palustris	Anacamptis palustris	Tracheophyta	Liliopsida	Asparagales	Orchidaceae	Anacamptis	BOLD_GENUS_BACKBONE
Z94096.1	Anacamptis papilionacea	Anacamptis papilionacea	Anacamptis papilionacea	Tracheophyta	Liliopsida	Asparagales	Orchidaceae	Anacamptis	BOLD_GENUS_BACKBONE
DQ256370.1	Anagallis foemina	Lysimachia foemina	Lysimachia foemina	Tracheophyta	Magnoliopsida	Ericales	Primulaceae	Lysimachia	BOLD_GENUS_BACKBONE
EF436998.1	Anagallis foemina	Lysimachia foemina	Lysimachia foemina	Tracheophyta	Magnoliopsida	Ericales	Primulaceae	Lysimachia	BOLD_GENUS_BACKBONE
EF436999.1	Anagallis foemina	Lysimachia foemina	Lysimachia foemina	Tracheophyta	Magnoliopsida	Ericales	Primulaceae	Lysimachia	BOLD_GENUS_BACKBONE
AF531080.1	Anchusa officinalis	Anchusa officinalis	Anchusa officinalis	Tracheophyta	Magnoliopsida	Boraginales	Boraginaceae	Anchusa	BOLD_GENUS_BACKBONE
AY275055.1	Androsace hausmannii	Androsace hausmannii	Androsace hausmannii	Tracheophyta	Magnoliopsida	Ericales	Primulaceae	Androsace	BOLD_GENUS_BACKBONE
AY275056.1	Androsace hausmannii	Androsace hausmannii	Androsace hausmannii	Tracheophyta	Magnoliopsida	Ericales	Primulaceae	Androsace	BOLD_GENUS_BACKBONE
AY275065.1	Androsace helvetica	Androsace helvetica	Androsace helvetica	Tracheophyta	Magnoliopsida	Ericales	Primulaceae	Androsace	BOLD_GENUS_BACKBONE
AY275066.1	Androsace helvetica	Androsace helvetica	Androsace helvetica	Tracheophyta	Magnoliopsida	Ericales	Primulaceae	Androsace	BOLD_GENUS_BACKBONE
AY275069.1	Androsace lactea	Androsace lactea	Androsace lactea	Tracheophyta	Magnoliopsida	Ericales	Primulaceae	Androsace	BOLD_GENUS_BACKBONE
AY275070.1	Androsace lactea	Androsace lactea	Androsace lactea	Tracheophyta	Magnoliopsida	Ericales	Primulaceae	Androsace	BOLD_GENUS_BACKBONE
AY275083.1	Androsace villosa	Androsace villosa	Androsace villosa	Tracheophyta	Magnoliopsida	Ericales	Primulaceae	Androsace	BOLD_GENUS_BACKBONE
AY275084.1	Androsace villosa	Androsace villosa	Androsace villosa	Tracheophyta	Magnoliopsida	Ericales	Primulaceae	Androsace	BOLD_GENUS_BACKBONE
OP675537.1	Anemone baldensis	Anemone baldensis	Anemone baldensis	Tracheophyta	Magnoliopsida	Ranunculales	Ranunculaceae	Anemone	BOLD_GENUS_BACKBONE
OP675538.1	Anemone baldensis	Anemone baldensis	Anemone baldensis	Tracheophyta	Magnoliopsida	Ranunculales	Ranunculaceae	Anemone	BOLD_GENUS_BACKBONE
KJ819803.1	Anemone sylvestris	Anemone sylvestris	Anemone sylvestris	Tracheophyta	Magnoliopsida	Ranunculales	Ranunculaceae	Anemone	BOLD_GENUS_BACKBONE
MK551024.1	Anemone sylvestris	Anemone sylvestris	Anemone sylvestris	Tracheophyta	Magnoliopsida	Ranunculales	Ranunculaceae	Anemone	BOLD_GENUS_BACKBONE
OP675539.1	Anemone sylvestris	Anemone sylvestris	Anemone sylvestris	Tracheophyta	Magnoliopsida	Ranunculales	Ranunculaceae	Anemone	BOLD_GENUS_BACKBONE
OP675540.1	Anemone sylvestris	Anemone sylvestris	Anemone sylvestris	Tracheophyta	Magnoliopsida	Ranunculales	Ranunculaceae	Anemone	BOLD_GENUS_BACKBONE
OP675541.1	Anemone sylvestris	Anemone sylvestris	Anemone sylvestris	Tracheophyta	Magnoliopsida	Ranunculales	Ranunculaceae	Anemone	BOLD_GENUS_BACKBONE
AY367936.1	Anisantha diandra	Bromus diandrus	Bromus diandrus	Tracheophyta	Liliopsida	Poales	Poaceae	Bromus	BOLD_GENUS_BACKBONE
EU036204.1	Anisantha diandra	Bromus diandrus	Bromus diandrus	Tracheophyta	Liliopsida	Poales	Poaceae	Bromus	BOLD_GENUS_BACKBONE
KM077297.1	Anisantha diandra	Bromus diandrus	Bromus diandrus	Tracheophyta	Liliopsida	Poales	Poaceae	Bromus	BOLD_GENUS_BACKBONE
KP987433.1	Anisantha diandra	Bromus diandrus	Bromus diandrus	Tracheophyta	Liliopsida	Poales	Poaceae	Bromus	BOLD_GENUS_BACKBONE
EU036201.1	Anisantha sterilis	Bromus sterilis	Bromus sterilis	Tracheophyta	Liliopsida	Poales	Poaceae	Bromus	BOLD_GENUS_BACKBONE
KM077296.1	Anisantha sterilis	Bromus sterilis	Bromus sterilis	Tracheophyta	Liliopsida	Poales	Poaceae	Bromus	BOLD_GENUS_BACKBONE
EU036202.1	Anisantha tectorum	Bromus tectorum	Bromus tectorum	Tracheophyta	Liliopsida	Poales	Poaceae	Bromus	BOLD_GENUS_BACKBONE
KF713206.1	Anisantha tectorum	Bromus tectorum	Bromus tectorum	Tracheophyta	Liliopsida	Poales	Poaceae	Bromus	BOLD_GENUS_BACKBONE
KF713207.1	Anisantha tectorum	Bromus tectorum	Bromus tectorum	Tracheophyta	Liliopsida	Poales	Poaceae	Bromus	BOLD_GENUS_BACKBONE
KP987441.1	Anisantha tectorum	Bromus tectorum	Bromus tectorum	Tracheophyta	Liliopsida	Poales	Poaceae	Bromus	BOLD_GENUS_BACKBONE
KP987442.1	Anisantha tectorum	Bromus tectorum	Bromus tectorum	Tracheophyta	Liliopsida	Poales	Poaceae	Bromus	BOLD_GENUS_BACKBONE
KP987443.1	Anisantha tectorum	Bromus tectorum	Bromus tectorum	Tracheophyta	Liliopsida	Poales	Poaceae	Bromus	BOLD_GENUS_BACKBONE
KP987444.1	Anisantha tectorum	Bromus tectorum	Bromus tectorum	Tracheophyta	Liliopsida	Poales	Poaceae	Bromus	BOLD_GENUS_BACKBONE
KP987445.1	Anisantha tectorum	Bromus tectorum	Bromus tectorum	Tracheophyta	Liliopsida	Poales	Poaceae	Bromus	BOLD_GENUS_BACKBONE
PX423917.1	Anisantha tectorum	Bromus tectorum	Bromus tectorum	Tracheophyta	Liliopsida	Poales	Poaceae	Bromus	BOLD_GENUS_BACKBONE
KC145459.1	Ankistrodesmus falcatus	Ankistrodesmus falcatus	Ankistrodesmus falcatus	Chlorophyta	Chlorophyceae	Sphaeropleales	Selenastraceae	Ankistrodesmus	NCBI_LINEAGE
MK160575.1	Anthoceros agrestis	Anthoceros agrestis	Anthoceros agrestis	Streptophyta	Anthocerotopsida	Anthocerotales	Anthocerotaceae	Anthoceros	NCBI_LINEAGE
MK160576.1	Anthoceros agrestis	Anthoceros agrestis	Anthoceros agrestis	Streptophyta	Anthocerotopsida	Anthocerotales	Anthocerotaceae	Anthoceros	NCBI_LINEAGE
MK160577.1	Anthoceros agrestis	Anthoceros agrestis	Anthoceros agrestis	Streptophyta	Anthocerotopsida	Anthocerotales	Anthocerotaceae	Anthoceros	NCBI_LINEAGE
MK160578.1	Anthoceros agrestis	Anthoceros agrestis	Anthoceros agrestis	Streptophyta	Anthocerotopsida	Anthocerotales	Anthocerotaceae	Anthoceros	NCBI_LINEAGE
MK160579.1	Anthoceros agrestis	Anthoceros agrestis	Anthoceros agrestis	Streptophyta	Anthocerotopsida	Anthocerotales	Anthocerotaceae	Anthoceros	NCBI_LINEAGE
MK160580.1	Anthoceros agrestis	Anthoceros agrestis	Anthoceros agrestis	Streptophyta	Anthocerotopsida	Anthocerotales	Anthocerotaceae	Anthoceros	NCBI_LINEAGE
MK160581.1	Anthoceros agrestis	Anthoceros agrestis	Anthoceros agrestis	Streptophyta	Anthocerotopsida	Anthocerotales	Anthocerotaceae	Anthoceros	NCBI_LINEAGE
MK160582.1	Anthoceros agrestis	Anthoceros agrestis	Anthoceros agrestis	Streptophyta	Anthocerotopsida	Anthocerotales	Anthocerotaceae	Anthoceros	NCBI_LINEAGE
MK160583.1	Anthoceros agrestis	Anthoceros agrestis	Anthoceros agrestis	Streptophyta	Anthocerotopsida	Anthocerotales	Anthocerotaceae	Anthoceros	NCBI_LINEAGE
MK160584.1	Anthoceros agrestis	Anthoceros agrestis	Anthoceros agrestis	Streptophyta	Anthocerotopsida	Anthocerotales	Anthocerotaceae	Anthoceros	NCBI_LINEAGE
MK160585.1	Anthoceros agrestis	Anthoceros agrestis	Anthoceros agrestis	Streptophyta	Anthocerotopsida	Anthocerotales	Anthocerotaceae	Anthoceros	NCBI_LINEAGE
MK160586.1	Anthoceros agrestis	Anthoceros agrestis	Anthoceros agrestis	Streptophyta	Anthocerotopsida	Anthocerotales	Anthocerotaceae	Anthoceros	NCBI_LINEAGE
MK160587.1	Anthoceros agrestis	Anthoceros agrestis	Anthoceros agrestis	Streptophyta	Anthocerotopsida	Anthocerotales	Anthocerotaceae	Anthoceros	NCBI_LINEAGE
MK160588.1	Anthoceros agrestis	Anthoceros agrestis	Anthoceros agrestis	Streptophyta	Anthocerotopsida	Anthocerotales	Anthocerotaceae	Anthoceros	NCBI_LINEAGE
MK160589.1	Anthoceros agrestis	Anthoceros agrestis	Anthoceros agrestis	Streptophyta	Anthocerotopsida	Anthocerotales	Anthocerotaceae	Anthoceros	NCBI_LINEAGE
MK160590.1	Anthoceros agrestis	Anthoceros agrestis	Anthoceros agrestis	Streptophyta	Anthocerotopsida	Anthocerotales	Anthocerotaceae	Anthoceros	NCBI_LINEAGE
MK160591.1	Anthoceros agrestis	Anthoceros agrestis	Anthoceros agrestis	Streptophyta	Anthocerotopsida	Anthocerotales	Anthocerotaceae	Anthoceros	NCBI_LINEAGE
MK160592.1	Anthoceros agrestis	Anthoceros agrestis	Anthoceros agrestis	Streptophyta	Anthocerotopsida	Anthocerotales	Anthocerotaceae	Anthoceros	NCBI_LINEAGE
MK160593.1	Anthoceros agrestis	Anthoceros agrestis	Anthoceros agrestis	Streptophyta	Anthocerotopsida	Anthocerotales	Anthocerotaceae	Anthoceros	NCBI_LINEAGE
MK160594.1	Anthoceros agrestis	Anthoceros agrestis	Anthoceros agrestis	Streptophyta	Anthocerotopsida	Anthocerotales	Anthocerotaceae	Anthoceros	NCBI_LINEAGE
MK160595.1	Anthoceros agrestis	Anthoceros agrestis	Anthoceros agrestis	Streptophyta	Anthocerotopsida	Anthocerotales	Anthocerotaceae	Anthoceros	NCBI_LINEAGE
MK160596.1	Anthoceros agrestis	Anthoceros agrestis	Anthoceros agrestis	Streptophyta	Anthocerotopsida	Anthocerotales	Anthocerotaceae	Anthoceros	NCBI_LINEAGE
MK301220.1	Anthoceros agrestis	Anthoceros agrestis	Anthoceros agrestis	Streptophyta	Anthocerotopsida	Anthocerotales	Anthocerotaceae	Anthoceros	NCBI_LINEAGE
MK301221.1	Anthoceros agrestis	Anthoceros agrestis	Anthoceros agrestis	Streptophyta	Anthocerotopsida	Anthocerotales	Anthocerotaceae	Anthoceros	NCBI_LINEAGE
MK301222.1	Anthoceros agrestis	Anthoceros agrestis	Anthoceros agrestis	Streptophyta	Anthocerotopsida	Anthocerotales	Anthocerotaceae	Anthoceros	NCBI_LINEAGE
MK301223.1	Anthoceros agrestis	Anthoceros agrestis	Anthoceros agrestis	Streptophyta	Anthocerotopsida	Anthocerotales	Anthocerotaceae	Anthoceros	NCBI_LINEAGE
KX025108.1	Apatococcus lobatus	Apatococcus lobatus	Apatococcus lobatus	Chlorophyta	Trebouxiophyceae	Chlorellales	Chlorellaceae	Apatococcus	NCBI_LINEAGE
KU586716.1	Aposeris foetida	Aposeris foetida	Aposeris foetida	Streptophyta	Magnoliopsida	Asterales	Asteraceae	Aposeris	NCBI_LINEAGE
EU729331.1	Aquilegia atrata	Aquilegia atrata	Aquilegia atrata	Tracheophyta	Magnoliopsida	Ranunculales	Ranunculaceae	Aquilegia	BOLD_GENUS_BACKBONE
EU747255.1	Aquilegia nigricans	Aquilegia nigricans	Aquilegia nigricans	Tracheophyta	Magnoliopsida	Ranunculales	Ranunculaceae	Aquilegia	BOLD_GENUS_BACKBONE
DQ209115.1	Arabis bellidifolia	Cardamine alpina	Cardamine alpina	Tracheophyta	Magnoliopsida	Brassicales	Brassicaceae	Cardamine	BOLD_GENUS_BACKBONE
FJ187859.1	Arabis bellidifolia	Arabis pumila	Arabis pumila	Tracheophyta	Magnoliopsida	Brassicales	Brassicaceae	Arabis	BOLD_GENUS_BACKBONE
FJ464486.1	Arabis bellidifolia	Cardamine alpina	Cardamine alpina	Tracheophyta	Magnoliopsida	Brassicales	Brassicaceae	Cardamine	BOLD_GENUS_BACKBONE
KC412276.1	Arabis bellidifolia	Arabis pumila	Arabis pumila	Tracheophyta	Magnoliopsida	Brassicales	Brassicaceae	Arabis	BOLD_GENUS_BACKBONE
KF547349.1	Arabis bellidifolia	Arabis pumila	Arabis pumila	Tracheophyta	Magnoliopsida	Brassicales	Brassicaceae	Arabis	BOLD_GENUS_BACKBONE
FJ187848.1	Arabis caerulea	Arabis caerulea	Arabis caerulea	Tracheophyta	Magnoliopsida	Brassicales	Brassicaceae	Arabis	BOLD_GENUS_BACKBONE
HM046181.1	Arabis caerulea	Arabis caerulea	Arabis caerulea	Tracheophyta	Magnoliopsida	Brassicales	Brassicaceae	Arabis	BOLD_GENUS_BACKBONE
JQ919836.1	Arabis caerulea	Arabis caerulea	Arabis caerulea	Tracheophyta	Magnoliopsida	Brassicales	Brassicaceae	Arabis	BOLD_GENUS_BACKBONE
JQ919837.1	Arabis caerulea	Arabis caerulea	Arabis caerulea	Tracheophyta	Magnoliopsida	Brassicales	Brassicaceae	Arabis	BOLD_GENUS_BACKBONE
KF547308.1	Arabis caerulea	Arabis caerulea	Arabis caerulea	Tracheophyta	Magnoliopsida	Brassicales	Brassicaceae	Arabis	BOLD_GENUS_BACKBONE
FJ187849.1	Arabis ciliata	Arabis ciliata	Arabis ciliata	Tracheophyta	Magnoliopsida	Brassicales	Brassicaceae	Arabis	BOLD_GENUS_BACKBONE
FJ187944.1	Arabis ciliata	Arabis ciliata	Arabis ciliata	Tracheophyta	Magnoliopsida	Brassicales	Brassicaceae	Arabis	BOLD_GENUS_BACKBONE
FJ187947.1	Arabis ciliata	Arabis ciliata	Arabis ciliata	Tracheophyta	Magnoliopsida	Brassicales	Brassicaceae	Arabis	BOLD_GENUS_BACKBONE
FJ187950.1	Arabis ciliata	Arabis ciliata	Arabis ciliata	Tracheophyta	Magnoliopsida	Brassicales	Brassicaceae	Arabis	BOLD_GENUS_BACKBONE
HM046182.1	Arabis ciliata	Arabis ciliata	Arabis ciliata	Tracheophyta	Magnoliopsida	Brassicales	Brassicaceae	Arabis	BOLD_GENUS_BACKBONE
KF547248.1	Arabis ciliata	Arabis ciliata	Arabis ciliata	Tracheophyta	Magnoliopsida	Brassicales	Brassicaceae	Arabis	BOLD_GENUS_BACKBONE
KF547299.1	Arabis ciliata	Arabis ciliata	Arabis ciliata	Tracheophyta	Magnoliopsida	Brassicales	Brassicaceae	Arabis	BOLD_GENUS_BACKBONE
KF547310.1	Arabis ciliata	Arabis ciliata	Arabis ciliata	Tracheophyta	Magnoliopsida	Brassicales	Brassicaceae	Arabis	BOLD_GENUS_BACKBONE
KF547311.1	Arabis ciliata	Arabis ciliata	Arabis ciliata	Tracheophyta	Magnoliopsida	Brassicales	Brassicaceae	Arabis	BOLD_GENUS_BACKBONE
KF547312.1	Arabis ciliata	Arabis ciliata	Arabis ciliata	Tracheophyta	Magnoliopsida	Brassicales	Brassicaceae	Arabis	BOLD_GENUS_BACKBONE
KF547135.1	Arabis glabra	Turritis glabra	Turritis glabra	Streptophyta	Magnoliopsida	Brassicales	Brassicaceae	Turritis	NCBI_LINEAGE
KF547237.1	Arabis glabra	Turritis glabra	Turritis glabra	Streptophyta	Magnoliopsida	Brassicales	Brassicaceae	Turritis	NCBI_LINEAGE
FJ187857.1	Arabis nemorensis	Arabis nemorensis	Arabis nemorensis	Tracheophyta	Magnoliopsida	Brassicales	Brassicaceae	Arabis	BOLD_GENUS_BACKBONE
KC412274.1	Arabis nemorensis	Arabis nemorensis	Arabis nemorensis	Tracheophyta	Magnoliopsida	Brassicales	Brassicaceae	Arabis	BOLD_GENUS_BACKBONE
KF547283.1	Arabis nemorensis	Arabis nemorensis	Arabis nemorensis	Tracheophyta	Magnoliopsida	Brassicales	Brassicaceae	Arabis	BOLD_GENUS_BACKBONE
KF547285.1	Arabis nemorensis	Arabis nemorensis	Arabis nemorensis	Tracheophyta	Magnoliopsida	Brassicales	Brassicaceae	Arabis	BOLD_GENUS_BACKBONE
KF547287.1	Arabis nemorensis	Arabis nemorensis	Arabis nemorensis	Tracheophyta	Magnoliopsida	Brassicales	Brassicaceae	Arabis	BOLD_GENUS_BACKBONE
KF547332.1	Arabis nemorensis	Arabis nemorensis	Arabis nemorensis	Tracheophyta	Magnoliopsida	Brassicales	Brassicaceae	Arabis	BOLD_GENUS_BACKBONE
KF547333.1	Arabis nemorensis	Arabis nemorensis	Arabis nemorensis	Tracheophyta	Magnoliopsida	Brassicales	Brassicaceae	Arabis	BOLD_GENUS_BACKBONE
KF547336.1	Arabis nemorensis	Arabis nemorensis	Arabis nemorensis	Tracheophyta	Magnoliopsida	Brassicales	Brassicaceae	Arabis	BOLD_GENUS_BACKBONE
FJ187869.1	Arabis sagittata	Arabis sagittata	Arabis sagittata	Tracheophyta	Magnoliopsida	Brassicales	Brassicaceae	Arabis	BOLD_GENUS_BACKBONE
FJ187870.1	Arabis sagittata	Arabis sagittata	Arabis sagittata	Tracheophyta	Magnoliopsida	Brassicales	Brassicaceae	Arabis	BOLD_GENUS_BACKBONE
FJ187871.1	Arabis sagittata	Arabis sagittata	Arabis sagittata	Tracheophyta	Magnoliopsida	Brassicales	Brassicaceae	Arabis	BOLD_GENUS_BACKBONE
FJ187879.1	Arabis sagittata	Arabis sagittata	Arabis sagittata	Tracheophyta	Magnoliopsida	Brassicales	Brassicaceae	Arabis	BOLD_GENUS_BACKBONE
FJ187885.1	Arabis sagittata	Arabis sagittata	Arabis sagittata	Tracheophyta	Magnoliopsida	Brassicales	Brassicaceae	Arabis	BOLD_GENUS_BACKBONE
HM046189.1	Arabis sagittata	Arabis sagittata	Arabis sagittata	Tracheophyta	Magnoliopsida	Brassicales	Brassicaceae	Arabis	BOLD_GENUS_BACKBONE
HM046190.1	Arabis sagittata	Arabis sagittata	Arabis sagittata	Tracheophyta	Magnoliopsida	Brassicales	Brassicaceae	Arabis	BOLD_GENUS_BACKBONE
KC412277.1	Arabis sagittata	Arabis sagittata	Arabis sagittata	Tracheophyta	Magnoliopsida	Brassicales	Brassicaceae	Arabis	BOLD_GENUS_BACKBONE
KF547191.1	Arabis sagittata	Arabis sagittata	Arabis sagittata	Tracheophyta	Magnoliopsida	Brassicales	Brassicaceae	Arabis	BOLD_GENUS_BACKBONE
KF547270.1	Arabis sagittata	Arabis sagittata	Arabis sagittata	Tracheophyta	Magnoliopsida	Brassicales	Brassicaceae	Arabis	BOLD_GENUS_BACKBONE
KF547275.1	Arabis sagittata	Arabis sagittata	Arabis sagittata	Tracheophyta	Magnoliopsida	Brassicales	Brassicaceae	Arabis	BOLD_GENUS_BACKBONE
KF547288.1	Arabis sagittata	Arabis sagittata	Arabis sagittata	Tracheophyta	Magnoliopsida	Brassicales	Brassicaceae	Arabis	BOLD_GENUS_BACKBONE
KF547289.1	Arabis sagittata	Arabis sagittata	Arabis sagittata	Tracheophyta	Magnoliopsida	Brassicales	Brassicaceae	Arabis	BOLD_GENUS_BACKBONE
KF547291.1	Arabis sagittata	Arabis sagittata	Arabis sagittata	Tracheophyta	Magnoliopsida	Brassicales	Brassicaceae	Arabis	BOLD_GENUS_BACKBONE
KF547292.1	Arabis sagittata	Arabis sagittata	Arabis sagittata	Tracheophyta	Magnoliopsida	Brassicales	Brassicaceae	Arabis	BOLD_GENUS_BACKBONE
KF547293.1	Arabis sagittata	Arabis sagittata	Arabis sagittata	Tracheophyta	Magnoliopsida	Brassicales	Brassicaceae	Arabis	BOLD_GENUS_BACKBONE
KF547294.1	Arabis sagittata	Arabis sagittata	Arabis sagittata	Tracheophyta	Magnoliopsida	Brassicales	Brassicaceae	Arabis	BOLD_GENUS_BACKBONE
KF547295.1	Arabis sagittata	Arabis sagittata	Arabis sagittata	Tracheophyta	Magnoliopsida	Brassicales	Brassicaceae	Arabis	BOLD_GENUS_BACKBONE
KF547296.1	Arabis sagittata	Arabis sagittata	Arabis sagittata	Tracheophyta	Magnoliopsida	Brassicales	Brassicaceae	Arabis	BOLD_GENUS_BACKBONE
KF547340.1	Arabis sagittata	Arabis sagittata	Arabis sagittata	Tracheophyta	Magnoliopsida	Brassicales	Brassicaceae	Arabis	BOLD_GENUS_BACKBONE
KF547341.1	Arabis sagittata	Arabis sagittata	Arabis sagittata	Tracheophyta	Magnoliopsida	Brassicales	Brassicaceae	Arabis	BOLD_GENUS_BACKBONE
KF547342.1	Arabis sagittata	Arabis sagittata	Arabis sagittata	Tracheophyta	Magnoliopsida	Brassicales	Brassicaceae	Arabis	BOLD_GENUS_BACKBONE
KF547343.1	Arabis sagittata	Arabis sagittata	Arabis sagittata	Tracheophyta	Magnoliopsida	Brassicales	Brassicaceae	Arabis	BOLD_GENUS_BACKBONE
KF547379.1	Arabis sagittata	Arabis sagittata	Arabis sagittata	Tracheophyta	Magnoliopsida	Brassicales	Brassicaceae	Arabis	BOLD_GENUS_BACKBONE
KF547380.1	Arabis sagittata	Arabis sagittata	Arabis sagittata	Tracheophyta	Magnoliopsida	Brassicales	Brassicaceae	Arabis	BOLD_GENUS_BACKBONE
KF547385.1	Arabis sagittata	Arabis sagittata	Arabis sagittata	Tracheophyta	Magnoliopsida	Brassicales	Brassicaceae	Arabis	BOLD_GENUS_BACKBONE
KF547387.1	Arabis sagittata	Arabis sagittata	Arabis sagittata	Tracheophyta	Magnoliopsida	Brassicales	Brassicaceae	Arabis	BOLD_GENUS_BACKBONE
FJ187873.1	Arabis scopoliana	Arabis scopoliana	Arabis scopoliana	Tracheophyta	Magnoliopsida	Brassicales	Brassicaceae	Arabis	BOLD_GENUS_BACKBONE
FJ187886.1	Arabis scopoliana	Arabis scopoliana	Arabis scopoliana	Tracheophyta	Magnoliopsida	Brassicales	Brassicaceae	Arabis	BOLD_GENUS_BACKBONE
KC412278.1	Arabis scopoliana	Arabis scopoliana	Arabis scopoliana	Tracheophyta	Magnoliopsida	Brassicales	Brassicaceae	Arabis	BOLD_GENUS_BACKBONE
KF547297.1	Arabis scopoliana	Arabis scopoliana	Arabis scopoliana	Tracheophyta	Magnoliopsida	Brassicales	Brassicaceae	Arabis	BOLD_GENUS_BACKBONE
KC412280.1	Arabis soyeri	Arabis soyeri	Arabis soyeri	Tracheophyta	Magnoliopsida	Brassicales	Brassicaceae	Arabis	BOLD_GENUS_BACKBONE
KF547344.1	Arabis soyeri	Arabis soyeri	Arabis soyeri	Tracheophyta	Magnoliopsida	Brassicales	Brassicaceae	Arabis	BOLD_GENUS_BACKBONE
KF547345.1	Arabis soyeri	Arabis soyeri	Arabis soyeri	Tracheophyta	Magnoliopsida	Brassicales	Brassicaceae	Arabis	BOLD_GENUS_BACKBONE
KF547346.1	Arabis soyeri	Arabis soyeri	Arabis soyeri	Tracheophyta	Magnoliopsida	Brassicales	Brassicaceae	Arabis	BOLD_GENUS_BACKBONE
KF547347.1	Arabis soyeri	Arabis soyeri	Arabis soyeri	Tracheophyta	Magnoliopsida	Brassicales	Brassicaceae	Arabis	BOLD_GENUS_BACKBONE
KF547348.1	Arabis soyeri	Arabis soyeri	Arabis soyeri	Tracheophyta	Magnoliopsida	Brassicales	Brassicaceae	Arabis	BOLD_GENUS_BACKBONE
FJ187887.1	Arabis vochinensis	Arabis vochinensis	Arabis vochinensis	Tracheophyta	Magnoliopsida	Brassicales	Brassicaceae	Arabis	BOLD_GENUS_BACKBONE
KC412313.1	Arabis vochinensis	Arabis vochinensis	Arabis vochinensis	Tracheophyta	Magnoliopsida	Brassicales	Brassicaceae	Arabis	BOLD_GENUS_BACKBONE
KF547305.1	Arabis vochinensis	Arabis vochinensis	Arabis vochinensis	Tracheophyta	Magnoliopsida	Brassicales	Brassicaceae	Arabis	BOLD_GENUS_BACKBONE
AF091961.1	Arctostaphylos alpinus	Arctous alpina	Arctous alpina	Streptophyta	Magnoliopsida	Ericales	Ericaceae	Arctous	NCBI_LINEAGE
JN998944.1	Arctostaphylos alpinus	Arctous alpina	Arctous alpina	Streptophyta	Magnoliopsida	Ericales	Ericaceae	Arctous	NCBI_LINEAGE
JN998945.1	Arctostaphylos alpinus	Arctous alpina	Arctous alpina	Streptophyta	Magnoliopsida	Ericales	Ericaceae	Arctous	NCBI_LINEAGE
KT960068.1	Arctostaphylos alpinus	Arctous alpina	Arctous alpina	Streptophyta	Magnoliopsida	Ericales	Ericaceae	Arctous	NCBI_LINEAGE
KT960190.1	Arctostaphylos alpinus	Arctous alpina	Arctous alpina	Streptophyta	Magnoliopsida	Ericales	Ericaceae	Arctous	NCBI_LINEAGE
KT960224.1	Arctostaphylos alpinus	Arctous alpina	Arctous alpina	Streptophyta	Magnoliopsida	Ericales	Ericaceae	Arctous	NCBI_LINEAGE
Z72275.1	Argyrolobium zanonii	Argyrolobium zanonii	Argyrolobium zanonii	Streptophyta	Magnoliopsida	Fabales	Fabaceae	Argyrolobium	NCBI_LINEAGE
AY179755.1	Armeria alpina	Armeria alpina	Armeria alpina	Streptophyta	Magnoliopsida	Caryophyllales	Plumbaginaceae	Armeria	NCBI_LINEAGE
FJ643009.1	Artemisia atrata	Artemisia atrata	Artemisia atrata	Tracheophyta	Magnoliopsida	Asterales	Asteraceae	Artemisia	BOLD_GENUS_BACKBONE
AF079960.1	Artemisia caerulescens	Artemisia caerulescens	Artemisia caerulescens	Tracheophyta	Magnoliopsida	Asterales	Asteraceae	Artemisia	BOLD_GENUS_BACKBONE
AY180185.1	Artemisia caerulescens	Artemisia caerulescens subsp. cretacea	Artemisia caerulescens	Tracheophyta	Magnoliopsida	Asterales	Asteraceae	Artemisia	BOLD_GENUS_BACKBONE
AY180186.1	Artemisia genipi	Artemisia genipi	Artemisia genipi	Tracheophyta	Magnoliopsida	Asterales	Asteraceae	Artemisia	BOLD_GENUS_BACKBONE
AY180187.1	Artemisia genipi	Artemisia genipi	Artemisia genipi	Tracheophyta	Magnoliopsida	Asterales	Asteraceae	Artemisia	BOLD_GENUS_BACKBONE
AF079939.1	Artemisia verlotiorum	Artemisia verlotiorum	Artemisia verlotiorum	Tracheophyta	Magnoliopsida	Asterales	Asteraceae	Artemisia	BOLD_GENUS_BACKBONE
MG905975.1	Asperula arvensis	Asperula arvensis	Asperula arvensis	Streptophyta	Magnoliopsida	Gentianales	Rubiaceae	Asperula	NCBI_LINEAGE
JX475146.1	Asplenium adiantum-nigrum	Asplenium adiantum-nigrum	Asplenium adiantum-nigrum	Tracheophyta	Polypodiopsida	Polypodiales	Aspleniaceae	Asplenium	BOLD_GENUS_BACKBONE
AF494011.1	Aster bellidiastrum	Aster bellidiastrum	Aster bellidiastrum	Tracheophyta	Magnoliopsida	Asterales	Asteraceae	Aster	BOLD_GENUS_BACKBONE
KP175251.1	Aster laevis	Symphyotrichum laeve	Symphyotrichum laeve	Tracheophyta	Magnoliopsida	Asterales	Asteraceae	Symphyotrichum	BOLD_GENUS_BACKBONE
AF046949.1	Aster linosyris	Galatella linosyris	Galatella linosyris	Streptophyta	Magnoliopsida	Asterales	Asteraceae	Galatella	NCBI_LINEAGE
DQ478987.1	Aster linosyris	Galatella linosyris	Galatella linosyris	Streptophyta	Magnoliopsida	Asterales	Asteraceae	Galatella	NCBI_LINEAGE
JN315932.1	Aster linosyris	Galatella linosyris	Galatella linosyris	Streptophyta	Magnoliopsida	Asterales	Asteraceae	Galatella	NCBI_LINEAGE
EU200229.1	Aster novae-angliae	Symphyotrichum novae-angliae	Symphyotrichum novae-angliae	Tracheophyta	Magnoliopsida	Asterales	Asteraceae	Symphyotrichum	BOLD_GENUS_BACKBONE
GU818492.1	Aster novae-angliae	Symphyotrichum novae-angliae	Symphyotrichum novae-angliae	Tracheophyta	Magnoliopsida	Asterales	Asteraceae	Symphyotrichum	BOLD_GENUS_BACKBONE
JQ360398.1	Aster novae-angliae	Symphyotrichum novae-angliae	Symphyotrichum novae-angliae	Tracheophyta	Magnoliopsida	Asterales	Asteraceae	Symphyotrichum	BOLD_GENUS_BACKBONE
KT695177.1	Aster novae-angliae	Symphyotrichum novae-angliae	Symphyotrichum novae-angliae	Tracheophyta	Magnoliopsida	Asterales	Asteraceae	Symphyotrichum	BOLD_GENUS_BACKBONE
KT695229.1	Aster novae-angliae	Symphyotrichum novae-angliae	Symphyotrichum novae-angliae	Tracheophyta	Magnoliopsida	Asterales	Asteraceae	Symphyotrichum	BOLD_GENUS_BACKBONE
KT695239.1	Aster novae-angliae	Symphyotrichum novae-angliae	Symphyotrichum novae-angliae	Tracheophyta	Magnoliopsida	Asterales	Asteraceae	Symphyotrichum	BOLD_GENUS_BACKBONE
KT695251.1	Aster novae-angliae	Symphyotrichum novae-angliae	Symphyotrichum novae-angliae	Tracheophyta	Magnoliopsida	Asterales	Asteraceae	Symphyotrichum	BOLD_GENUS_BACKBONE
KT695254.1	Aster novae-angliae	Symphyotrichum novae-angliae	Symphyotrichum novae-angliae	Tracheophyta	Magnoliopsida	Asterales	Asteraceae	Symphyotrichum	BOLD_GENUS_BACKBONE
KT695285.1	Aster novae-angliae	Symphyotrichum novae-angliae	Symphyotrichum novae-angliae	Tracheophyta	Magnoliopsida	Asterales	Asteraceae	Symphyotrichum	BOLD_GENUS_BACKBONE
MF348966.1	Aster novae-angliae	Symphyotrichum novae-angliae	Symphyotrichum novae-angliae	Tracheophyta	Magnoliopsida	Asterales	Asteraceae	Symphyotrichum	BOLD_GENUS_BACKBONE
KY968846.1	Aster parviflorus	Symphyotrichum parviflorum	Symphyotrichum parviflorum	Tracheophyta	Magnoliopsida	Asterales	Asteraceae	Symphyotrichum	BOLD_GENUS_BACKBONE
HQ154043.1	Aster tripolium	Tripolium pannonicum subsp. tripolium	Tripolium pannonicum	Streptophyta	Magnoliopsida	Asterales	Asteraceae	Tripolium	NCBI_LINEAGE
KC565846.1	Astragalus carniolicus	Astragalus vesicarius subsp. carniolicus	Astragalus vesicarius	Tracheophyta	Magnoliopsida	Fabales	Fabaceae	Astragalus	BOLD_GENUS_BACKBONE
KY973971.1	Astragalus onobrychis	Astragalus onobrychis	Astragalus onobrychis	Tracheophyta	Magnoliopsida	Fabales	Fabaceae	Astragalus	BOLD_GENUS_BACKBONE
KY973972.1	Astragalus onobrychis	Astragalus onobrychis	Astragalus onobrychis	Tracheophyta	Magnoliopsida	Fabales	Fabaceae	Astragalus	BOLD_GENUS_BACKBONE
OQ106947.1	Astragalus onobrychis	Astragalus onobrychis	Astragalus onobrychis	Tracheophyta	Magnoliopsida	Fabales	Fabaceae	Astragalus	BOLD_GENUS_BACKBONE
OQ106948.1	Astragalus onobrychis	Astragalus onobrychis	Astragalus onobrychis	Tracheophyta	Magnoliopsida	Fabales	Fabaceae	Astragalus	BOLD_GENUS_BACKBONE
OQ106949.1	Astragalus onobrychis	Astragalus onobrychis	Astragalus onobrychis	Tracheophyta	Magnoliopsida	Fabales	Fabaceae	Astragalus	BOLD_GENUS_BACKBONE
AM777858.1	Astragalus penduliflorus	Astragalus penduliflorus	Astragalus penduliflorus	Tracheophyta	Magnoliopsida	Fabales	Fabaceae	Astragalus	BOLD_GENUS_BACKBONE
KT347716.1	Athamanta cretensis	Athamanta cretensis	Athamanta cretensis	Streptophyta	Magnoliopsida	Apiales	Apiaceae	Athamanta	NCBI_LINEAGE
DQ426649.1	Atriplex portulacoides	Atriplex portulacoides	Atriplex portulacoides	Tracheophyta	Magnoliopsida	Caryophyllales	Amaranthaceae	Atriplex	BOLD_GENUS_BACKBONE
AB019948.1	Atropa bella-donna	Atropa belladonna	Atropa belladonna	Streptophyta	Magnoliopsida	Solanales	Solanaceae	Atropa	NCBI_LINEAGE
AY028147.1	Atropa bella-donna	Atropa belladonna	Atropa belladonna	Streptophyta	Magnoliopsida	Solanales	Solanaceae	Atropa	NCBI_LINEAGE
KX674979.1	Atropa bella-donna	Atropa belladonna	Atropa belladonna	Streptophyta	Magnoliopsida	Solanales	Solanaceae	Atropa	NCBI_LINEAGE
KX674980.1	Atropa bella-donna	Atropa belladonna	Atropa belladonna	Streptophyta	Magnoliopsida	Solanales	Solanaceae	Atropa	NCBI_LINEAGE
KX674981.1	Atropa bella-donna	Atropa belladonna	Atropa belladonna	Streptophyta	Magnoliopsida	Solanales	Solanaceae	Atropa	NCBI_LINEAGE
MF096061.1	Atropa bella-donna	Atropa belladonna	Atropa belladonna	Streptophyta	Magnoliopsida	Solanales	Solanaceae	Atropa	NCBI_LINEAGE
MF096062.1	Atropa bella-donna	Atropa belladonna	Atropa belladonna	Streptophyta	Magnoliopsida	Solanales	Solanaceae	Atropa	NCBI_LINEAGE
MF096063.1	Atropa bella-donna	Atropa belladonna	Atropa belladonna	Streptophyta	Magnoliopsida	Solanales	Solanaceae	Atropa	NCBI_LINEAGE
MF096064.1	Atropa bella-donna	Atropa belladonna	Atropa belladonna	Streptophyta	Magnoliopsida	Solanales	Solanaceae	Atropa	NCBI_LINEAGE
MF096065.1	Atropa bella-donna	Atropa belladonna	Atropa belladonna	Streptophyta	Magnoliopsida	Solanales	Solanaceae	Atropa	NCBI_LINEAGE
MF096066.1	Atropa bella-donna	Atropa belladonna	Atropa belladonna	Streptophyta	Magnoliopsida	Solanales	Solanaceae	Atropa	NCBI_LINEAGE
MF348980.1	Atropa bella-donna	Atropa belladonna	Atropa belladonna	Streptophyta	Magnoliopsida	Solanales	Solanaceae	Atropa	NCBI_LINEAGE
EU038288.1	Auxenochlorella pyrenoidosa	Auxenochlorella pyrenoidosa	Auxenochlorella pyrenoidosa	Chlorophyta	Trebouxiophyceae	Chlorellales	Chlorellaceae	Auxenochlorella	NCBI_LINEAGE
EU038289.1	Auxenochlorella pyrenoidosa	Auxenochlorella pyrenoidosa	Auxenochlorella pyrenoidosa	Chlorophyta	Trebouxiophyceae	Chlorellales	Chlorellaceae	Auxenochlorella	NCBI_LINEAGE
EU038290.1	Auxenochlorella pyrenoidosa	Auxenochlorella pyrenoidosa	Auxenochlorella pyrenoidosa	Chlorophyta	Trebouxiophyceae	Chlorellales	Chlorellaceae	Auxenochlorella	NCBI_LINEAGE
KC416206.1	Auxenochlorella pyrenoidosa	Auxenochlorella pyrenoidosa	Auxenochlorella pyrenoidosa	Chlorophyta	Trebouxiophyceae	Chlorellales	Chlorellaceae	Auxenochlorella	NCBI_LINEAGE
AJ628270.1	Barbarea intermedia	Barbarea intermedia	Barbarea intermedia	Tracheophyta	Magnoliopsida	Brassicales	Brassicaceae	Barbarea	BOLD_GENUS_BACKBONE
AF493998.1	Bellis sylvestris	Bellis sylvestris	Bellis sylvestris	Tracheophyta	Magnoliopsida	Asterales	Asteraceae	Bellis	BOLD_GENUS_BACKBONE
AF494008.1	Bellis sylvestris	Bellis sylvestris	Bellis sylvestris	Tracheophyta	Magnoliopsida	Asterales	Asteraceae	Bellis	BOLD_GENUS_BACKBONE
AF494009.1	Bellis sylvestris	Bellis sylvestris	Bellis sylvestris	Tracheophyta	Magnoliopsida	Asterales	Asteraceae	Bellis	BOLD_GENUS_BACKBONE
MK545701.1	Bidens connata	Bidens connata	Bidens connata	Tracheophyta	Magnoliopsida	Asterales	Asteraceae	Bidens	BOLD_GENUS_BACKBONE
MK545774.1	Bidens subalternans	Bidens subalternans	Bidens subalternans	Tracheophyta	Magnoliopsida	Asterales	Asteraceae	Bidens	BOLD_GENUS_BACKBONE
MK545775.1	Bidens subalternans	Bidens subalternans	Bidens subalternans	Tracheophyta	Magnoliopsida	Asterales	Asteraceae	Bidens	BOLD_GENUS_BACKBONE
AJ628324.1	Biscutella laevigata	Biscutella laevigata	Biscutella laevigata	Streptophyta	Magnoliopsida	Brassicales	Brassicaceae	Biscutella	NCBI_LINEAGE
KF022694.1	Biscutella laevigata	Biscutella laevigata	Biscutella laevigata	Streptophyta	Magnoliopsida	Brassicales	Brassicaceae	Biscutella	NCBI_LINEAGE
AF163102.1	Blidingia minima	Blidingia minima	Blidingia minima	Chlorophyta	Ulvophyceae	Ulvales	Ulvaceae	Blidingia	NCBI_LINEAGE
AF163103.1	Blidingia minima	Blidingia minima	Blidingia minima	Chlorophyta	Ulvophyceae	Ulvales	Ulvaceae	Blidingia	NCBI_LINEAGE
AF163104.1	Blidingia minima	Blidingia minima	Blidingia minima	Chlorophyta	Ulvophyceae	Ulvales	Ulvaceae	Blidingia	NCBI_LINEAGE
AF163105.1	Blidingia minima	Blidingia minima	Blidingia minima	Chlorophyta	Ulvophyceae	Ulvales	Ulvaceae	Blidingia	NCBI_LINEAGE
AF163106.1	Blidingia minima	Blidingia minima	Blidingia minima	Chlorophyta	Ulvophyceae	Ulvales	Ulvaceae	Blidingia	NCBI_LINEAGE
AF163107.1	Blidingia minima	Blidingia minima	Blidingia minima	Chlorophyta	Ulvophyceae	Ulvales	Ulvaceae	Blidingia	NCBI_LINEAGE
AF163108.1	Blidingia minima	Blidingia minima	Blidingia minima	Chlorophyta	Ulvophyceae	Ulvales	Ulvaceae	Blidingia	NCBI_LINEAGE
AF163109.1	Blidingia minima	Blidingia minima	Blidingia minima	Chlorophyta	Ulvophyceae	Ulvales	Ulvaceae	Blidingia	NCBI_LINEAGE
AF163110.1	Blidingia minima	Blidingia minima	Blidingia minima	Chlorophyta	Ulvophyceae	Ulvales	Ulvaceae	Blidingia	NCBI_LINEAGE
EF595512.1	Blidingia minima	Blidingia minima	Blidingia minima	Chlorophyta	Ulvophyceae	Ulvales	Ulvaceae	Blidingia	NCBI_LINEAGE
LC650015.1	Blidingia minima	Blidingia minima	Blidingia minima	Chlorophyta	Ulvophyceae	Ulvales	Ulvaceae	Blidingia	NCBI_LINEAGE
MF669185.1	Blysmus compressus	Blysmus compressus	Blysmus compressus	Streptophyta	Magnoliopsida	Poales	Cyperaceae	Blysmus	NCBI_LINEAGE
GQ130341.1	Bolboschoenus planiculmis	Bolboschoenus planiculmis	Bolboschoenus planiculmis	Tracheophyta	Liliopsida	Poales	Cyperaceae	Bolboschoenus	BOLD_GENUS_BACKBONE
KY082793.1	Botrychium virginianum	Botrypus virginianus	Botrypus virginianus	Streptophyta	Polypodiopsida	Ophioglossales	Ophioglossaceae	Botrypus	NCBI_LINEAGE
GU951518.1	Botryococcus braunii	Botryococcus braunii	Botryococcus braunii	Chlorophyta	Trebouxiophyceae			Botryococcus	NCBI_LINEAGE
GU951519.1	Botryococcus braunii	Botryococcus braunii	Botryococcus braunii	Chlorophyta	Trebouxiophyceae			Botryococcus	NCBI_LINEAGE
GU951520.1	Botryococcus braunii	Botryococcus braunii	Botryococcus braunii	Chlorophyta	Trebouxiophyceae			Botryococcus	NCBI_LINEAGE
JF261250.2	Botryococcus braunii	Botryococcus braunii	Botryococcus braunii	Chlorophyta	Trebouxiophyceae			Botryococcus	NCBI_LINEAGE
JF261253.2	Botryococcus braunii	Botryococcus braunii	Botryococcus braunii	Chlorophyta	Trebouxiophyceae			Botryococcus	NCBI_LINEAGE
JF261257.2	Botryococcus braunii	Botryococcus braunii	Botryococcus braunii	Chlorophyta	Trebouxiophyceae			Botryococcus	NCBI_LINEAGE
JF261259.2	Botryococcus braunii	Botryococcus braunii	Botryococcus braunii	Chlorophyta	Trebouxiophyceae			Botryococcus	NCBI_LINEAGE
JF261260.2	Botryococcus braunii	Botryococcus braunii	Botryococcus braunii	Chlorophyta	Trebouxiophyceae			Botryococcus	NCBI_LINEAGE
JF261261.2	Botryococcus braunii	Botryococcus braunii	Botryococcus braunii	Chlorophyta	Trebouxiophyceae			Botryococcus	NCBI_LINEAGE
JF261262.2	Botryococcus braunii	Botryococcus braunii	Botryococcus braunii	Chlorophyta	Trebouxiophyceae			Botryococcus	NCBI_LINEAGE
JF261263.2	Botryococcus braunii	Botryococcus braunii	Botryococcus braunii	Chlorophyta	Trebouxiophyceae			Botryococcus	NCBI_LINEAGE
JF261264.2	Botryococcus braunii	Botryococcus braunii	Botryococcus braunii	Chlorophyta	Trebouxiophyceae			Botryococcus	NCBI_LINEAGE
JF261265.2	Botryococcus braunii	Botryococcus braunii	Botryococcus braunii	Chlorophyta	Trebouxiophyceae			Botryococcus	NCBI_LINEAGE
JF261266.2	Botryococcus braunii	Botryococcus braunii	Botryococcus braunii	Chlorophyta	Trebouxiophyceae			Botryococcus	NCBI_LINEAGE
JF261267.2	Botryococcus braunii	Botryococcus braunii	Botryococcus braunii	Chlorophyta	Trebouxiophyceae			Botryococcus	NCBI_LINEAGE
JF261268.2	Botryococcus braunii	Botryococcus braunii	Botryococcus braunii	Chlorophyta	Trebouxiophyceae			Botryococcus	NCBI_LINEAGE
JF261269.2	Botryococcus braunii	Botryococcus braunii	Botryococcus braunii	Chlorophyta	Trebouxiophyceae			Botryococcus	NCBI_LINEAGE
JF261271.2	Botryococcus braunii	Botryococcus braunii	Botryococcus braunii	Chlorophyta	Trebouxiophyceae			Botryococcus	NCBI_LINEAGE
JF261273.2	Botryococcus braunii	Botryococcus braunii	Botryococcus braunii	Chlorophyta	Trebouxiophyceae			Botryococcus	NCBI_LINEAGE
JF261274.2	Botryococcus braunii	Botryococcus braunii	Botryococcus braunii	Chlorophyta	Trebouxiophyceae			Botryococcus	NCBI_LINEAGE
JF261275.2	Botryococcus braunii	Botryococcus braunii	Botryococcus braunii	Chlorophyta	Trebouxiophyceae			Botryococcus	NCBI_LINEAGE
KC438296.1	Botryococcus braunii	Botryococcus braunii	Botryococcus braunii	Chlorophyta	Trebouxiophyceae			Botryococcus	NCBI_LINEAGE
KC438297.1	Botryococcus braunii	Botryococcus braunii	Botryococcus braunii	Chlorophyta	Trebouxiophyceae			Botryococcus	NCBI_LINEAGE
KC438298.1	Botryococcus braunii	Botryococcus braunii	Botryococcus braunii	Chlorophyta	Trebouxiophyceae			Botryococcus	NCBI_LINEAGE
KC438299.1	Botryococcus braunii	Botryococcus braunii	Botryococcus braunii	Chlorophyta	Trebouxiophyceae			Botryococcus	NCBI_LINEAGE
AF019806.1	Brachypodium rupestre	Brachypodium rupestre	Brachypodium rupestre	Tracheophyta	Liliopsida	Poales	Poaceae	Brachypodium	BOLD_GENUS_BACKBONE
KP709673.1	Brachypodium rupestre	Brachypodium rupestre	Brachypodium rupestre	Tracheophyta	Liliopsida	Poales	Poaceae	Brachypodium	BOLD_GENUS_BACKBONE
KP709674.1	Brachypodium rupestre	Brachypodium rupestre	Brachypodium rupestre	Tracheophyta	Liliopsida	Poales	Poaceae	Brachypodium	BOLD_GENUS_BACKBONE
KP709675.1	Brachypodium rupestre	Brachypodium rupestre	Brachypodium rupestre	Tracheophyta	Liliopsida	Poales	Poaceae	Brachypodium	BOLD_GENUS_BACKBONE
KP709676.1	Brachypodium rupestre	Brachypodium rupestre	Brachypodium rupestre	Tracheophyta	Liliopsida	Poales	Poaceae	Brachypodium	BOLD_GENUS_BACKBONE
KP709677.1	Brachypodium rupestre	Brachypodium rupestre	Brachypodium rupestre	Tracheophyta	Liliopsida	Poales	Poaceae	Brachypodium	BOLD_GENUS_BACKBONE
KP709678.1	Brachypodium rupestre	Brachypodium rupestre	Brachypodium rupestre	Tracheophyta	Liliopsida	Poales	Poaceae	Brachypodium	BOLD_GENUS_BACKBONE
KP709679.1	Brachypodium rupestre	Brachypodium rupestre	Brachypodium rupestre	Tracheophyta	Liliopsida	Poales	Poaceae	Brachypodium	BOLD_GENUS_BACKBONE
KP709680.1	Brachypodium rupestre	Brachypodium rupestre	Brachypodium rupestre	Tracheophyta	Liliopsida	Poales	Poaceae	Brachypodium	BOLD_GENUS_BACKBONE
KP709681.1	Brachypodium rupestre	Brachypodium rupestre	Brachypodium rupestre	Tracheophyta	Liliopsida	Poales	Poaceae	Brachypodium	BOLD_GENUS_BACKBONE
KP709682.1	Brachypodium rupestre	Brachypodium rupestre	Brachypodium rupestre	Tracheophyta	Liliopsida	Poales	Poaceae	Brachypodium	BOLD_GENUS_BACKBONE
KP709683.1	Brachypodium rupestre	Brachypodium rupestre	Brachypodium rupestre	Tracheophyta	Liliopsida	Poales	Poaceae	Brachypodium	BOLD_GENUS_BACKBONE
KP709684.1	Brachypodium rupestre	Brachypodium rupestre	Brachypodium rupestre	Tracheophyta	Liliopsida	Poales	Poaceae	Brachypodium	BOLD_GENUS_BACKBONE
KP709685.1	Brachypodium rupestre	Brachypodium rupestre	Brachypodium rupestre	Tracheophyta	Liliopsida	Poales	Poaceae	Brachypodium	BOLD_GENUS_BACKBONE
KP709686.1	Brachypodium rupestre	Brachypodium rupestre	Brachypodium rupestre	Tracheophyta	Liliopsida	Poales	Poaceae	Brachypodium	BOLD_GENUS_BACKBONE
KP709687.1	Brachypodium rupestre	Brachypodium rupestre	Brachypodium rupestre	Tracheophyta	Liliopsida	Poales	Poaceae	Brachypodium	BOLD_GENUS_BACKBONE
KP709688.1	Brachypodium rupestre	Brachypodium rupestre	Brachypodium rupestre	Tracheophyta	Liliopsida	Poales	Poaceae	Brachypodium	BOLD_GENUS_BACKBONE
KP709689.1	Brachypodium rupestre	Brachypodium rupestre	Brachypodium rupestre	Tracheophyta	Liliopsida	Poales	Poaceae	Brachypodium	BOLD_GENUS_BACKBONE
KP709690.1	Brachypodium rupestre	Brachypodium rupestre	Brachypodium rupestre	Tracheophyta	Liliopsida	Poales	Poaceae	Brachypodium	BOLD_GENUS_BACKBONE
KP709691.1	Brachypodium rupestre	Brachypodium rupestre	Brachypodium rupestre	Tracheophyta	Liliopsida	Poales	Poaceae	Brachypodium	BOLD_GENUS_BACKBONE
KP709692.1	Brachypodium rupestre	Brachypodium rupestre	Brachypodium rupestre	Tracheophyta	Liliopsida	Poales	Poaceae	Brachypodium	BOLD_GENUS_BACKBONE
KP709693.1	Brachypodium rupestre	Brachypodium rupestre	Brachypodium rupestre	Tracheophyta	Liliopsida	Poales	Poaceae	Brachypodium	BOLD_GENUS_BACKBONE
KP709694.1	Brachypodium rupestre	Brachypodium rupestre	Brachypodium rupestre	Tracheophyta	Liliopsida	Poales	Poaceae	Brachypodium	BOLD_GENUS_BACKBONE
KP709695.1	Brachypodium rupestre	Brachypodium rupestre	Brachypodium rupestre	Tracheophyta	Liliopsida	Poales	Poaceae	Brachypodium	BOLD_GENUS_BACKBONE
KP709696.1	Brachypodium rupestre	Brachypodium rupestre	Brachypodium rupestre	Tracheophyta	Liliopsida	Poales	Poaceae	Brachypodium	BOLD_GENUS_BACKBONE
KP709697.1	Brachypodium rupestre	Brachypodium rupestre	Brachypodium rupestre	Tracheophyta	Liliopsida	Poales	Poaceae	Brachypodium	BOLD_GENUS_BACKBONE
KP709698.1	Brachypodium rupestre	Brachypodium rupestre	Brachypodium rupestre	Tracheophyta	Liliopsida	Poales	Poaceae	Brachypodium	BOLD_GENUS_BACKBONE
KP709699.1	Brachypodium rupestre	Brachypodium rupestre	Brachypodium rupestre	Tracheophyta	Liliopsida	Poales	Poaceae	Brachypodium	BOLD_GENUS_BACKBONE
KP709700.1	Brachypodium rupestre	Brachypodium rupestre	Brachypodium rupestre	Tracheophyta	Liliopsida	Poales	Poaceae	Brachypodium	BOLD_GENUS_BACKBONE
KP709701.1	Brachypodium rupestre	Brachypodium rupestre	Brachypodium rupestre	Tracheophyta	Liliopsida	Poales	Poaceae	Brachypodium	BOLD_GENUS_BACKBONE
KP709702.1	Brachypodium rupestre	Brachypodium rupestre	Brachypodium rupestre	Tracheophyta	Liliopsida	Poales	Poaceae	Brachypodium	BOLD_GENUS_BACKBONE
KP709703.1	Brachypodium rupestre	Brachypodium rupestre	Brachypodium rupestre	Tracheophyta	Liliopsida	Poales	Poaceae	Brachypodium	BOLD_GENUS_BACKBONE
KP709704.1	Brachypodium rupestre	Brachypodium rupestre	Brachypodium rupestre	Tracheophyta	Liliopsida	Poales	Poaceae	Brachypodium	BOLD_GENUS_BACKBONE
KP709705.1	Brachypodium rupestre	Brachypodium rupestre	Brachypodium rupestre	Tracheophyta	Liliopsida	Poales	Poaceae	Brachypodium	BOLD_GENUS_BACKBONE
KP709706.1	Brachypodium rupestre	Brachypodium rupestre	Brachypodium rupestre	Tracheophyta	Liliopsida	Poales	Poaceae	Brachypodium	BOLD_GENUS_BACKBONE
KP709707.1	Brachypodium rupestre	Brachypodium rupestre	Brachypodium rupestre	Tracheophyta	Liliopsida	Poales	Poaceae	Brachypodium	BOLD_GENUS_BACKBONE
KP709708.1	Brachypodium rupestre	Brachypodium rupestre	Brachypodium rupestre	Tracheophyta	Liliopsida	Poales	Poaceae	Brachypodium	BOLD_GENUS_BACKBONE
KP709709.1	Brachypodium rupestre	Brachypodium rupestre	Brachypodium rupestre	Tracheophyta	Liliopsida	Poales	Poaceae	Brachypodium	BOLD_GENUS_BACKBONE
AF503533.1	Brachythecium geheebii	Brachythecium geheebii	Brachythecium geheebii	Bryophyta	Bryopsida	Hypnales	Brachytheciaceae	Brachythecium	BOLD_GENUS_BACKBONE
GQ246843.1	Brachythecium glareosum	Brachythecium glareosum	Brachythecium glareosum	Bryophyta	Bryopsida	Hypnales	Brachytheciaceae	Brachythecium	BOLD_GENUS_BACKBONE
JF280937.1	Brachythecium glareosum	Brachythecium glareosum	Brachythecium glareosum	Bryophyta	Bryopsida	Hypnales	Brachytheciaceae	Brachythecium	BOLD_GENUS_BACKBONE
JF280938.1	Brachythecium glareosum	Brachythecium glareosum	Brachythecium glareosum	Bryophyta	Bryopsida	Hypnales	Brachytheciaceae	Brachythecium	BOLD_GENUS_BACKBONE
KJ158273.1	Brachythecium japygum	Brachythecium japygum	Brachythecium japygum	Bryophyta	Bryopsida	Hypnales	Brachytheciaceae	Brachythecium	BOLD_GENUS_BACKBONE
KJ158283.1	Brachythecium japygum	Brachythecium japygum	Brachythecium japygum	Bryophyta	Bryopsida	Hypnales	Brachytheciaceae	Brachythecium	BOLD_GENUS_BACKBONE
KJ158285.1	Brachythecium japygum	Brachythecium japygum	Brachythecium japygum	Bryophyta	Bryopsida	Hypnales	Brachytheciaceae	Brachythecium	BOLD_GENUS_BACKBONE
JQ814783.1	Brachythecium tenuicaule	Brachythecium tenuicaule	Brachythecium tenuicaule	Bryophyta	Bryopsida	Hypnales	Brachytheciaceae	Brachythecium	BOLD_GENUS_BACKBONE
KJ158272.1	Brachythecium tenuicaule	Brachythecium tenuicaule	Brachythecium tenuicaule	Bryophyta	Bryopsida	Hypnales	Brachytheciaceae	Brachythecium	BOLD_GENUS_BACKBONE
AY367907.1	Bromopsis erecta	Bromus erectus	Bromus erectus	Tracheophyta	Liliopsida	Poales	Poaceae	Bromus	BOLD_GENUS_BACKBONE
KM077291.1	Bromopsis erecta	Bromus erectus	Bromus erectus	Tracheophyta	Liliopsida	Poales	Poaceae	Bromus	BOLD_GENUS_BACKBONE
KP987397.1	Bromopsis erecta	Bromus erectus	Bromus erectus	Tracheophyta	Liliopsida	Poales	Poaceae	Bromus	BOLD_GENUS_BACKBONE
KP987398.1	Bromopsis erecta	Bromus erectus	Bromus erectus	Tracheophyta	Liliopsida	Poales	Poaceae	Bromus	BOLD_GENUS_BACKBONE
KP987399.1	Bromopsis erecta	Bromus erectus	Bromus erectus	Tracheophyta	Liliopsida	Poales	Poaceae	Bromus	BOLD_GENUS_BACKBONE
AY367915.1	Bromopsis inermis	Bromus inermis	Bromus inermis	Tracheophyta	Liliopsida	Poales	Poaceae	Bromus	BOLD_GENUS_BACKBONE
JN998985.1	Bromopsis inermis	Bromus inermis	Bromus inermis	Tracheophyta	Liliopsida	Poales	Poaceae	Bromus	BOLD_GENUS_BACKBONE
KF713192.1	Bromopsis inermis	Bromus inermis	Bromus inermis	Tracheophyta	Liliopsida	Poales	Poaceae	Bromus	BOLD_GENUS_BACKBONE
KF713193.1	Bromopsis inermis	Bromus inermis	Bromus inermis	Tracheophyta	Liliopsida	Poales	Poaceae	Bromus	BOLD_GENUS_BACKBONE
KF713194.1	Bromopsis inermis	Bromus inermis	Bromus inermis	Tracheophyta	Liliopsida	Poales	Poaceae	Bromus	BOLD_GENUS_BACKBONE
KM077290.1	Bromopsis inermis	Bromus inermis	Bromus inermis	Tracheophyta	Liliopsida	Poales	Poaceae	Bromus	BOLD_GENUS_BACKBONE
KP987400.1	Bromopsis inermis	Bromus inermis	Bromus inermis	Tracheophyta	Liliopsida	Poales	Poaceae	Bromus	BOLD_GENUS_BACKBONE
KP987401.1	Bromopsis inermis	Bromus inermis	Bromus inermis	Tracheophyta	Liliopsida	Poales	Poaceae	Bromus	BOLD_GENUS_BACKBONE
KP987402.1	Bromopsis inermis	Bromus inermis	Bromus inermis	Tracheophyta	Liliopsida	Poales	Poaceae	Bromus	BOLD_GENUS_BACKBONE
KP987403.1	Bromopsis inermis	Bromus inermis	Bromus inermis	Tracheophyta	Liliopsida	Poales	Poaceae	Bromus	BOLD_GENUS_BACKBONE
KP987404.1	Bromopsis inermis	Bromus inermis	Bromus inermis	Tracheophyta	Liliopsida	Poales	Poaceae	Bromus	BOLD_GENUS_BACKBONE
KP987405.1	Bromopsis inermis	Bromus inermis	Bromus inermis	Tracheophyta	Liliopsida	Poales	Poaceae	Bromus	BOLD_GENUS_BACKBONE
KP987406.1	Bromopsis inermis	Bromus inermis	Bromus inermis	Tracheophyta	Liliopsida	Poales	Poaceae	Bromus	BOLD_GENUS_BACKBONE
KP987407.1	Bromopsis inermis	Bromus inermis	Bromus inermis	Tracheophyta	Liliopsida	Poales	Poaceae	Bromus	BOLD_GENUS_BACKBONE
KP987408.1	Bromopsis inermis	Bromus inermis	Bromus inermis	Tracheophyta	Liliopsida	Poales	Poaceae	Bromus	BOLD_GENUS_BACKBONE
KP987409.1	Bromopsis inermis	Bromus inermis	Bromus inermis	Tracheophyta	Liliopsida	Poales	Poaceae	Bromus	BOLD_GENUS_BACKBONE
KT695169.1	Bromopsis inermis	Bromus inermis	Bromus inermis	Tracheophyta	Liliopsida	Poales	Poaceae	Bromus	BOLD_GENUS_BACKBONE
AY367929.1	Bromopsis ramosa	Bromus ramosus	Bromus ramosus	Tracheophyta	Liliopsida	Poales	Poaceae	Bromus	BOLD_GENUS_BACKBONE
KP987417.1	Bromopsis ramosa	Bromus ramosus	Bromus ramosus	Tracheophyta	Liliopsida	Poales	Poaceae	Bromus	BOLD_GENUS_BACKBONE
KP987418.1	Bromopsis ramosa	Bromus ramosus	Bromus ramosus	Tracheophyta	Liliopsida	Poales	Poaceae	Bromus	BOLD_GENUS_BACKBONE
PQ887888.1	Bromopsis ramosa	Bromus ramosus	Bromus ramosus	Tracheophyta	Liliopsida	Poales	Poaceae	Bromus	BOLD_GENUS_BACKBONE
KP987346.1	Bromus intermedius	Bromus intermedius	Bromus intermedius	Tracheophyta	Liliopsida	Poales	Poaceae	Bromus	BOLD_GENUS_BACKBONE
KU883456.1	Bromus lepidus	Bromus lepidus	Bromus lepidus	Tracheophyta	Liliopsida	Poales	Poaceae	Bromus	BOLD_GENUS_BACKBONE
KM077303.1	Bromus squarrosus	Bromus squarrosus	Bromus squarrosus	Tracheophyta	Liliopsida	Poales	Poaceae	Bromus	BOLD_GENUS_BACKBONE
KP987380.1	Bromus squarrosus	Bromus squarrosus	Bromus squarrosus	Tracheophyta	Liliopsida	Poales	Poaceae	Bromus	BOLD_GENUS_BACKBONE
KP987381.1	Bromus squarrosus	Bromus squarrosus	Bromus squarrosus	Tracheophyta	Liliopsida	Poales	Poaceae	Bromus	BOLD_GENUS_BACKBONE
KX873020.1	Calamagrostis villosa	Calamagrostis villosa	Calamagrostis villosa	Tracheophyta	Liliopsida	Poales	Poaceae	Calamagrostis	BOLD_GENUS_BACKBONE
KX873021.1	Calamagrostis villosa	Calamagrostis villosa	Calamagrostis villosa	Tracheophyta	Liliopsida	Poales	Poaceae	Calamagrostis	BOLD_GENUS_BACKBONE
KX873022.1	Calamagrostis villosa	Calamagrostis villosa	Calamagrostis villosa	Tracheophyta	Liliopsida	Poales	Poaceae	Calamagrostis	BOLD_GENUS_BACKBONE
AF040039.1	Calepina irregularis	Calepina irregularis	Calepina irregularis	Streptophyta	Magnoliopsida	Brassicales	Brassicaceae	Calepina	NCBI_LINEAGE
AY722502.1	Calepina irregularis	Calepina irregularis	Calepina irregularis	Streptophyta	Magnoliopsida	Brassicales	Brassicaceae	Calepina	NCBI_LINEAGE
AY722503.1	Calepina irregularis	Calepina irregularis	Calepina irregularis	Streptophyta	Magnoliopsida	Brassicales	Brassicaceae	Calepina	NCBI_LINEAGE
AY722504.1	Calepina irregularis	Calepina irregularis	Calepina irregularis	Streptophyta	Magnoliopsida	Brassicales	Brassicaceae	Calepina	NCBI_LINEAGE
KC172845.1	Camelina rumelica	Camelina rumelica	Camelina rumelica	Tracheophyta	Magnoliopsida	Brassicales	Brassicaceae	Camelina	BOLD_GENUS_BACKBONE
KC172846.1	Camelina rumelica	Camelina rumelica subsp. transcaspica	Camelina rumelica	Tracheophyta	Magnoliopsida	Brassicales	Brassicaceae	Camelina	BOLD_GENUS_BACKBONE
KC172847.1	Camelina rumelica	Camelina rumelica subsp. transcaspica	Camelina rumelica	Tracheophyta	Magnoliopsida	Brassicales	Brassicaceae	Camelina	BOLD_GENUS_BACKBONE
KC172848.1	Camelina rumelica	Camelina rumelica subsp. transcaspica	Camelina rumelica	Tracheophyta	Magnoliopsida	Brassicales	Brassicaceae	Camelina	BOLD_GENUS_BACKBONE
DQ304621.1	Campanula cespitosa	Campanula caespitosa	Campanula caespitosa	Tracheophyta	Magnoliopsida	Asterales	Campanulaceae	Campanula	BOLD_GENUS_BACKBONE
DQ304613.1	Campanula justiniana	Campanula justiniana	Campanula justiniana	Tracheophyta	Magnoliopsida	Asterales	Campanulaceae	Campanula	BOLD_GENUS_BACKBONE
DQ304612.1	Campanula marchesettii	Campanula marchesettii	Campanula marchesettii	Tracheophyta	Magnoliopsida	Asterales	Campanulaceae	Campanula	BOLD_GENUS_BACKBONE
DQ304614.1	Campanula scheuchzeri	Campanula scheuchzeri	Campanula scheuchzeri	Tracheophyta	Magnoliopsida	Asterales	Campanulaceae	Campanula	BOLD_GENUS_BACKBONE
KF918847.1	Campanula scheuchzeri	Campanula scheuchzeri	Campanula scheuchzeri	Tracheophyta	Magnoliopsida	Asterales	Campanulaceae	Campanula	BOLD_GENUS_BACKBONE
KF918848.1	Campanula scheuchzeri	Campanula scheuchzeri	Campanula scheuchzeri	Tracheophyta	Magnoliopsida	Asterales	Campanulaceae	Campanula	BOLD_GENUS_BACKBONE
MZ235262.1	Campanula scheuchzeri	Campanula scheuchzeri	Campanula scheuchzeri	Tracheophyta	Magnoliopsida	Asterales	Campanulaceae	Campanula	BOLD_GENUS_BACKBONE
AY331434.1	Campanula sibirica	Campanula sibirica subsp. hohenackeri	Campanula sibirica	Tracheophyta	Magnoliopsida	Asterales	Campanulaceae	Campanula	BOLD_GENUS_BACKBONE
EF090591.1	Campanula sibirica	Campanula sibirica	Campanula sibirica	Tracheophyta	Magnoliopsida	Asterales	Campanulaceae	Campanula	BOLD_GENUS_BACKBONE
KU892002.1	Campanula sibirica	Campanula sibirica	Campanula sibirica	Tracheophyta	Magnoliopsida	Asterales	Campanulaceae	Campanula	BOLD_GENUS_BACKBONE
AY331455.1	Campanula thyrsoides	Campanula thyrsoides	Campanula thyrsoides	Tracheophyta	Magnoliopsida	Asterales	Campanulaceae	Campanula	BOLD_GENUS_BACKBONE
DQ304575.1	Campanula thyrsoides	Campanula thyrsoides subsp. carniolica	Campanula thyrsoides	Tracheophyta	Magnoliopsida	Asterales	Campanulaceae	Campanula	BOLD_GENUS_BACKBONE
MK211837.1	Campyliadelphus elodes	Kandaea elodes	Kandaea elodes	Streptophyta	Bryopsida	Hypnales	Amblystegiaceae	Kandaea	NCBI_LINEAGE
MH613366.1	Campylophyllopsis calcarea	Campylophyllopsis calcarea	Campylophyllopsis calcarea	Streptophyta	Bryopsida	Hypnales	Hypnaceae	Campylophyllopsis	NCBI_LINEAGE
MH613367.1	Campylophyllopsis calcarea	Campylophyllopsis calcarea	Campylophyllopsis calcarea	Streptophyta	Bryopsida	Hypnales	Hypnaceae	Campylophyllopsis	NCBI_LINEAGE
AY693654.1	Campylophyllopsis sommerfeltii	Campylophyllopsis sommerfeltii	Campylophyllopsis sommerfeltii	Streptophyta	Bryopsida	Hypnales	Hypnaceae	Campylophyllopsis	NCBI_LINEAGE
MH613368.1	Campylophyllopsis sommerfeltii	Campylophyllopsis sommerfeltii	Campylophyllopsis sommerfeltii	Streptophyta	Bryopsida	Hypnales	Hypnaceae	Campylophyllopsis	NCBI_LINEAGE
DQ209120.1	Cardamine glauca	Cardamine glauca	Cardamine glauca	Tracheophyta	Magnoliopsida	Brassicales	Brassicaceae	Cardamine	BOLD_GENUS_BACKBONE
FJ384174.1	Cardamine glauca	Cardamine glauca	Cardamine glauca	Tracheophyta	Magnoliopsida	Brassicales	Brassicaceae	Cardamine	BOLD_GENUS_BACKBONE
FJ384175.1	Cardamine glauca	Cardamine glauca	Cardamine glauca	Tracheophyta	Magnoliopsida	Brassicales	Brassicaceae	Cardamine	BOLD_GENUS_BACKBONE
FJ384176.1	Cardamine glauca	Cardamine glauca	Cardamine glauca	Tracheophyta	Magnoliopsida	Brassicales	Brassicaceae	Cardamine	BOLD_GENUS_BACKBONE
FJ384177.1	Cardamine glauca	Cardamine glauca	Cardamine glauca	Tracheophyta	Magnoliopsida	Brassicales	Brassicaceae	Cardamine	BOLD_GENUS_BACKBONE
FJ384178.1	Cardamine glauca	Cardamine glauca	Cardamine glauca	Tracheophyta	Magnoliopsida	Brassicales	Brassicaceae	Cardamine	BOLD_GENUS_BACKBONE
FJ464496.1	Cardamine kitaibelii	Cardamine kitaibelii	Cardamine kitaibelii	Tracheophyta	Magnoliopsida	Brassicales	Brassicaceae	Cardamine	BOLD_GENUS_BACKBONE
AF078020.1	Cardamine pentaphyllos	Cardamine pentaphyllos	Cardamine pentaphyllos	Tracheophyta	Magnoliopsida	Brassicales	Brassicaceae	Cardamine	BOLD_GENUS_BACKBONE
DQ209116.1	Cardamine resedifolia	Cardamine resedifolia	Cardamine resedifolia	Tracheophyta	Magnoliopsida	Brassicales	Brassicaceae	Cardamine	BOLD_GENUS_BACKBONE
DQ209117.1	Cardamine resedifolia	Cardamine resedifolia	Cardamine resedifolia	Tracheophyta	Magnoliopsida	Brassicales	Brassicaceae	Cardamine	BOLD_GENUS_BACKBONE
DQ209118.1	Cardamine resedifolia	Cardamine resedifolia	Cardamine resedifolia	Tracheophyta	Magnoliopsida	Brassicales	Brassicaceae	Cardamine	BOLD_GENUS_BACKBONE
DQ209119.1	Cardamine resedifolia	Cardamine resedifolia	Cardamine resedifolia	Tracheophyta	Magnoliopsida	Brassicales	Brassicaceae	Cardamine	BOLD_GENUS_BACKBONE
FJ464505.1	Cardamine resedifolia	Cardamine resedifolia	Cardamine resedifolia	Tracheophyta	Magnoliopsida	Brassicales	Brassicaceae	Cardamine	BOLD_GENUS_BACKBONE
DQ209114.1	Cardamine trifolia	Cardamine trifolia	Cardamine trifolia	Tracheophyta	Magnoliopsida	Brassicales	Brassicaceae	Cardamine	BOLD_GENUS_BACKBONE
FJ464506.1	Cardamine trifolia	Cardamine trifolia	Cardamine trifolia	Tracheophyta	Magnoliopsida	Brassicales	Brassicaceae	Cardamine	BOLD_GENUS_BACKBONE
FJ464507.1	Cardamine waldsteinii	Cardamine waldsteinii	Cardamine waldsteinii	Tracheophyta	Magnoliopsida	Brassicales	Brassicaceae	Cardamine	BOLD_GENUS_BACKBONE
DQ528881.1	Cardaminopsis halleri	Arabidopsis halleri	Arabidopsis halleri	Tracheophyta	Magnoliopsida	Brassicales	Brassicaceae	Arabidopsis	BOLD_GENUS_BACKBONE
DQ528882.1	Cardaminopsis halleri	Arabidopsis halleri	Arabidopsis halleri	Tracheophyta	Magnoliopsida	Brassicales	Brassicaceae	Arabidopsis	BOLD_GENUS_BACKBONE
DQ528883.1	Cardaminopsis halleri	Arabidopsis halleri	Arabidopsis halleri	Tracheophyta	Magnoliopsida	Brassicales	Brassicaceae	Arabidopsis	BOLD_GENUS_BACKBONE
DQ528884.1	Cardaminopsis halleri	Arabidopsis halleri	Arabidopsis halleri	Tracheophyta	Magnoliopsida	Brassicales	Brassicaceae	Arabidopsis	BOLD_GENUS_BACKBONE
DQ528885.1	Cardaminopsis halleri	Arabidopsis halleri	Arabidopsis halleri	Tracheophyta	Magnoliopsida	Brassicales	Brassicaceae	Arabidopsis	BOLD_GENUS_BACKBONE
DQ528886.1	Cardaminopsis halleri	Arabidopsis halleri	Arabidopsis halleri	Tracheophyta	Magnoliopsida	Brassicales	Brassicaceae	Arabidopsis	BOLD_GENUS_BACKBONE
DQ528887.1	Cardaminopsis halleri	Arabidopsis halleri	Arabidopsis halleri	Tracheophyta	Magnoliopsida	Brassicales	Brassicaceae	Arabidopsis	BOLD_GENUS_BACKBONE
DQ528888.1	Cardaminopsis halleri	Arabidopsis halleri	Arabidopsis halleri	Tracheophyta	Magnoliopsida	Brassicales	Brassicaceae	Arabidopsis	BOLD_GENUS_BACKBONE
DQ528889.1	Cardaminopsis halleri	Arabidopsis halleri	Arabidopsis halleri	Tracheophyta	Magnoliopsida	Brassicales	Brassicaceae	Arabidopsis	BOLD_GENUS_BACKBONE
DQ528890.1	Cardaminopsis halleri	Arabidopsis halleri	Arabidopsis halleri	Tracheophyta	Magnoliopsida	Brassicales	Brassicaceae	Arabidopsis	BOLD_GENUS_BACKBONE
DQ528891.1	Cardaminopsis halleri	Arabidopsis halleri	Arabidopsis halleri	Tracheophyta	Magnoliopsida	Brassicales	Brassicaceae	Arabidopsis	BOLD_GENUS_BACKBONE
DQ528892.1	Cardaminopsis halleri	Arabidopsis halleri	Arabidopsis halleri	Tracheophyta	Magnoliopsida	Brassicales	Brassicaceae	Arabidopsis	BOLD_GENUS_BACKBONE
DQ528893.1	Cardaminopsis halleri	Arabidopsis halleri	Arabidopsis halleri	Tracheophyta	Magnoliopsida	Brassicales	Brassicaceae	Arabidopsis	BOLD_GENUS_BACKBONE
DQ528894.1	Cardaminopsis halleri	Arabidopsis halleri	Arabidopsis halleri	Tracheophyta	Magnoliopsida	Brassicales	Brassicaceae	Arabidopsis	BOLD_GENUS_BACKBONE
DQ528895.1	Cardaminopsis halleri	Arabidopsis halleri	Arabidopsis halleri	Tracheophyta	Magnoliopsida	Brassicales	Brassicaceae	Arabidopsis	BOLD_GENUS_BACKBONE
DQ528896.1	Cardaminopsis halleri	Arabidopsis halleri	Arabidopsis halleri	Tracheophyta	Magnoliopsida	Brassicales	Brassicaceae	Arabidopsis	BOLD_GENUS_BACKBONE
DQ528897.1	Cardaminopsis halleri	Arabidopsis halleri	Arabidopsis halleri	Tracheophyta	Magnoliopsida	Brassicales	Brassicaceae	Arabidopsis	BOLD_GENUS_BACKBONE
DQ528898.1	Cardaminopsis halleri	Arabidopsis halleri	Arabidopsis halleri	Tracheophyta	Magnoliopsida	Brassicales	Brassicaceae	Arabidopsis	BOLD_GENUS_BACKBONE
DQ528899.1	Cardaminopsis halleri	Arabidopsis halleri	Arabidopsis halleri	Tracheophyta	Magnoliopsida	Brassicales	Brassicaceae	Arabidopsis	BOLD_GENUS_BACKBONE
DQ528900.1	Cardaminopsis halleri	Arabidopsis halleri	Arabidopsis halleri	Tracheophyta	Magnoliopsida	Brassicales	Brassicaceae	Arabidopsis	BOLD_GENUS_BACKBONE
DQ528901.1	Cardaminopsis halleri	Arabidopsis halleri	Arabidopsis halleri	Tracheophyta	Magnoliopsida	Brassicales	Brassicaceae	Arabidopsis	BOLD_GENUS_BACKBONE
DQ528902.1	Cardaminopsis halleri	Arabidopsis halleri	Arabidopsis halleri	Tracheophyta	Magnoliopsida	Brassicales	Brassicaceae	Arabidopsis	BOLD_GENUS_BACKBONE
DQ528903.1	Cardaminopsis halleri	Arabidopsis halleri	Arabidopsis halleri	Tracheophyta	Magnoliopsida	Brassicales	Brassicaceae	Arabidopsis	BOLD_GENUS_BACKBONE
DQ528904.1	Cardaminopsis halleri	Arabidopsis halleri	Arabidopsis halleri	Tracheophyta	Magnoliopsida	Brassicales	Brassicaceae	Arabidopsis	BOLD_GENUS_BACKBONE
DQ528905.1	Cardaminopsis halleri	Arabidopsis halleri	Arabidopsis halleri	Tracheophyta	Magnoliopsida	Brassicales	Brassicaceae	Arabidopsis	BOLD_GENUS_BACKBONE
DQ528906.1	Cardaminopsis halleri	Arabidopsis halleri	Arabidopsis halleri	Tracheophyta	Magnoliopsida	Brassicales	Brassicaceae	Arabidopsis	BOLD_GENUS_BACKBONE
DQ528907.1	Cardaminopsis halleri	Arabidopsis halleri	Arabidopsis halleri	Tracheophyta	Magnoliopsida	Brassicales	Brassicaceae	Arabidopsis	BOLD_GENUS_BACKBONE
DQ528908.1	Cardaminopsis halleri	Arabidopsis halleri	Arabidopsis halleri	Tracheophyta	Magnoliopsida	Brassicales	Brassicaceae	Arabidopsis	BOLD_GENUS_BACKBONE
DQ528909.1	Cardaminopsis halleri	Arabidopsis halleri	Arabidopsis halleri	Tracheophyta	Magnoliopsida	Brassicales	Brassicaceae	Arabidopsis	BOLD_GENUS_BACKBONE
DQ528910.1	Cardaminopsis halleri	Arabidopsis halleri	Arabidopsis halleri	Tracheophyta	Magnoliopsida	Brassicales	Brassicaceae	Arabidopsis	BOLD_GENUS_BACKBONE
DQ528911.1	Cardaminopsis halleri	Arabidopsis halleri	Arabidopsis halleri	Tracheophyta	Magnoliopsida	Brassicales	Brassicaceae	Arabidopsis	BOLD_GENUS_BACKBONE
DQ528912.1	Cardaminopsis halleri	Arabidopsis halleri	Arabidopsis halleri	Tracheophyta	Magnoliopsida	Brassicales	Brassicaceae	Arabidopsis	BOLD_GENUS_BACKBONE
DQ528913.1	Cardaminopsis halleri	Arabidopsis halleri	Arabidopsis halleri	Tracheophyta	Magnoliopsida	Brassicales	Brassicaceae	Arabidopsis	BOLD_GENUS_BACKBONE
DQ528914.1	Cardaminopsis halleri	Arabidopsis halleri	Arabidopsis halleri	Tracheophyta	Magnoliopsida	Brassicales	Brassicaceae	Arabidopsis	BOLD_GENUS_BACKBONE
DQ528915.1	Cardaminopsis halleri	Arabidopsis halleri	Arabidopsis halleri	Tracheophyta	Magnoliopsida	Brassicales	Brassicaceae	Arabidopsis	BOLD_GENUS_BACKBONE
AJ628278.1	Cardaria draba	Lepidium draba	Lepidium draba	Tracheophyta	Magnoliopsida	Brassicales	Brassicaceae	Lepidium	BOLD_GENUS_BACKBONE
FM164555.1	Cardaria draba	Lepidium draba	Lepidium draba	Tracheophyta	Magnoliopsida	Brassicales	Brassicaceae	Lepidium	BOLD_GENUS_BACKBONE
KF022715.1	Cardaria draba	Lepidium draba	Lepidium draba	Tracheophyta	Magnoliopsida	Brassicales	Brassicaceae	Lepidium	BOLD_GENUS_BACKBONE
KU746329.1	Cardaria draba	Lepidium draba	Lepidium draba	Tracheophyta	Magnoliopsida	Brassicales	Brassicaceae	Lepidium	BOLD_GENUS_BACKBONE
KX824496.1	Cardaria draba	Lepidium draba	Lepidium draba	Tracheophyta	Magnoliopsida	Brassicales	Brassicaceae	Lepidium	BOLD_GENUS_BACKBONE
KX824497.1	Cardaria draba	Lepidium draba	Lepidium draba	Tracheophyta	Magnoliopsida	Brassicales	Brassicaceae	Lepidium	BOLD_GENUS_BACKBONE
PV700202.1	Cardaria draba	Lepidium draba	Lepidium draba	Tracheophyta	Magnoliopsida	Brassicales	Brassicaceae	Lepidium	BOLD_GENUS_BACKBONE
KT249907.1	Carduus personata	Carduus personata subsp. albidus	Carduus personata	Tracheophyta	Magnoliopsida	Asterales	Asteraceae	Carduus	BOLD_GENUS_BACKBONE
MN762295.1	Carex alba	Carex alba	Carex alba	Tracheophyta	Liliopsida	Poales	Cyperaceae	Carex	BOLD_GENUS_BACKBONE
MN762487.1	Carex austroalpina	Carex austroalpina	Carex austroalpina	Tracheophyta	Liliopsida	Poales	Cyperaceae	Carex	BOLD_GENUS_BACKBONE
AY779073.1	Carex bohemica	Carex bohemica	Carex bohemica	Tracheophyta	Liliopsida	Poales	Cyperaceae	Carex	BOLD_GENUS_BACKBONE
JN903132.1	Carex bohemica	Carex bohemica	Carex bohemica	Tracheophyta	Liliopsida	Poales	Cyperaceae	Carex	BOLD_GENUS_BACKBONE
MN762368.1	Carex buekii	Carex buekii	Carex buekii	Tracheophyta	Liliopsida	Poales	Cyperaceae	Carex	BOLD_GENUS_BACKBONE
MN762827.1	Carex buekii	Carex buekii	Carex buekii	Tracheophyta	Liliopsida	Poales	Cyperaceae	Carex	BOLD_GENUS_BACKBONE
MN762830.1	Carex cespitosa	Carex cespitosa var. cespitosa	Carex cespitosa	Tracheophyta	Liliopsida	Poales	Cyperaceae	Carex	BOLD_GENUS_BACKBONE
MN762833.1	Carex cespitosa	Carex cespitosa var. cespitosa	Carex cespitosa	Tracheophyta	Liliopsida	Poales	Cyperaceae	Carex	BOLD_GENUS_BACKBONE
MN762836.1	Carex cespitosa	Carex cespitosa var. minuta	Carex cespitosa	Tracheophyta	Liliopsida	Poales	Cyperaceae	Carex	BOLD_GENUS_BACKBONE
DQ384119.1	Carex demissa	Carex demissa	Carex demissa	Tracheophyta	Liliopsida	Poales	Cyperaceae	Carex	BOLD_GENUS_BACKBONE
JN634653.1	Carex demissa	Carex demissa	Carex demissa	Tracheophyta	Liliopsida	Poales	Cyperaceae	Carex	BOLD_GENUS_BACKBONE
JN634654.1	Carex demissa	Carex demissa	Carex demissa	Tracheophyta	Liliopsida	Poales	Cyperaceae	Carex	BOLD_GENUS_BACKBONE
JN634655.1	Carex demissa	Carex demissa	Carex demissa	Tracheophyta	Liliopsida	Poales	Cyperaceae	Carex	BOLD_GENUS_BACKBONE
JN634656.1	Carex demissa	Carex demissa	Carex demissa	Tracheophyta	Liliopsida	Poales	Cyperaceae	Carex	BOLD_GENUS_BACKBONE
JN634657.1	Carex demissa	Carex demissa	Carex demissa	Tracheophyta	Liliopsida	Poales	Cyperaceae	Carex	BOLD_GENUS_BACKBONE
JN634658.1	Carex demissa	Carex demissa	Carex demissa	Tracheophyta	Liliopsida	Poales	Cyperaceae	Carex	BOLD_GENUS_BACKBONE
JN634659.1	Carex demissa	Carex demissa	Carex demissa	Tracheophyta	Liliopsida	Poales	Cyperaceae	Carex	BOLD_GENUS_BACKBONE
JN634660.1	Carex demissa	Carex demissa	Carex demissa	Tracheophyta	Liliopsida	Poales	Cyperaceae	Carex	BOLD_GENUS_BACKBONE
JN634661.1	Carex demissa	Carex demissa	Carex demissa	Tracheophyta	Liliopsida	Poales	Cyperaceae	Carex	BOLD_GENUS_BACKBONE
JN634662.1	Carex demissa	Carex demissa	Carex demissa	Tracheophyta	Liliopsida	Poales	Cyperaceae	Carex	BOLD_GENUS_BACKBONE
JN634663.1	Carex demissa	Carex demissa	Carex demissa	Tracheophyta	Liliopsida	Poales	Cyperaceae	Carex	BOLD_GENUS_BACKBONE
JN634664.1	Carex demissa	Carex demissa	Carex demissa	Tracheophyta	Liliopsida	Poales	Cyperaceae	Carex	BOLD_GENUS_BACKBONE
JN634665.1	Carex demissa	Carex demissa	Carex demissa	Tracheophyta	Liliopsida	Poales	Cyperaceae	Carex	BOLD_GENUS_BACKBONE
MN761875.1	Carex demissa	Carex demissa subsp. demissa	Carex demissa	Tracheophyta	Liliopsida	Poales	Cyperaceae	Carex	BOLD_GENUS_BACKBONE
MN762241.1	Carex demissa	Carex demissa subsp. iranica	Carex demissa	Tracheophyta	Liliopsida	Poales	Cyperaceae	Carex	BOLD_GENUS_BACKBONE
MN762549.1	Carex firma	Carex firma	Carex firma	Tracheophyta	Liliopsida	Poales	Cyperaceae	Carex	BOLD_GENUS_BACKBONE
MN762466.1	Carex frigida	Carex frigida	Carex frigida	Tracheophyta	Liliopsida	Poales	Cyperaceae	Carex	BOLD_GENUS_BACKBONE
MN762490.1	Carex fritschii	Carex fritschii	Carex fritschii	Tracheophyta	Liliopsida	Poales	Cyperaceae	Carex	BOLD_GENUS_BACKBONE
MN762403.1	Carex kitaibeliana	Carex kitaibeliana	Carex kitaibeliana	Tracheophyta	Liliopsida	Poales	Cyperaceae	Carex	BOLD_GENUS_BACKBONE
MN762912.1	Carex kitaibeliana	Carex kitaibeliana	Carex kitaibeliana	Tracheophyta	Liliopsida	Poales	Cyperaceae	Carex	BOLD_GENUS_BACKBONE
MN762376.1	Carex liparocarpos	Carex liparocarpos subsp. bordzilowskii	Carex liparocarpos	Tracheophyta	Liliopsida	Poales	Cyperaceae	Carex	BOLD_GENUS_BACKBONE
MN762401.1	Carex liparocarpos	Carex liparocarpos subsp. liparocarpos	Carex liparocarpos	Tracheophyta	Liliopsida	Poales	Cyperaceae	Carex	BOLD_GENUS_BACKBONE
JN634644.1	Carex melanostachya	Carex melanostachya	Carex melanostachya	Tracheophyta	Liliopsida	Poales	Cyperaceae	Carex	BOLD_GENUS_BACKBONE
MN761442.1	Carex melanostachya	Carex melanostachya	Carex melanostachya	Tracheophyta	Liliopsida	Poales	Cyperaceae	Carex	BOLD_GENUS_BACKBONE
MN762247.1	Carex melanostachya	Carex melanostachya	Carex melanostachya	Tracheophyta	Liliopsida	Poales	Cyperaceae	Carex	BOLD_GENUS_BACKBONE
MN762455.1	Carex michelii	Carex michelii	Carex michelii	Tracheophyta	Liliopsida	Poales	Cyperaceae	Carex	BOLD_GENUS_BACKBONE
MN762456.1	Carex mucronata	Carex mucronata	Carex mucronata	Tracheophyta	Liliopsida	Poales	Cyperaceae	Carex	BOLD_GENUS_BACKBONE
MN762329.1	Carex pallens	Carex pallens	Carex pallens	Tracheophyta	Liliopsida	Poales	Cyperaceae	Carex	BOLD_GENUS_BACKBONE
MK949697.1	Carex pilosa	Carex pilosa	Carex pilosa	Tracheophyta	Liliopsida	Poales	Cyperaceae	Carex	BOLD_GENUS_BACKBONE
MK949698.1	Carex pilosa	Carex pilosa	Carex pilosa	Tracheophyta	Liliopsida	Poales	Cyperaceae	Carex	BOLD_GENUS_BACKBONE
MK949699.1	Carex pilosa	Carex pilosa	Carex pilosa	Tracheophyta	Liliopsida	Poales	Cyperaceae	Carex	BOLD_GENUS_BACKBONE
MN762375.1	Carex pilosa	Carex pilosa	Carex pilosa	Tracheophyta	Liliopsida	Poales	Cyperaceae	Carex	BOLD_GENUS_BACKBONE
MN762793.1	Carex randalpina	Carex randalpina	Carex randalpina	Tracheophyta	Liliopsida	Poales	Cyperaceae	Carex	BOLD_GENUS_BACKBONE
MN762344.1	Carex tomentosa	Carex tomentosa	Carex tomentosa	Tracheophyta	Liliopsida	Poales	Cyperaceae	Carex	BOLD_GENUS_BACKBONE
JX644843.1	Carex umbrosa	Carex umbrosa subsp. sabynensis	Carex umbrosa	Tracheophyta	Liliopsida	Poales	Cyperaceae	Carex	BOLD_GENUS_BACKBONE
MN762012.1	Carex umbrosa	Carex umbrosa subsp. huetiana	Carex umbrosa	Tracheophyta	Liliopsida	Poales	Cyperaceae	Carex	BOLD_GENUS_BACKBONE
MN762384.1	Carex umbrosa	Carex umbrosa subsp. umbrosa	Carex umbrosa	Tracheophyta	Liliopsida	Poales	Cyperaceae	Carex	BOLD_GENUS_BACKBONE
MN762420.1	Carex umbrosa	Carex umbrosa subsp. huetiana	Carex umbrosa	Tracheophyta	Liliopsida	Poales	Cyperaceae	Carex	BOLD_GENUS_BACKBONE
AY757597.1	Carex viridula	Carex viridula	Carex viridula	Tracheophyta	Liliopsida	Poales	Cyperaceae	Carex	BOLD_GENUS_BACKBONE
JN634666.1	Carex viridula	Carex viridula	Carex viridula	Tracheophyta	Liliopsida	Poales	Cyperaceae	Carex	BOLD_GENUS_BACKBONE
JN634667.1	Carex viridula	Carex viridula	Carex viridula	Tracheophyta	Liliopsida	Poales	Cyperaceae	Carex	BOLD_GENUS_BACKBONE
JN634668.1	Carex viridula	Carex viridula	Carex viridula	Tracheophyta	Liliopsida	Poales	Cyperaceae	Carex	BOLD_GENUS_BACKBONE
JN634669.1	Carex viridula	Carex viridula	Carex viridula	Tracheophyta	Liliopsida	Poales	Cyperaceae	Carex	BOLD_GENUS_BACKBONE
JN634670.1	Carex viridula	Carex viridula	Carex viridula	Tracheophyta	Liliopsida	Poales	Cyperaceae	Carex	BOLD_GENUS_BACKBONE
JN634677.1	Carex viridula	Carex viridula subsp. cedercreutzii	Carex viridula	Tracheophyta	Liliopsida	Poales	Cyperaceae	Carex	BOLD_GENUS_BACKBONE
JN634678.1	Carex viridula	Carex viridula subsp. cedercreutzii	Carex viridula	Tracheophyta	Liliopsida	Poales	Cyperaceae	Carex	BOLD_GENUS_BACKBONE
KX167040.1	Carex viridula	Carex viridula	Carex viridula	Tracheophyta	Liliopsida	Poales	Cyperaceae	Carex	BOLD_GENUS_BACKBONE
MN762112.1	Carex viridula	Carex viridula	Carex viridula	Tracheophyta	Liliopsida	Poales	Cyperaceae	Carex	BOLD_GENUS_BACKBONE
MN762113.1	Carex viridula	Carex viridula	Carex viridula	Tracheophyta	Liliopsida	Poales	Cyperaceae	Carex	BOLD_GENUS_BACKBONE
MN762114.1	Carex viridula	Carex viridula	Carex viridula	Tracheophyta	Liliopsida	Poales	Cyperaceae	Carex	BOLD_GENUS_BACKBONE
MN762129.1	Carex viridula	Carex viridula	Carex viridula	Tracheophyta	Liliopsida	Poales	Cyperaceae	Carex	BOLD_GENUS_BACKBONE
MN762139.1	Carex viridula	Carex viridula	Carex viridula	Tracheophyta	Liliopsida	Poales	Cyperaceae	Carex	BOLD_GENUS_BACKBONE
MN762249.1	Carex viridula	Carex viridula	Carex viridula	Tracheophyta	Liliopsida	Poales	Cyperaceae	Carex	BOLD_GENUS_BACKBONE
MN762567.1	Carex viridula	Carex viridula	Carex viridula	Tracheophyta	Liliopsida	Poales	Cyperaceae	Carex	BOLD_GENUS_BACKBONE
KT249908.1	Carlina acaulis	Carlina acaulis	Carlina acaulis	Tracheophyta	Magnoliopsida	Asterales	Asteraceae	Carlina	BOLD_GENUS_BACKBONE
AF228392.1	Carpesium cernuum	Carpesium cernuum	Carpesium cernuum	Streptophyta	Magnoliopsida	Asterales	Asteraceae	Carpesium	NCBI_LINEAGE
AF545825.1	Carpesium cernuum	Carpesium cernuum	Carpesium cernuum	Streptophyta	Magnoliopsida	Asterales	Asteraceae	Carpesium	NCBI_LINEAGE
AF174620.1	Carya ovata	Carya ovata	Carya ovata	Tracheophyta	Magnoliopsida	Fagales	Juglandaceae	Carya	BOLD_GENUS_BACKBONE
AF303822.1	Carya ovata	Carya ovata	Carya ovata	Tracheophyta	Magnoliopsida	Fagales	Juglandaceae	Carya	BOLD_GENUS_BACKBONE
KF201311.1	Carya ovata	Carya ovata	Carya ovata	Tracheophyta	Magnoliopsida	Fagales	Juglandaceae	Carya	BOLD_GENUS_BACKBONE
AF303824.1	Carya tomentosa	Carya tomentosa	Carya tomentosa	Tracheophyta	Magnoliopsida	Fagales	Juglandaceae	Carya	BOLD_GENUS_BACKBONE
EU646134.1	Carya tomentosa	Carya tomentosa	Carya tomentosa	Tracheophyta	Magnoliopsida	Fagales	Juglandaceae	Carya	BOLD_GENUS_BACKBONE
KF201315.1	Carya tomentosa	Carya tomentosa	Carya tomentosa	Tracheophyta	Magnoliopsida	Fagales	Juglandaceae	Carya	BOLD_GENUS_BACKBONE
AY178637.1	Catalpa bignonioides	Catalpa bignonioides	Catalpa bignonioides	Streptophyta	Magnoliopsida	Lamiales	Bignoniaceae	Catalpa	NCBI_LINEAGE
KY067707.1	Catalpa bignonioides	Catalpa bignonioides	Catalpa bignonioides	Streptophyta	Magnoliopsida	Lamiales	Bignoniaceae	Catalpa	NCBI_LINEAGE
AF077122.1	Caucalis orientalis	Astrodaucus orientalis	Astrodaucus orientalis	Streptophyta	Magnoliopsida	Apiales	Apiaceae	Astrodaucus	NCBI_LINEAGE
FJ415108.1	Caucalis orientalis	Astrodaucus orientalis	Astrodaucus orientalis	Streptophyta	Magnoliopsida	Apiales	Apiaceae	Astrodaucus	NCBI_LINEAGE
DQ975357.1	Cedrus deodara	Cedrus deodara	Cedrus deodara	Streptophyta	Pinopsida	Pinales	Pinaceae	Cedrus	NCBI_LINEAGE
GQ865724.1	Cedrus deodara	Cedrus deodara	Cedrus deodara	Streptophyta	Pinopsida	Pinales	Pinaceae	Cedrus	NCBI_LINEAGE
KT249910.1	Centaurea pannonica	Centaurea pannonica	Centaurea pannonica	Tracheophyta	Magnoliopsida	Asterales	Asteraceae	Centaurea	BOLD_GENUS_BACKBONE
AY047876.1	Centaurium spicatum	Schenkia spicata	Schenkia spicata	Streptophyta	Magnoliopsida	Gentianales	Gentianaceae	Schenkia	NCBI_LINEAGE
AY047877.1	Centaurium spicatum	Schenkia spicata	Schenkia spicata	Streptophyta	Magnoliopsida	Gentianales	Gentianaceae	Schenkia	NCBI_LINEAGE
AY423605.1	Centaurium spicatum	Schenkia spicata	Schenkia spicata	Streptophyta	Magnoliopsida	Gentianales	Gentianaceae	Schenkia	NCBI_LINEAGE
MK325414.1	Centaurium spicatum	Schenkia spicata	Schenkia spicata	Streptophyta	Magnoliopsida	Gentianales	Gentianaceae	Schenkia	NCBI_LINEAGE
AJ491666.1	Centunculus minimus	Lysimachia minima	Lysimachia minima	Tracheophyta	Magnoliopsida	Ericales	Primulaceae	Lysimachia	BOLD_GENUS_BACKBONE
AY855143.1	Centunculus minimus	Lysimachia minima	Lysimachia minima	Tracheophyta	Magnoliopsida	Ericales	Primulaceae	Lysimachia	BOLD_GENUS_BACKBONE
KF805864.1	Cephaloziella hampeana	Cephaloziella hampeana	Cephaloziella hampeana	Marchantiophyta	Jungermanniopsida	Lophoziales	Cephaloziellaceae	Cephaloziella	BOLD_GENUS_BACKBONE
KF805865.1	Cephaloziella hampeana	Cephaloziella hampeana	Cephaloziella hampeana	Marchantiophyta	Jungermanniopsida	Lophoziales	Cephaloziellaceae	Cephaloziella	BOLD_GENUS_BACKBONE
KF805866.1	Cephaloziella hampeana	Cephaloziella hampeana	Cephaloziella hampeana	Marchantiophyta	Jungermanniopsida	Lophoziales	Cephaloziellaceae	Cephaloziella	BOLD_GENUS_BACKBONE
KJ956515.1	Chaerophyllum hirsutum	Chaerophyllum hirsutum	Chaerophyllum hirsutum	Tracheophyta	Magnoliopsida	Apiales	Apiaceae	Chaerophyllum	BOLD_GENUS_BACKBONE
KJ956516.1	Chaerophyllum hirsutum	Chaerophyllum hirsutum	Chaerophyllum hirsutum	Tracheophyta	Magnoliopsida	Apiales	Apiaceae	Chaerophyllum	BOLD_GENUS_BACKBONE
KJ956517.1	Chaerophyllum hirsutum	Chaerophyllum hirsutum	Chaerophyllum hirsutum	Tracheophyta	Magnoliopsida	Apiales	Apiaceae	Chaerophyllum	BOLD_GENUS_BACKBONE
KJ956578.1	Chaerophyllum hirsutum	Chaerophyllum hirsutum	Chaerophyllum hirsutum	Tracheophyta	Magnoliopsida	Apiales	Apiaceae	Chaerophyllum	BOLD_GENUS_BACKBONE
MF963984.1	Chamaecyparis lawsoniana	Chamaecyparis lawsoniana	Chamaecyparis lawsoniana	Streptophyta	Pinopsida	Cupressales	Cupressaceae	Chamaecyparis	NCBI_LINEAGE
AY836791.1	Chamaecyparis nootkatensis	Callitropsis nootkatensis	Callitropsis nootkatensis	Streptophyta	Pinopsida	Cupressales	Cupressaceae	Callitropsis	NCBI_LINEAGE
AY836792.1	Chamaecyparis nootkatensis	Callitropsis nootkatensis	Callitropsis nootkatensis	Streptophyta	Pinopsida	Cupressales	Cupressaceae	Callitropsis	NCBI_LINEAGE
LC518094.1	Chamaecyparis obtusa	Chamaecyparis obtusa var. formosana	Chamaecyparis obtusa	Streptophyta	Pinopsida	Cupressales	Cupressaceae	Chamaecyparis	NCBI_LINEAGE
LC518095.1	Chamaecyparis obtusa	Chamaecyparis obtusa var. formosana	Chamaecyparis obtusa	Streptophyta	Pinopsida	Cupressales	Cupressaceae	Chamaecyparis	NCBI_LINEAGE
LC518096.1	Chamaecyparis obtusa	Chamaecyparis obtusa var. formosana	Chamaecyparis obtusa	Streptophyta	Pinopsida	Cupressales	Cupressaceae	Chamaecyparis	NCBI_LINEAGE
LC518097.1	Chamaecyparis obtusa	Chamaecyparis obtusa var. formosana	Chamaecyparis obtusa	Streptophyta	Pinopsida	Cupressales	Cupressaceae	Chamaecyparis	NCBI_LINEAGE
LC518098.1	Chamaecyparis obtusa	Chamaecyparis obtusa var. formosana	Chamaecyparis obtusa	Streptophyta	Pinopsida	Cupressales	Cupressaceae	Chamaecyparis	NCBI_LINEAGE
LC518099.1	Chamaecyparis obtusa	Chamaecyparis obtusa var. formosana	Chamaecyparis obtusa	Streptophyta	Pinopsida	Cupressales	Cupressaceae	Chamaecyparis	NCBI_LINEAGE
LC518100.1	Chamaecyparis obtusa	Chamaecyparis obtusa var. formosana	Chamaecyparis obtusa	Streptophyta	Pinopsida	Cupressales	Cupressaceae	Chamaecyparis	NCBI_LINEAGE
LC518101.1	Chamaecyparis obtusa	Chamaecyparis obtusa var. formosana	Chamaecyparis obtusa	Streptophyta	Pinopsida	Cupressales	Cupressaceae	Chamaecyparis	NCBI_LINEAGE
LC518102.1	Chamaecyparis obtusa	Chamaecyparis obtusa var. formosana	Chamaecyparis obtusa	Streptophyta	Pinopsida	Cupressales	Cupressaceae	Chamaecyparis	NCBI_LINEAGE
LC518103.1	Chamaecyparis obtusa	Chamaecyparis obtusa var. formosana	Chamaecyparis obtusa	Streptophyta	Pinopsida	Cupressales	Cupressaceae	Chamaecyparis	NCBI_LINEAGE
LC518104.1	Chamaecyparis obtusa	Chamaecyparis obtusa var. obtusa	Chamaecyparis obtusa	Streptophyta	Pinopsida	Cupressales	Cupressaceae	Chamaecyparis	NCBI_LINEAGE
LC518105.1	Chamaecyparis obtusa	Chamaecyparis obtusa var. obtusa	Chamaecyparis obtusa	Streptophyta	Pinopsida	Cupressales	Cupressaceae	Chamaecyparis	NCBI_LINEAGE
LC518106.1	Chamaecyparis obtusa	Chamaecyparis obtusa var. obtusa	Chamaecyparis obtusa	Streptophyta	Pinopsida	Cupressales	Cupressaceae	Chamaecyparis	NCBI_LINEAGE
LC518107.1	Chamaecyparis obtusa	Chamaecyparis obtusa var. obtusa	Chamaecyparis obtusa	Streptophyta	Pinopsida	Cupressales	Cupressaceae	Chamaecyparis	NCBI_LINEAGE
LC518108.1	Chamaecyparis obtusa	Chamaecyparis obtusa var. obtusa	Chamaecyparis obtusa	Streptophyta	Pinopsida	Cupressales	Cupressaceae	Chamaecyparis	NCBI_LINEAGE
LC518109.1	Chamaecyparis obtusa	Chamaecyparis obtusa var. obtusa	Chamaecyparis obtusa	Streptophyta	Pinopsida	Cupressales	Cupressaceae	Chamaecyparis	NCBI_LINEAGE
MF349108.1	Chamaecyparis obtusa	Chamaecyparis obtusa	Chamaecyparis obtusa	Streptophyta	Pinopsida	Cupressales	Cupressaceae	Chamaecyparis	NCBI_LINEAGE
Z72239.1	Chamaecytisus supinus	Chamaecytisus supinus	Chamaecytisus supinus	Tracheophyta	Magnoliopsida	Fabales	Fabaceae	Chamaecytisus	BOLD_GENUS_BACKBONE
AF443630.1	Chamaespartium sagittale	Genista sagittalis	Genista sagittalis	Tracheophyta	Magnoliopsida	Fabales	Fabaceae	Genista	BOLD_GENUS_BACKBONE
AY609195.1	Chamaespartium sagittale	Genista sagittalis	Genista sagittalis	Tracheophyta	Magnoliopsida	Fabales	Fabaceae	Genista	BOLD_GENUS_BACKBONE
Z72279.1	Chamaespartium sagittale	Genista sagittalis	Genista sagittalis	Tracheophyta	Magnoliopsida	Fabales	Fabaceae	Genista	BOLD_GENUS_BACKBONE
KR080213.1	Chara braunii	Chara braunii	Chara braunii	Charophyta	Charophyceae	Charales	Characeae	Chara	BOLD_GENUS_BACKBONE
KR080214.1	Chara globularis	Chara globularis	Chara globularis	Charophyta	Charophyceae	Charales	Characeae	Chara	BOLD_GENUS_BACKBONE
GQ434556.1	Chenopodium ambrosioides	Dysphania ambrosioides	Dysphania ambrosioides	Streptophyta	Magnoliopsida	Caryophyllales	Amaranthaceae	Dysphania	NCBI_LINEAGE
KY968860.1	Chenopodium ambrosioides	Dysphania ambrosioides	Dysphania ambrosioides	Streptophyta	Magnoliopsida	Caryophyllales	Amaranthaceae	Dysphania	NCBI_LINEAGE
KY968861.1	Chenopodium ambrosioides	Dysphania ambrosioides	Dysphania ambrosioides	Streptophyta	Magnoliopsida	Caryophyllales	Amaranthaceae	Dysphania	NCBI_LINEAGE
KY968901.1	Chenopodium ambrosioides	Dysphania ambrosioides	Dysphania ambrosioides	Streptophyta	Magnoliopsida	Caryophyllales	Amaranthaceae	Dysphania	NCBI_LINEAGE
KY968902.1	Chenopodium ambrosioides	Dysphania ambrosioides	Dysphania ambrosioides	Streptophyta	Magnoliopsida	Caryophyllales	Amaranthaceae	Dysphania	NCBI_LINEAGE
KY968933.1	Chenopodium ambrosioides	Dysphania ambrosioides	Dysphania ambrosioides	Streptophyta	Magnoliopsida	Caryophyllales	Amaranthaceae	Dysphania	NCBI_LINEAGE
MF063424.1	Chenopodium ambrosioides	Dysphania ambrosioides	Dysphania ambrosioides	Streptophyta	Magnoliopsida	Caryophyllales	Amaranthaceae	Dysphania	NCBI_LINEAGE
MF063425.1	Chenopodium ambrosioides	Dysphania ambrosioides	Dysphania ambrosioides	Streptophyta	Magnoliopsida	Caryophyllales	Amaranthaceae	Dysphania	NCBI_LINEAGE
MF063426.1	Chenopodium ambrosioides	Dysphania ambrosioides	Dysphania ambrosioides	Streptophyta	Magnoliopsida	Caryophyllales	Amaranthaceae	Dysphania	NCBI_LINEAGE
MF063427.1	Chenopodium ambrosioides	Dysphania ambrosioides	Dysphania ambrosioides	Streptophyta	Magnoliopsida	Caryophyllales	Amaranthaceae	Dysphania	NCBI_LINEAGE
MF063428.1	Chenopodium ambrosioides	Dysphania ambrosioides	Dysphania ambrosioides	Streptophyta	Magnoliopsida	Caryophyllales	Amaranthaceae	Dysphania	NCBI_LINEAGE
MF063429.1	Chenopodium ambrosioides	Dysphania ambrosioides	Dysphania ambrosioides	Streptophyta	Magnoliopsida	Caryophyllales	Amaranthaceae	Dysphania	NCBI_LINEAGE
MF063430.1	Chenopodium ambrosioides	Dysphania ambrosioides	Dysphania ambrosioides	Streptophyta	Magnoliopsida	Caryophyllales	Amaranthaceae	Dysphania	NCBI_LINEAGE
MF063431.1	Chenopodium ambrosioides	Dysphania ambrosioides	Dysphania ambrosioides	Streptophyta	Magnoliopsida	Caryophyllales	Amaranthaceae	Dysphania	NCBI_LINEAGE
KJ629063.1	Chenopodium foliosum	Blitum virgatum	Blitum virgatum	Streptophyta	Magnoliopsida	Caryophyllales	Amaranthaceae	Blitum	NCBI_LINEAGE
KJ629060.1	Chenopodium glaucum	Oxybasis glauca	Oxybasis glauca	Streptophyta	Magnoliopsida	Caryophyllales	Amaranthaceae	Oxybasis	NCBI_LINEAGE
KY968937.1	Chenopodium glaucum	Oxybasis glauca	Oxybasis glauca	Streptophyta	Magnoliopsida	Caryophyllales	Amaranthaceae	Oxybasis	NCBI_LINEAGE
MF063402.1	Chenopodium glaucum	Oxybasis glauca	Oxybasis glauca	Streptophyta	Magnoliopsida	Caryophyllales	Amaranthaceae	Oxybasis	NCBI_LINEAGE
MF063403.1	Chenopodium glaucum	Oxybasis glauca	Oxybasis glauca	Streptophyta	Magnoliopsida	Caryophyllales	Amaranthaceae	Oxybasis	NCBI_LINEAGE
MF063404.1	Chenopodium glaucum	Oxybasis glauca	Oxybasis glauca	Streptophyta	Magnoliopsida	Caryophyllales	Amaranthaceae	Oxybasis	NCBI_LINEAGE
MF063405.1	Chenopodium glaucum	Oxybasis glauca	Oxybasis glauca	Streptophyta	Magnoliopsida	Caryophyllales	Amaranthaceae	Oxybasis	NCBI_LINEAGE
MF063406.1	Chenopodium glaucum	Oxybasis glauca	Oxybasis glauca	Streptophyta	Magnoliopsida	Caryophyllales	Amaranthaceae	Oxybasis	NCBI_LINEAGE
MF063407.1	Chenopodium glaucum	Oxybasis glauca	Oxybasis glauca	Streptophyta	Magnoliopsida	Caryophyllales	Amaranthaceae	Oxybasis	NCBI_LINEAGE
MF063408.1	Chenopodium glaucum	Oxybasis glauca	Oxybasis glauca	Streptophyta	Magnoliopsida	Caryophyllales	Amaranthaceae	Oxybasis	NCBI_LINEAGE
MF063409.1	Chenopodium glaucum	Oxybasis glauca	Oxybasis glauca	Streptophyta	Magnoliopsida	Caryophyllales	Amaranthaceae	Oxybasis	NCBI_LINEAGE
MF063410.1	Chenopodium glaucum	Oxybasis glauca	Oxybasis glauca	Streptophyta	Magnoliopsida	Caryophyllales	Amaranthaceae	Oxybasis	NCBI_LINEAGE
MF063411.1	Chenopodium glaucum	Oxybasis glauca	Oxybasis glauca	Streptophyta	Magnoliopsida	Caryophyllales	Amaranthaceae	Oxybasis	NCBI_LINEAGE
MF063412.1	Chenopodium glaucum	Oxybasis glauca	Oxybasis glauca	Streptophyta	Magnoliopsida	Caryophyllales	Amaranthaceae	Oxybasis	NCBI_LINEAGE
MG237304.1	Chenopodium glaucum	Oxybasis glauca	Oxybasis glauca	Streptophyta	Magnoliopsida	Caryophyllales	Amaranthaceae	Oxybasis	NCBI_LINEAGE
KJ629062.1	Chenopodium hybridum	Chenopodiastrum hybridum	Chenopodiastrum hybridum	Streptophyta	Magnoliopsida	Caryophyllales	Amaranthaceae	Chenopodiastrum	NCBI_LINEAGE
HM005835.1	Chenopodium murale	Chenopodiastrum murale	Chenopodiastrum murale	Streptophyta	Magnoliopsida	Caryophyllales	Amaranthaceae	Chenopodiastrum	NCBI_LINEAGE
KJ629059.1	Chenopodium murale	Chenopodiastrum murale	Chenopodiastrum murale	Streptophyta	Magnoliopsida	Caryophyllales	Amaranthaceae	Chenopodiastrum	NCBI_LINEAGE
KP226642.1	Chenopodium pedunculare	Chenopodium pedunculare	Chenopodium pedunculare	Tracheophyta	Magnoliopsida	Caryophyllales	Amaranthaceae	Chenopodium	BOLD_GENUS_BACKBONE
KJ629061.1	Chenopodium polyspermum	Lipandra polysperma	Lipandra polysperma	Streptophyta	Magnoliopsida	Caryophyllales	Amaranthaceae	Lipandra	NCBI_LINEAGE
KP226633.1	Chenopodium strictum	Chenopodium strictum	Chenopodium strictum	Tracheophyta	Magnoliopsida	Caryophyllales	Amaranthaceae	Chenopodium	BOLD_GENUS_BACKBONE
KP226634.1	Chenopodium strictum	Chenopodium strictum	Chenopodium strictum	Tracheophyta	Magnoliopsida	Caryophyllales	Amaranthaceae	Chenopodium	BOLD_GENUS_BACKBONE
KJ629048.1	Chenopodium suecicum	Chenopodium suecicum	Chenopodium suecicum	Tracheophyta	Magnoliopsida	Caryophyllales	Amaranthaceae	Chenopodium	BOLD_GENUS_BACKBONE
KJ629049.1	Chenopodium suecicum	Chenopodium suecicum	Chenopodium suecicum	Tracheophyta	Magnoliopsida	Caryophyllales	Amaranthaceae	Chenopodium	BOLD_GENUS_BACKBONE
KJ629057.1	Chenopodium urbicum	Oxybasis urbica	Oxybasis urbica	Streptophyta	Magnoliopsida	Caryophyllales	Amaranthaceae	Oxybasis	NCBI_LINEAGE
AB699112.1	Chlorella vulgaris	Chlorella vulgaris	Chlorella vulgaris	Chlorophyta	Trebouxiophyceae	Chlorellales	Chlorellaceae	Chlorella	NCBI_LINEAGE
AM231741.1	Chlorella vulgaris	Chlorella vulgaris	Chlorella vulgaris	Chlorophyta	Trebouxiophyceae	Chlorellales	Chlorellaceae	Chlorella	NCBI_LINEAGE
AM231742.1	Chlorella vulgaris	Chlorella vulgaris	Chlorella vulgaris	Chlorophyta	Trebouxiophyceae	Chlorellales	Chlorellaceae	Chlorella	NCBI_LINEAGE
AM231743.1	Chlorella vulgaris	Chlorella vulgaris	Chlorella vulgaris	Chlorophyta	Trebouxiophyceae	Chlorellales	Chlorellaceae	Chlorella	NCBI_LINEAGE
AY323465.1	Chlorella vulgaris	Chlorella vulgaris	Chlorella vulgaris	Chlorophyta	Trebouxiophyceae	Chlorellales	Chlorellaceae	Chlorella	NCBI_LINEAGE
AY591493.1	Chlorella vulgaris	Chlorella vulgaris	Chlorella vulgaris	Chlorophyta	Trebouxiophyceae	Chlorellales	Chlorellaceae	Chlorella	NCBI_LINEAGE
AY591494.1	Chlorella vulgaris	Chlorella vulgaris	Chlorella vulgaris	Chlorophyta	Trebouxiophyceae	Chlorellales	Chlorellaceae	Chlorella	NCBI_LINEAGE
AY591495.1	Chlorella vulgaris	Chlorella vulgaris	Chlorella vulgaris	Chlorophyta	Trebouxiophyceae	Chlorellales	Chlorellaceae	Chlorella	NCBI_LINEAGE
AY591496.1	Chlorella vulgaris	Chlorella vulgaris	Chlorella vulgaris	Chlorophyta	Trebouxiophyceae	Chlorellales	Chlorellaceae	Chlorella	NCBI_LINEAGE
AY591497.1	Chlorella vulgaris	Chlorella vulgaris	Chlorella vulgaris	Chlorophyta	Trebouxiophyceae	Chlorellales	Chlorellaceae	Chlorella	NCBI_LINEAGE
AY591498.1	Chlorella vulgaris	Chlorella vulgaris	Chlorella vulgaris	Chlorophyta	Trebouxiophyceae	Chlorellales	Chlorellaceae	Chlorella	NCBI_LINEAGE
AY591499.1	Chlorella vulgaris	Chlorella vulgaris	Chlorella vulgaris	Chlorophyta	Trebouxiophyceae	Chlorellales	Chlorellaceae	Chlorella	NCBI_LINEAGE
AY591500.1	Chlorella vulgaris	Chlorella vulgaris	Chlorella vulgaris	Chlorophyta	Trebouxiophyceae	Chlorellales	Chlorellaceae	Chlorella	NCBI_LINEAGE
AY591501.1	Chlorella vulgaris	Chlorella vulgaris	Chlorella vulgaris	Chlorophyta	Trebouxiophyceae	Chlorellales	Chlorellaceae	Chlorella	NCBI_LINEAGE
AY591502.1	Chlorella vulgaris	Chlorella vulgaris	Chlorella vulgaris	Chlorophyta	Trebouxiophyceae	Chlorellales	Chlorellaceae	Chlorella	NCBI_LINEAGE
AY591503.1	Chlorella vulgaris	Chlorella vulgaris	Chlorella vulgaris	Chlorophyta	Trebouxiophyceae	Chlorellales	Chlorellaceae	Chlorella	NCBI_LINEAGE
AY591504.1	Chlorella vulgaris	Chlorella vulgaris	Chlorella vulgaris	Chlorophyta	Trebouxiophyceae	Chlorellales	Chlorellaceae	Chlorella	NCBI_LINEAGE
AY591505.1	Chlorella vulgaris	Chlorella vulgaris	Chlorella vulgaris	Chlorophyta	Trebouxiophyceae	Chlorellales	Chlorellaceae	Chlorella	NCBI_LINEAGE
AY591506.1	Chlorella vulgaris	Chlorella vulgaris	Chlorella vulgaris	Chlorophyta	Trebouxiophyceae	Chlorellales	Chlorellaceae	Chlorella	NCBI_LINEAGE
AY591507.1	Chlorella vulgaris	Chlorella vulgaris	Chlorella vulgaris	Chlorophyta	Trebouxiophyceae	Chlorellales	Chlorellaceae	Chlorella	NCBI_LINEAGE
AY591508.1	Chlorella vulgaris	Chlorella vulgaris	Chlorella vulgaris	Chlorophyta	Trebouxiophyceae	Chlorellales	Chlorellaceae	Chlorella	NCBI_LINEAGE
AY591509.1	Chlorella vulgaris	Chlorella vulgaris	Chlorella vulgaris	Chlorophyta	Trebouxiophyceae	Chlorellales	Chlorellaceae	Chlorella	NCBI_LINEAGE
AY591510.1	Chlorella vulgaris	Chlorella vulgaris	Chlorella vulgaris	Chlorophyta	Trebouxiophyceae	Chlorellales	Chlorellaceae	Chlorella	NCBI_LINEAGE
AY591511.1	Chlorella vulgaris	Chlorella vulgaris	Chlorella vulgaris	Chlorophyta	Trebouxiophyceae	Chlorellales	Chlorellaceae	Chlorella	NCBI_LINEAGE
AY591512.1	Chlorella vulgaris	Chlorella vulgaris	Chlorella vulgaris	Chlorophyta	Trebouxiophyceae	Chlorellales	Chlorellaceae	Chlorella	NCBI_LINEAGE
AY591513.1	Chlorella vulgaris	Chlorella vulgaris	Chlorella vulgaris	Chlorophyta	Trebouxiophyceae	Chlorellales	Chlorellaceae	Chlorella	NCBI_LINEAGE
AY591514.1	Chlorella vulgaris	Chlorella vulgaris	Chlorella vulgaris	Chlorophyta	Trebouxiophyceae	Chlorellales	Chlorellaceae	Chlorella	NCBI_LINEAGE
AY948419.1	Chlorella vulgaris	Chlorella vulgaris	Chlorella vulgaris	Chlorophyta	Trebouxiophyceae	Chlorellales	Chlorellaceae	Chlorella	NCBI_LINEAGE
JX185298.1	Chlorella vulgaris	Chlorella vulgaris	Chlorella vulgaris	Chlorophyta	Trebouxiophyceae	Chlorellales	Chlorellaceae	Chlorella	NCBI_LINEAGE
KC517115.1	Chlorella vulgaris	Chlorella vulgaris	Chlorella vulgaris	Chlorophyta	Trebouxiophyceae	Chlorellales	Chlorellaceae	Chlorella	NCBI_LINEAGE
KJ676102.1	Chlorella vulgaris	Chlorella vulgaris	Chlorella vulgaris	Chlorophyta	Trebouxiophyceae	Chlorellales	Chlorellaceae	Chlorella	NCBI_LINEAGE
KJ676103.1	Chlorella vulgaris	Chlorella vulgaris	Chlorella vulgaris	Chlorophyta	Trebouxiophyceae	Chlorellales	Chlorellaceae	Chlorella	NCBI_LINEAGE
KJ676104.1	Chlorella vulgaris	Chlorella vulgaris	Chlorella vulgaris	Chlorophyta	Trebouxiophyceae	Chlorellales	Chlorellaceae	Chlorella	NCBI_LINEAGE
KJ676107.1	Chlorella vulgaris	Chlorella vulgaris	Chlorella vulgaris	Chlorophyta	Trebouxiophyceae	Chlorellales	Chlorellaceae	Chlorella	NCBI_LINEAGE
KJ676108.1	Chlorella vulgaris	Chlorella vulgaris	Chlorella vulgaris	Chlorophyta	Trebouxiophyceae	Chlorellales	Chlorellaceae	Chlorella	NCBI_LINEAGE
KJ676110.1	Chlorella vulgaris	Chlorella vulgaris	Chlorella vulgaris	Chlorophyta	Trebouxiophyceae	Chlorellales	Chlorellaceae	Chlorella	NCBI_LINEAGE
KJ756813.1	Chlorella vulgaris	Chlorella vulgaris	Chlorella vulgaris	Chlorophyta	Trebouxiophyceae	Chlorellales	Chlorellaceae	Chlorella	NCBI_LINEAGE
KJ756823.1	Chlorella vulgaris	Chlorella vulgaris	Chlorella vulgaris	Chlorophyta	Trebouxiophyceae	Chlorellales	Chlorellaceae	Chlorella	NCBI_LINEAGE
KP645226.1	Chlorella vulgaris	Chlorella vulgaris	Chlorella vulgaris	Chlorophyta	Trebouxiophyceae	Chlorellales	Chlorellaceae	Chlorella	NCBI_LINEAGE
KP645227.1	Chlorella vulgaris	Chlorella vulgaris	Chlorella vulgaris	Chlorophyta	Trebouxiophyceae	Chlorellales	Chlorellaceae	Chlorella	NCBI_LINEAGE
KP645228.1	Chlorella vulgaris	Chlorella vulgaris	Chlorella vulgaris	Chlorophyta	Trebouxiophyceae	Chlorellales	Chlorellaceae	Chlorella	NCBI_LINEAGE
KP645229.1	Chlorella vulgaris	Chlorella vulgaris	Chlorella vulgaris	Chlorophyta	Trebouxiophyceae	Chlorellales	Chlorellaceae	Chlorella	NCBI_LINEAGE
KX094779.1	Chlorella vulgaris	Chlorella vulgaris	Chlorella vulgaris	Chlorophyta	Trebouxiophyceae	Chlorellales	Chlorellaceae	Chlorella	NCBI_LINEAGE
KX094780.1	Chlorella vulgaris	Chlorella vulgaris	Chlorella vulgaris	Chlorophyta	Trebouxiophyceae	Chlorellales	Chlorellaceae	Chlorella	NCBI_LINEAGE
KX094781.1	Chlorella vulgaris	Chlorella vulgaris	Chlorella vulgaris	Chlorophyta	Trebouxiophyceae	Chlorellales	Chlorellaceae	Chlorella	NCBI_LINEAGE
KX094782.1	Chlorella vulgaris	Chlorella vulgaris	Chlorella vulgaris	Chlorophyta	Trebouxiophyceae	Chlorellales	Chlorellaceae	Chlorella	NCBI_LINEAGE
KX094783.1	Chlorella vulgaris	Chlorella vulgaris	Chlorella vulgaris	Chlorophyta	Trebouxiophyceae	Chlorellales	Chlorellaceae	Chlorella	NCBI_LINEAGE
KX094784.1	Chlorella vulgaris	Chlorella vulgaris	Chlorella vulgaris	Chlorophyta	Trebouxiophyceae	Chlorellales	Chlorellaceae	Chlorella	NCBI_LINEAGE
KX094785.1	Chlorella vulgaris	Chlorella vulgaris	Chlorella vulgaris	Chlorophyta	Trebouxiophyceae	Chlorellales	Chlorellaceae	Chlorella	NCBI_LINEAGE
KX094786.1	Chlorella vulgaris	Chlorella vulgaris	Chlorella vulgaris	Chlorophyta	Trebouxiophyceae	Chlorellales	Chlorellaceae	Chlorella	NCBI_LINEAGE
KX094787.1	Chlorella vulgaris	Chlorella vulgaris	Chlorella vulgaris	Chlorophyta	Trebouxiophyceae	Chlorellales	Chlorellaceae	Chlorella	NCBI_LINEAGE
KX094788.1	Chlorella vulgaris	Chlorella vulgaris	Chlorella vulgaris	Chlorophyta	Trebouxiophyceae	Chlorellales	Chlorellaceae	Chlorella	NCBI_LINEAGE
KX094789.1	Chlorella vulgaris	Chlorella vulgaris	Chlorella vulgaris	Chlorophyta	Trebouxiophyceae	Chlorellales	Chlorellaceae	Chlorella	NCBI_LINEAGE
KX094790.1	Chlorella vulgaris	Chlorella vulgaris	Chlorella vulgaris	Chlorophyta	Trebouxiophyceae	Chlorellales	Chlorellaceae	Chlorella	NCBI_LINEAGE
KX094791.1	Chlorella vulgaris	Chlorella vulgaris	Chlorella vulgaris	Chlorophyta	Trebouxiophyceae	Chlorellales	Chlorellaceae	Chlorella	NCBI_LINEAGE
KX094792.1	Chlorella vulgaris	Chlorella vulgaris	Chlorella vulgaris	Chlorophyta	Trebouxiophyceae	Chlorellales	Chlorellaceae	Chlorella	NCBI_LINEAGE
KX094793.1	Chlorella vulgaris	Chlorella vulgaris	Chlorella vulgaris	Chlorophyta	Trebouxiophyceae	Chlorellales	Chlorellaceae	Chlorella	NCBI_LINEAGE
KX094794.1	Chlorella vulgaris	Chlorella vulgaris	Chlorella vulgaris	Chlorophyta	Trebouxiophyceae	Chlorellales	Chlorellaceae	Chlorella	NCBI_LINEAGE
KX094795.1	Chlorella vulgaris	Chlorella vulgaris	Chlorella vulgaris	Chlorophyta	Trebouxiophyceae	Chlorellales	Chlorellaceae	Chlorella	NCBI_LINEAGE
KX094796.1	Chlorella vulgaris	Chlorella vulgaris	Chlorella vulgaris	Chlorophyta	Trebouxiophyceae	Chlorellales	Chlorellaceae	Chlorella	NCBI_LINEAGE
KX094797.1	Chlorella vulgaris	Chlorella vulgaris	Chlorella vulgaris	Chlorophyta	Trebouxiophyceae	Chlorellales	Chlorellaceae	Chlorella	NCBI_LINEAGE
MF952449.1	Chlorella vulgaris	Chlorella vulgaris	Chlorella vulgaris	Chlorophyta	Trebouxiophyceae	Chlorellales	Chlorellaceae	Chlorella	NCBI_LINEAGE
MT108181.1	Chlorella vulgaris	Chlorella vulgaris	Chlorella vulgaris	Chlorophyta	Trebouxiophyceae	Chlorellales	Chlorellaceae	Chlorella	NCBI_LINEAGE
OR852645.1	Chlorella vulgaris	Chlorella vulgaris	Chlorella vulgaris	Chlorophyta	Trebouxiophyceae	Chlorellales	Chlorellaceae	Chlorella	NCBI_LINEAGE
OR852646.1	Chlorella vulgaris	Chlorella vulgaris	Chlorella vulgaris	Chlorophyta	Trebouxiophyceae	Chlorellales	Chlorellaceae	Chlorella	NCBI_LINEAGE
PQ490563.1	Chlorella vulgaris	Chlorella vulgaris	Chlorella vulgaris	Chlorophyta	Trebouxiophyceae	Chlorellales	Chlorellaceae	Chlorella	NCBI_LINEAGE
PQ490566.1	Chlorella vulgaris	Chlorella vulgaris	Chlorella vulgaris	Chlorophyta	Trebouxiophyceae	Chlorellales	Chlorellaceae	Chlorella	NCBI_LINEAGE
PV432761.1	Chlorella vulgaris	Chlorella vulgaris	Chlorella vulgaris	Chlorophyta	Trebouxiophyceae	Chlorellales	Chlorellaceae	Chlorella	NCBI_LINEAGE
PV432762.1	Chlorella vulgaris	Chlorella vulgaris	Chlorella vulgaris	Chlorophyta	Trebouxiophyceae	Chlorellales	Chlorellaceae	Chlorella	NCBI_LINEAGE
PV432763.1	Chlorella vulgaris	Chlorella vulgaris	Chlorella vulgaris	Chlorophyta	Trebouxiophyceae	Chlorellales	Chlorellaceae	Chlorella	NCBI_LINEAGE
PZ352993.1	Chlorella vulgaris	Chlorella vulgaris	Chlorella vulgaris	Chlorophyta	Trebouxiophyceae	Chlorellales	Chlorellaceae	Chlorella	NCBI_LINEAGE
MT040973.1	Chlorococcum infusionum	Chlorococcum infusionum	Chlorococcum infusionum	Chlorophyta	Chlorophyceae	Chlamydomonadales	Chlorococcaceae	Chlorococcum	NCBI_LINEAGE
LR743477.1	Chondrilla chondrilloides	Chondrilla chondrilloides	Chondrilla chondrilloides	Tracheophyta	Magnoliopsida	Asterales	Asteraceae	Chondrilla	BOLD_GENUS_BACKBONE
AF218883.1	Chrysanthemum segetum	Glebionis segetum	Glebionis segetum	Streptophyta	Magnoliopsida	Asterales	Asteraceae	Glebionis	NCBI_LINEAGE
MK031717.1	Cinclidotus aquaticus	Cinclidotus aquaticus	Cinclidotus aquaticus	Bryophyta	Bryopsida	Pottiales	Cinclidotaceae	Cinclidotus	BOLD_GENUS_BACKBONE
KC969550.1	Cirsium erisithales	Cirsium erisithales	Cirsium erisithales	Tracheophyta	Magnoliopsida	Asterales	Asteraceae	Cirsium	BOLD_GENUS_BACKBONE
AY780402.1	Cirsium oleraceum	Cirsium oleraceum	Cirsium oleraceum	Tracheophyta	Magnoliopsida	Asterales	Asteraceae	Cirsium	BOLD_GENUS_BACKBONE
KT249783.1	Cirsium oleraceum	Cirsium oleraceum	Cirsium oleraceum	Tracheophyta	Magnoliopsida	Asterales	Asteraceae	Cirsium	BOLD_GENUS_BACKBONE
KT249784.1	Cirsium oleraceum	Cirsium oleraceum	Cirsium oleraceum	Tracheophyta	Magnoliopsida	Asterales	Asteraceae	Cirsium	BOLD_GENUS_BACKBONE
KT249785.1	Cirsium oleraceum	Cirsium oleraceum	Cirsium oleraceum	Tracheophyta	Magnoliopsida	Asterales	Asteraceae	Cirsium	BOLD_GENUS_BACKBONE
KT249786.1	Cirsium oleraceum	Cirsium oleraceum	Cirsium oleraceum	Tracheophyta	Magnoliopsida	Asterales	Asteraceae	Cirsium	BOLD_GENUS_BACKBONE
KT249787.1	Cirsium oleraceum	Cirsium oleraceum	Cirsium oleraceum	Tracheophyta	Magnoliopsida	Asterales	Asteraceae	Cirsium	BOLD_GENUS_BACKBONE
KT249788.1	Cirsium oleraceum	Cirsium oleraceum	Cirsium oleraceum	Tracheophyta	Magnoliopsida	Asterales	Asteraceae	Cirsium	BOLD_GENUS_BACKBONE
KT249912.1	Cirsium rivulare	Cirsium rivulare	Cirsium rivulare	Tracheophyta	Magnoliopsida	Asterales	Asteraceae	Cirsium	BOLD_GENUS_BACKBONE
AB665565.1	Cladophora glomerata	Cladophora glomerata	Cladophora glomerata	Chlorophyta	Ulvophyceae	Cladophorales	Cladophoraceae	Cladophora	BOLD_GENUS_BACKBONE
AB665566.1	Cladophora glomerata	Cladophora glomerata	Cladophora glomerata	Chlorophyta	Ulvophyceae	Cladophorales	Cladophoraceae	Cladophora	BOLD_GENUS_BACKBONE
AB665564.1	Cladophora laetevirens	Cladophora laetevirens	Cladophora laetevirens	Chlorophyta	Ulvophyceae	Cladophorales	Cladophoraceae	Cladophora	BOLD_GENUS_BACKBONE
KC415696.1	Clematis alpina	Clematis alpina subsp. sibirica	Clematis alpina	Tracheophyta	Magnoliopsida	Ranunculales	Ranunculaceae	Clematis	BOLD_GENUS_BACKBONE
KC415697.1	Clematis alpina	Clematis alpina subsp. sibirica	Clematis alpina	Tracheophyta	Magnoliopsida	Ranunculales	Ranunculaceae	Clematis	BOLD_GENUS_BACKBONE
KC415698.1	Clematis alpina	Clematis alpina subsp. sibirica	Clematis alpina	Tracheophyta	Magnoliopsida	Ranunculales	Ranunculaceae	Clematis	BOLD_GENUS_BACKBONE
KC415699.1	Clematis alpina	Clematis alpina subsp. sibirica	Clematis alpina	Tracheophyta	Magnoliopsida	Ranunculales	Ranunculaceae	Clematis	BOLD_GENUS_BACKBONE
KC415700.1	Clematis alpina	Clematis alpina subsp. sibirica	Clematis alpina	Tracheophyta	Magnoliopsida	Ranunculales	Ranunculaceae	Clematis	BOLD_GENUS_BACKBONE
KC415701.1	Clematis alpina	Clematis alpina subsp. sibirica	Clematis alpina	Tracheophyta	Magnoliopsida	Ranunculales	Ranunculaceae	Clematis	BOLD_GENUS_BACKBONE
KC415702.1	Clematis alpina	Clematis alpina subsp. sibirica	Clematis alpina	Tracheophyta	Magnoliopsida	Ranunculales	Ranunculaceae	Clematis	BOLD_GENUS_BACKBONE
KC415703.1	Clematis alpina	Clematis alpina subsp. sibirica	Clematis alpina	Tracheophyta	Magnoliopsida	Ranunculales	Ranunculaceae	Clematis	BOLD_GENUS_BACKBONE
KC415704.1	Clematis alpina	Clematis alpina subsp. sibirica	Clematis alpina	Tracheophyta	Magnoliopsida	Ranunculales	Ranunculaceae	Clematis	BOLD_GENUS_BACKBONE
KC415705.1	Clematis alpina	Clematis alpina subsp. sibirica	Clematis alpina	Tracheophyta	Magnoliopsida	Ranunculales	Ranunculaceae	Clematis	BOLD_GENUS_BACKBONE
KC415706.1	Clematis alpina	Clematis alpina subsp. sibirica	Clematis alpina	Tracheophyta	Magnoliopsida	Ranunculales	Ranunculaceae	Clematis	BOLD_GENUS_BACKBONE
AF477779.1	Clerodendrum trichotomum	Clerodendrum trichotomum	Clerodendrum trichotomum	Tracheophyta	Magnoliopsida	Lamiales	Lamiaceae	Clerodendrum	BOLD_GENUS_BACKBONE
KX810051.1	Clerodendrum trichotomum	Clerodendrum trichotomum	Clerodendrum trichotomum	Tracheophyta	Magnoliopsida	Lamiales	Lamiaceae	Clerodendrum	BOLD_GENUS_BACKBONE
KY082770.1	Clerodendrum trichotomum	Clerodendrum trichotomum	Clerodendrum trichotomum	Tracheophyta	Magnoliopsida	Lamiales	Lamiaceae	Clerodendrum	BOLD_GENUS_BACKBONE
LC085991.1	Clerodendrum trichotomum	Clerodendrum trichotomum	Clerodendrum trichotomum	Tracheophyta	Magnoliopsida	Lamiales	Lamiaceae	Clerodendrum	BOLD_GENUS_BACKBONE
LC085992.1	Clerodendrum trichotomum	Clerodendrum trichotomum	Clerodendrum trichotomum	Tracheophyta	Magnoliopsida	Lamiales	Lamiaceae	Clerodendrum	BOLD_GENUS_BACKBONE
LC085993.1	Clerodendrum trichotomum	Clerodendrum trichotomum	Clerodendrum trichotomum	Tracheophyta	Magnoliopsida	Lamiales	Lamiaceae	Clerodendrum	BOLD_GENUS_BACKBONE
LC085994.1	Clerodendrum trichotomum	Clerodendrum trichotomum	Clerodendrum trichotomum	Tracheophyta	Magnoliopsida	Lamiales	Lamiaceae	Clerodendrum	BOLD_GENUS_BACKBONE
LC085995.1	Clerodendrum trichotomum	Clerodendrum trichotomum	Clerodendrum trichotomum	Tracheophyta	Magnoliopsida	Lamiales	Lamiaceae	Clerodendrum	BOLD_GENUS_BACKBONE
LC085996.1	Clerodendrum trichotomum	Clerodendrum trichotomum	Clerodendrum trichotomum	Tracheophyta	Magnoliopsida	Lamiales	Lamiaceae	Clerodendrum	BOLD_GENUS_BACKBONE
LC085997.1	Clerodendrum trichotomum	Clerodendrum trichotomum	Clerodendrum trichotomum	Tracheophyta	Magnoliopsida	Lamiales	Lamiaceae	Clerodendrum	BOLD_GENUS_BACKBONE
LC085998.1	Clerodendrum trichotomum	Clerodendrum trichotomum	Clerodendrum trichotomum	Tracheophyta	Magnoliopsida	Lamiales	Lamiaceae	Clerodendrum	BOLD_GENUS_BACKBONE
LC085999.1	Clerodendrum trichotomum	Clerodendrum trichotomum	Clerodendrum trichotomum	Tracheophyta	Magnoliopsida	Lamiales	Lamiaceae	Clerodendrum	BOLD_GENUS_BACKBONE
LC086000.1	Clerodendrum trichotomum	Clerodendrum trichotomum var. fargesii	Clerodendrum trichotomum	Tracheophyta	Magnoliopsida	Lamiales	Lamiaceae	Clerodendrum	BOLD_GENUS_BACKBONE
LC086001.1	Clerodendrum trichotomum	Clerodendrum trichotomum var. esculentum	Clerodendrum trichotomum	Tracheophyta	Magnoliopsida	Lamiales	Lamiaceae	Clerodendrum	BOLD_GENUS_BACKBONE
LC086002.1	Clerodendrum trichotomum	Clerodendrum trichotomum var. esculentum	Clerodendrum trichotomum	Tracheophyta	Magnoliopsida	Lamiales	Lamiaceae	Clerodendrum	BOLD_GENUS_BACKBONE
LC086003.1	Clerodendrum trichotomum	Clerodendrum trichotomum var. fargesii	Clerodendrum trichotomum	Tracheophyta	Magnoliopsida	Lamiales	Lamiaceae	Clerodendrum	BOLD_GENUS_BACKBONE
LC086004.1	Clerodendrum trichotomum	Clerodendrum trichotomum var. fargesii	Clerodendrum trichotomum	Tracheophyta	Magnoliopsida	Lamiales	Lamiaceae	Clerodendrum	BOLD_GENUS_BACKBONE
U77771.1	Clerodendrum trichotomum	Clerodendrum trichotomum	Clerodendrum trichotomum	Tracheophyta	Magnoliopsida	Lamiales	Lamiaceae	Clerodendrum	BOLD_GENUS_BACKBONE
AF419991.1	Closterium ehrenbergii	Closterium ehrenbergii	Closterium ehrenbergii	Streptophyta	Zygnematophyceae	Desmidiales	Closteriaceae	Closterium	NCBI_LINEAGE
AY148885.1	Closterium ehrenbergii	Closterium ehrenbergii	Closterium ehrenbergii	Streptophyta	Zygnematophyceae	Desmidiales	Closteriaceae	Closterium	NCBI_LINEAGE
AY148886.1	Closterium ehrenbergii	Closterium ehrenbergii	Closterium ehrenbergii	Streptophyta	Zygnematophyceae	Desmidiales	Closteriaceae	Closterium	NCBI_LINEAGE
AY148887.1	Closterium ehrenbergii	Closterium ehrenbergii	Closterium ehrenbergii	Streptophyta	Zygnematophyceae	Desmidiales	Closteriaceae	Closterium	NCBI_LINEAGE
AY148888.1	Closterium ehrenbergii	Closterium ehrenbergii	Closterium ehrenbergii	Streptophyta	Zygnematophyceae	Desmidiales	Closteriaceae	Closterium	NCBI_LINEAGE
AY148889.1	Closterium ehrenbergii	Closterium ehrenbergii	Closterium ehrenbergii	Streptophyta	Zygnematophyceae	Desmidiales	Closteriaceae	Closterium	NCBI_LINEAGE
AY148890.1	Closterium ehrenbergii	Closterium ehrenbergii	Closterium ehrenbergii	Streptophyta	Zygnematophyceae	Desmidiales	Closteriaceae	Closterium	NCBI_LINEAGE
AY148891.1	Closterium ehrenbergii	Closterium ehrenbergii	Closterium ehrenbergii	Streptophyta	Zygnematophyceae	Desmidiales	Closteriaceae	Closterium	NCBI_LINEAGE
AY148892.1	Closterium ehrenbergii	Closterium ehrenbergii	Closterium ehrenbergii	Streptophyta	Zygnematophyceae	Desmidiales	Closteriaceae	Closterium	NCBI_LINEAGE
AY148893.1	Closterium ehrenbergii	Closterium ehrenbergii	Closterium ehrenbergii	Streptophyta	Zygnematophyceae	Desmidiales	Closteriaceae	Closterium	NCBI_LINEAGE
AY148894.1	Closterium ehrenbergii	Closterium ehrenbergii	Closterium ehrenbergii	Streptophyta	Zygnematophyceae	Desmidiales	Closteriaceae	Closterium	NCBI_LINEAGE
AY148895.1	Closterium ehrenbergii	Closterium ehrenbergii	Closterium ehrenbergii	Streptophyta	Zygnematophyceae	Desmidiales	Closteriaceae	Closterium	NCBI_LINEAGE
AY148896.1	Closterium ehrenbergii	Closterium ehrenbergii	Closterium ehrenbergii	Streptophyta	Zygnematophyceae	Desmidiales	Closteriaceae	Closterium	NCBI_LINEAGE
AY148897.1	Closterium ehrenbergii	Closterium ehrenbergii	Closterium ehrenbergii	Streptophyta	Zygnematophyceae	Desmidiales	Closteriaceae	Closterium	NCBI_LINEAGE
AY148898.1	Closterium ehrenbergii	Closterium ehrenbergii	Closterium ehrenbergii	Streptophyta	Zygnematophyceae	Desmidiales	Closteriaceae	Closterium	NCBI_LINEAGE
AY148899.1	Closterium ehrenbergii	Closterium ehrenbergii	Closterium ehrenbergii	Streptophyta	Zygnematophyceae	Desmidiales	Closteriaceae	Closterium	NCBI_LINEAGE
AY148900.1	Closterium ehrenbergii	Closterium ehrenbergii	Closterium ehrenbergii	Streptophyta	Zygnematophyceae	Desmidiales	Closteriaceae	Closterium	NCBI_LINEAGE
AY148901.1	Closterium ehrenbergii	Closterium ehrenbergii	Closterium ehrenbergii	Streptophyta	Zygnematophyceae	Desmidiales	Closteriaceae	Closterium	NCBI_LINEAGE
AY148902.1	Closterium ehrenbergii	Closterium ehrenbergii	Closterium ehrenbergii	Streptophyta	Zygnematophyceae	Desmidiales	Closteriaceae	Closterium	NCBI_LINEAGE
AY148903.1	Closterium ehrenbergii	Closterium ehrenbergii	Closterium ehrenbergii	Streptophyta	Zygnematophyceae	Desmidiales	Closteriaceae	Closterium	NCBI_LINEAGE
AY148904.1	Closterium ehrenbergii	Closterium ehrenbergii	Closterium ehrenbergii	Streptophyta	Zygnematophyceae	Desmidiales	Closteriaceae	Closterium	NCBI_LINEAGE
AY148905.1	Closterium ehrenbergii	Closterium ehrenbergii	Closterium ehrenbergii	Streptophyta	Zygnematophyceae	Desmidiales	Closteriaceae	Closterium	NCBI_LINEAGE
AY148906.1	Closterium ehrenbergii	Closterium ehrenbergii	Closterium ehrenbergii	Streptophyta	Zygnematophyceae	Desmidiales	Closteriaceae	Closterium	NCBI_LINEAGE
AY148907.1	Closterium ehrenbergii	Closterium ehrenbergii	Closterium ehrenbergii	Streptophyta	Zygnematophyceae	Desmidiales	Closteriaceae	Closterium	NCBI_LINEAGE
AY148908.1	Closterium ehrenbergii	Closterium ehrenbergii	Closterium ehrenbergii	Streptophyta	Zygnematophyceae	Desmidiales	Closteriaceae	Closterium	NCBI_LINEAGE
AY148909.1	Closterium ehrenbergii	Closterium ehrenbergii	Closterium ehrenbergii	Streptophyta	Zygnematophyceae	Desmidiales	Closteriaceae	Closterium	NCBI_LINEAGE
AY148910.1	Closterium ehrenbergii	Closterium ehrenbergii	Closterium ehrenbergii	Streptophyta	Zygnematophyceae	Desmidiales	Closteriaceae	Closterium	NCBI_LINEAGE
AY148911.1	Closterium ehrenbergii	Closterium ehrenbergii	Closterium ehrenbergii	Streptophyta	Zygnematophyceae	Desmidiales	Closteriaceae	Closterium	NCBI_LINEAGE
AY148912.1	Closterium ehrenbergii	Closterium ehrenbergii	Closterium ehrenbergii	Streptophyta	Zygnematophyceae	Desmidiales	Closteriaceae	Closterium	NCBI_LINEAGE
AY148913.1	Closterium ehrenbergii	Closterium ehrenbergii	Closterium ehrenbergii	Streptophyta	Zygnematophyceae	Desmidiales	Closteriaceae	Closterium	NCBI_LINEAGE
AY148914.1	Closterium ehrenbergii	Closterium ehrenbergii	Closterium ehrenbergii	Streptophyta	Zygnematophyceae	Desmidiales	Closteriaceae	Closterium	NCBI_LINEAGE
AY148915.1	Closterium ehrenbergii	Closterium ehrenbergii	Closterium ehrenbergii	Streptophyta	Zygnematophyceae	Desmidiales	Closteriaceae	Closterium	NCBI_LINEAGE
AY148916.1	Closterium ehrenbergii	Closterium ehrenbergii	Closterium ehrenbergii	Streptophyta	Zygnematophyceae	Desmidiales	Closteriaceae	Closterium	NCBI_LINEAGE
AY148917.1	Closterium ehrenbergii	Closterium ehrenbergii	Closterium ehrenbergii	Streptophyta	Zygnematophyceae	Desmidiales	Closteriaceae	Closterium	NCBI_LINEAGE
AY148918.1	Closterium ehrenbergii	Closterium ehrenbergii	Closterium ehrenbergii	Streptophyta	Zygnematophyceae	Desmidiales	Closteriaceae	Closterium	NCBI_LINEAGE
AY148919.1	Closterium ehrenbergii	Closterium ehrenbergii	Closterium ehrenbergii	Streptophyta	Zygnematophyceae	Desmidiales	Closteriaceae	Closterium	NCBI_LINEAGE
AY148920.1	Closterium ehrenbergii	Closterium ehrenbergii	Closterium ehrenbergii	Streptophyta	Zygnematophyceae	Desmidiales	Closteriaceae	Closterium	NCBI_LINEAGE
AY148921.1	Closterium ehrenbergii	Closterium ehrenbergii	Closterium ehrenbergii	Streptophyta	Zygnematophyceae	Desmidiales	Closteriaceae	Closterium	NCBI_LINEAGE
AY148922.1	Closterium ehrenbergii	Closterium ehrenbergii	Closterium ehrenbergii	Streptophyta	Zygnematophyceae	Desmidiales	Closteriaceae	Closterium	NCBI_LINEAGE
AY148923.1	Closterium ehrenbergii	Closterium ehrenbergii	Closterium ehrenbergii	Streptophyta	Zygnematophyceae	Desmidiales	Closteriaceae	Closterium	NCBI_LINEAGE
AY148924.1	Closterium ehrenbergii	Closterium ehrenbergii	Closterium ehrenbergii	Streptophyta	Zygnematophyceae	Desmidiales	Closteriaceae	Closterium	NCBI_LINEAGE
AY148925.1	Closterium ehrenbergii	Closterium ehrenbergii	Closterium ehrenbergii	Streptophyta	Zygnematophyceae	Desmidiales	Closteriaceae	Closterium	NCBI_LINEAGE
AY148926.1	Closterium ehrenbergii	Closterium ehrenbergii	Closterium ehrenbergii	Streptophyta	Zygnematophyceae	Desmidiales	Closteriaceae	Closterium	NCBI_LINEAGE
AY148927.1	Closterium ehrenbergii	Closterium ehrenbergii	Closterium ehrenbergii	Streptophyta	Zygnematophyceae	Desmidiales	Closteriaceae	Closterium	NCBI_LINEAGE
AY148928.1	Closterium ehrenbergii	Closterium ehrenbergii	Closterium ehrenbergii	Streptophyta	Zygnematophyceae	Desmidiales	Closteriaceae	Closterium	NCBI_LINEAGE
AY148929.1	Closterium ehrenbergii	Closterium ehrenbergii	Closterium ehrenbergii	Streptophyta	Zygnematophyceae	Desmidiales	Closteriaceae	Closterium	NCBI_LINEAGE
AY148930.1	Closterium ehrenbergii	Closterium ehrenbergii	Closterium ehrenbergii	Streptophyta	Zygnematophyceae	Desmidiales	Closteriaceae	Closterium	NCBI_LINEAGE
AY148931.1	Closterium ehrenbergii	Closterium ehrenbergii	Closterium ehrenbergii	Streptophyta	Zygnematophyceae	Desmidiales	Closteriaceae	Closterium	NCBI_LINEAGE
AY148932.1	Closterium ehrenbergii	Closterium ehrenbergii	Closterium ehrenbergii	Streptophyta	Zygnematophyceae	Desmidiales	Closteriaceae	Closterium	NCBI_LINEAGE
AY148933.1	Closterium ehrenbergii	Closterium ehrenbergii	Closterium ehrenbergii	Streptophyta	Zygnematophyceae	Desmidiales	Closteriaceae	Closterium	NCBI_LINEAGE
AY148934.1	Closterium ehrenbergii	Closterium ehrenbergii	Closterium ehrenbergii	Streptophyta	Zygnematophyceae	Desmidiales	Closteriaceae	Closterium	NCBI_LINEAGE
AY148935.1	Closterium ehrenbergii	Closterium ehrenbergii	Closterium ehrenbergii	Streptophyta	Zygnematophyceae	Desmidiales	Closteriaceae	Closterium	NCBI_LINEAGE
AY148936.1	Closterium ehrenbergii	Closterium ehrenbergii	Closterium ehrenbergii	Streptophyta	Zygnematophyceae	Desmidiales	Closteriaceae	Closterium	NCBI_LINEAGE
AY148937.1	Closterium ehrenbergii	Closterium ehrenbergii	Closterium ehrenbergii	Streptophyta	Zygnematophyceae	Desmidiales	Closteriaceae	Closterium	NCBI_LINEAGE
AY148938.1	Closterium ehrenbergii	Closterium ehrenbergii	Closterium ehrenbergii	Streptophyta	Zygnematophyceae	Desmidiales	Closteriaceae	Closterium	NCBI_LINEAGE
AY394657.1	Closterium ehrenbergii	Closterium ehrenbergii	Closterium ehrenbergii	Streptophyta	Zygnematophyceae	Desmidiales	Closteriaceae	Closterium	NCBI_LINEAGE
AY394658.1	Closterium ehrenbergii	Closterium ehrenbergii	Closterium ehrenbergii	Streptophyta	Zygnematophyceae	Desmidiales	Closteriaceae	Closterium	NCBI_LINEAGE
AY394659.1	Closterium ehrenbergii	Closterium ehrenbergii	Closterium ehrenbergii	Streptophyta	Zygnematophyceae	Desmidiales	Closteriaceae	Closterium	NCBI_LINEAGE
AB914686.1	Closterium moniliferum	Closterium moniliferum	Closterium moniliferum	Streptophyta	Zygnematophyceae	Desmidiales	Closteriaceae	Closterium	NCBI_LINEAGE
AY148944.1	Closterium moniliferum	Closterium moniliferum var. moniliferum	Closterium moniliferum	Streptophyta	Zygnematophyceae	Desmidiales	Closteriaceae	Closterium	NCBI_LINEAGE
AY148945.1	Closterium moniliferum	Closterium moniliferum var. moniliferum	Closterium moniliferum	Streptophyta	Zygnematophyceae	Desmidiales	Closteriaceae	Closterium	NCBI_LINEAGE
AY148946.1	Closterium moniliferum	Closterium moniliferum var. moniliferum	Closterium moniliferum	Streptophyta	Zygnematophyceae	Desmidiales	Closteriaceae	Closterium	NCBI_LINEAGE
AY148947.1	Closterium moniliferum	Closterium moniliferum var. moniliferum	Closterium moniliferum	Streptophyta	Zygnematophyceae	Desmidiales	Closteriaceae	Closterium	NCBI_LINEAGE
AY148948.1	Closterium moniliferum	Closterium moniliferum var. moniliferum	Closterium moniliferum	Streptophyta	Zygnematophyceae	Desmidiales	Closteriaceae	Closterium	NCBI_LINEAGE
AY148949.1	Closterium moniliferum	Closterium moniliferum var. moniliferum	Closterium moniliferum	Streptophyta	Zygnematophyceae	Desmidiales	Closteriaceae	Closterium	NCBI_LINEAGE
AY148950.1	Closterium moniliferum	Closterium moniliferum var. moniliferum	Closterium moniliferum	Streptophyta	Zygnematophyceae	Desmidiales	Closteriaceae	Closterium	NCBI_LINEAGE
AY394660.1	Closterium moniliferum	Closterium moniliferum var. moniliferum	Closterium moniliferum	Streptophyta	Zygnematophyceae	Desmidiales	Closteriaceae	Closterium	NCBI_LINEAGE
AY394661.1	Closterium moniliferum	Closterium moniliferum var. moniliferum	Closterium moniliferum	Streptophyta	Zygnematophyceae	Desmidiales	Closteriaceae	Closterium	NCBI_LINEAGE
AY394662.1	Closterium moniliferum	Closterium moniliferum var. moniliferum	Closterium moniliferum	Streptophyta	Zygnematophyceae	Desmidiales	Closteriaceae	Closterium	NCBI_LINEAGE
AF009093.1	Cnidium silaifolium	Cnidium silaifolium	Cnidium silaifolium	Streptophyta	Magnoliopsida	Apiales	Apiaceae	Cnidium	NCBI_LINEAGE
U78467.1	Cnidium silaifolium	Cnidium silaifolium	Cnidium silaifolium	Streptophyta	Magnoliopsida	Apiales	Apiaceae	Cnidium	NCBI_LINEAGE
GQ375089.1	Coelastrum astroideum	Coelastrum astroideum	Coelastrum astroideum	Chlorophyta	Chlorophyceae	Sphaeropleales	Scenedesmaceae	Coelastrum	NCBI_LINEAGE
GQ375090.1	Coelastrum astroideum	Coelastrum astroideum	Coelastrum astroideum	Chlorophyta	Chlorophyceae	Sphaeropleales	Scenedesmaceae	Coelastrum	NCBI_LINEAGE
GQ375092.1	Coelastrum astroideum	Coelastrum astroideum var. rugosum	Coelastrum astroideum	Chlorophyta	Chlorophyceae	Sphaeropleales	Scenedesmaceae	Coelastrum	NCBI_LINEAGE
GQ375093.1	Coelastrum astroideum	Coelastrum astroideum var. rugosum	Coelastrum astroideum	Chlorophyta	Chlorophyceae	Sphaeropleales	Scenedesmaceae	Coelastrum	NCBI_LINEAGE
PZ019939.1	Coelastrum astroideum	Coelastrum astroideum	Coelastrum astroideum	Chlorophyta	Chlorophyceae	Sphaeropleales	Scenedesmaceae	Coelastrum	NCBI_LINEAGE
GQ375095.1	Coelastrum microporum	Coelastrum microporum	Coelastrum microporum	Chlorophyta	Chlorophyceae	Sphaeropleales	Scenedesmaceae	Coelastrum	NCBI_LINEAGE
KP726225.1	Coelastrum microporum	Coelastrum microporum	Coelastrum microporum	Chlorophyta	Chlorophyceae	Sphaeropleales	Scenedesmaceae	Coelastrum	NCBI_LINEAGE
KP726226.1	Coelastrum microporum	Coelastrum microporum	Coelastrum microporum	Chlorophyta	Chlorophyceae	Sphaeropleales	Scenedesmaceae	Coelastrum	NCBI_LINEAGE
OR841087.1	Coelastrum microporum	Coelastrum microporum	Coelastrum microporum	Chlorophyta	Chlorophyceae	Sphaeropleales	Scenedesmaceae	Coelastrum	NCBI_LINEAGE
PZ019940.1	Coelastrum microporum	Coelastrum microporum	Coelastrum microporum	Chlorophyta	Chlorophyceae	Sphaeropleales	Scenedesmaceae	Coelastrum	NCBI_LINEAGE
JN696446.1	Coeloglossum viride	Dactylorhiza viridis	Dactylorhiza viridis	Tracheophyta	Liliopsida	Asparagales	Orchidaceae	Dactylorhiza	BOLD_GENUS_BACKBONE
KM651262.1	Coeloglossum viride	Dactylorhiza viridis	Dactylorhiza viridis	Tracheophyta	Liliopsida	Asparagales	Orchidaceae	Dactylorhiza	BOLD_GENUS_BACKBONE
MK524318.1	Commelina communis	Commelina communis	Commelina communis	Streptophyta	Magnoliopsida	Commelinales	Commelinaceae	Commelina	NCBI_LINEAGE
EF601909.1	Conringia orientalis	Conringia orientalis	Conringia orientalis	Streptophyta	Magnoliopsida	Brassicales	Brassicaceae	Conringia	NCBI_LINEAGE
AF216557.1	Consolida ajacis	Delphinium ajacis	Delphinium ajacis	Streptophyta	Magnoliopsida	Ranunculales	Ranunculaceae	Delphinium	NCBI_LINEAGE
AY150244.1	Consolida ajacis	Delphinium ajacis	Delphinium ajacis	Streptophyta	Magnoliopsida	Ranunculales	Ranunculaceae	Delphinium	NCBI_LINEAGE
AH013856.2	Convolvulus cantabrica	Convolvulus cantabricus	Convolvulus cantabricus	Tracheophyta	Magnoliopsida	Solanales	Convolvulaceae	Convolvulus	BOLD_GENUS_BACKBONE
AY560278.1	Convolvulus cantabrica	Convolvulus cantabricus	Convolvulus cantabricus	Tracheophyta	Magnoliopsida	Solanales	Convolvulaceae	Convolvulus	BOLD_GENUS_BACKBONE
KC528966.1	Convolvulus cantabrica	Convolvulus cantabricus	Convolvulus cantabricus	Tracheophyta	Magnoliopsida	Solanales	Convolvulaceae	Convolvulus	BOLD_GENUS_BACKBONE
KC528967.1	Convolvulus cantabrica	Convolvulus cantabricus	Convolvulus cantabricus	Tracheophyta	Magnoliopsida	Solanales	Convolvulaceae	Convolvulus	BOLD_GENUS_BACKBONE
KC528968.1	Convolvulus cantabrica	Convolvulus cantabricus	Convolvulus cantabricus	Tracheophyta	Magnoliopsida	Solanales	Convolvulaceae	Convolvulus	BOLD_GENUS_BACKBONE
KC528969.1	Convolvulus cantabrica	Convolvulus cantabricus	Convolvulus cantabricus	Tracheophyta	Magnoliopsida	Solanales	Convolvulaceae	Convolvulus	BOLD_GENUS_BACKBONE
AF118513.1	Conyza bonariensis	Conyza bonariensis	Conyza bonariensis	Streptophyta	Magnoliopsida	Asterales	Asteraceae	Conyza	NCBI_LINEAGE
AY875696.1	Conyza bonariensis	Conyza bonariensis	Conyza bonariensis	Streptophyta	Magnoliopsida	Asterales	Asteraceae	Conyza	NCBI_LINEAGE
KP175228.1	Conyza bonariensis	Conyza bonariensis	Conyza bonariensis	Streptophyta	Magnoliopsida	Asterales	Asteraceae	Conyza	NCBI_LINEAGE
KX420707.1	Conyza bonariensis	Conyza bonariensis	Conyza bonariensis	Streptophyta	Magnoliopsida	Asterales	Asteraceae	Conyza	NCBI_LINEAGE
MK524249.1	Conyza bonariensis	Conyza bonariensis	Conyza bonariensis	Streptophyta	Magnoliopsida	Asterales	Asteraceae	Conyza	NCBI_LINEAGE
AF046987.1	Conyza canadensis	Erigeron canadensis	Erigeron canadensis	Tracheophyta	Magnoliopsida	Asterales	Asteraceae	Erigeron	BOLD_GENUS_BACKBONE
AY875694.1	Conyza canadensis	Erigeron canadensis	Erigeron canadensis	Tracheophyta	Magnoliopsida	Asterales	Asteraceae	Erigeron	BOLD_GENUS_BACKBONE
AY875695.1	Conyza canadensis	Erigeron canadensis	Erigeron canadensis	Tracheophyta	Magnoliopsida	Asterales	Asteraceae	Erigeron	BOLD_GENUS_BACKBONE
EF108397.1	Conyza canadensis	Erigeron canadensis	Erigeron canadensis	Tracheophyta	Magnoliopsida	Asterales	Asteraceae	Erigeron	BOLD_GENUS_BACKBONE
KP175229.1	Conyza canadensis	Erigeron canadensis	Erigeron canadensis	Tracheophyta	Magnoliopsida	Asterales	Asteraceae	Erigeron	BOLD_GENUS_BACKBONE
MF349005.1	Conyza canadensis	Erigeron canadensis	Erigeron canadensis	Tracheophyta	Magnoliopsida	Asterales	Asteraceae	Erigeron	BOLD_GENUS_BACKBONE
MH768105.1	Conyza canadensis	Erigeron canadensis	Erigeron canadensis	Tracheophyta	Magnoliopsida	Asterales	Asteraceae	Erigeron	BOLD_GENUS_BACKBONE
MK397991.1	Conyza canadensis	Erigeron canadensis	Erigeron canadensis	Tracheophyta	Magnoliopsida	Asterales	Asteraceae	Erigeron	BOLD_GENUS_BACKBONE
MK397992.1	Conyza canadensis	Erigeron canadensis	Erigeron canadensis	Tracheophyta	Magnoliopsida	Asterales	Asteraceae	Erigeron	BOLD_GENUS_BACKBONE
MK397993.1	Conyza canadensis	Erigeron canadensis	Erigeron canadensis	Tracheophyta	Magnoliopsida	Asterales	Asteraceae	Erigeron	BOLD_GENUS_BACKBONE
MK397995.1	Conyza canadensis	Erigeron canadensis	Erigeron canadensis	Tracheophyta	Magnoliopsida	Asterales	Asteraceae	Erigeron	BOLD_GENUS_BACKBONE
AY875697.1	Conyza sumatrensis	Conyza sumatrensis	Conyza sumatrensis	Streptophyta	Magnoliopsida	Asterales	Asteraceae	Conyza	NCBI_LINEAGE
AY875698.1	Conyza sumatrensis	Conyza sumatrensis	Conyza sumatrensis	Streptophyta	Magnoliopsida	Asterales	Asteraceae	Conyza	NCBI_LINEAGE
JN315923.1	Conyza sumatrensis	Conyza sumatrensis	Conyza sumatrensis	Streptophyta	Magnoliopsida	Asterales	Asteraceae	Conyza	NCBI_LINEAGE
KY968841.1	Conyza sumatrensis	Conyza sumatrensis	Conyza sumatrensis	Streptophyta	Magnoliopsida	Asterales	Asteraceae	Conyza	NCBI_LINEAGE
MK397980.1	Conyza sumatrensis	Conyza sumatrensis	Conyza sumatrensis	Streptophyta	Magnoliopsida	Asterales	Asteraceae	Conyza	NCBI_LINEAGE
MK397981.1	Conyza sumatrensis	Conyza sumatrensis	Conyza sumatrensis	Streptophyta	Magnoliopsida	Asterales	Asteraceae	Conyza	NCBI_LINEAGE
MK397982.1	Conyza sumatrensis	Conyza sumatrensis	Conyza sumatrensis	Streptophyta	Magnoliopsida	Asterales	Asteraceae	Conyza	NCBI_LINEAGE
MK397983.1	Conyza sumatrensis	Conyza sumatrensis	Conyza sumatrensis	Streptophyta	Magnoliopsida	Asterales	Asteraceae	Conyza	NCBI_LINEAGE
MK397984.1	Conyza sumatrensis	Conyza sumatrensis	Conyza sumatrensis	Streptophyta	Magnoliopsida	Asterales	Asteraceae	Conyza	NCBI_LINEAGE
MK397985.1	Conyza sumatrensis	Conyza sumatrensis	Conyza sumatrensis	Streptophyta	Magnoliopsida	Asterales	Asteraceae	Conyza	NCBI_LINEAGE
AF218531.1	Coronilla emerus	Hippocrepis emerus	Hippocrepis emerus	Tracheophyta	Magnoliopsida	Fabales	Fabaceae	Hippocrepis	BOLD_GENUS_BACKBONE
HM468332.1	Coronilla emerus	Hippocrepis emerus	Hippocrepis emerus	Tracheophyta	Magnoliopsida	Fabales	Fabaceae	Hippocrepis	BOLD_GENUS_BACKBONE
DQ641998.1	Coronilla vaginalis	Coronilla vaginalis	Coronilla vaginalis	Tracheophyta	Magnoliopsida	Fabales	Fabaceae	Coronilla	BOLD_GENUS_BACKBONE
AM991776.1	Coronopus didymus	Lepidium didymum	Lepidium didymum	Tracheophyta	Magnoliopsida	Brassicales	Brassicaceae	Lepidium	BOLD_GENUS_BACKBONE
KM892610.1	Coronopus didymus	Lepidium didymum	Lepidium didymum	Tracheophyta	Magnoliopsida	Brassicales	Brassicaceae	Lepidium	BOLD_GENUS_BACKBONE
KM892632.1	Coronopus didymus	Lepidium didymum	Lepidium didymum	Tracheophyta	Magnoliopsida	Brassicales	Brassicaceae	Lepidium	BOLD_GENUS_BACKBONE
KM892647.1	Coronopus didymus	Lepidium didymum	Lepidium didymum	Tracheophyta	Magnoliopsida	Brassicales	Brassicaceae	Lepidium	BOLD_GENUS_BACKBONE
KM892648.1	Coronopus didymus	Lepidium didymum	Lepidium didymum	Tracheophyta	Magnoliopsida	Brassicales	Brassicaceae	Lepidium	BOLD_GENUS_BACKBONE
PV700196.1	Coronopus didymus	Lepidium didymum	Lepidium didymum	Tracheophyta	Magnoliopsida	Brassicales	Brassicaceae	Lepidium	BOLD_GENUS_BACKBONE
AJ628288.1	Coronopus squamatus	Lepidium squamatum	Lepidium squamatum	Tracheophyta	Magnoliopsida	Brassicales	Brassicaceae	Lepidium	BOLD_GENUS_BACKBONE
AF019812.1	Cortaderia selloana	Cortaderia selloana	Cortaderia selloana	Streptophyta	Magnoliopsida	Poales	Poaceae	Cortaderia	NCBI_LINEAGE
AF154857.1	Cosmarium granatum	Cosmarium granatum	Cosmarium granatum	Streptophyta	Zygnematophyceae	Desmidiales	Desmidiaceae	Cosmarium	NCBI_LINEAGE
MN549115.1	Crepis bocconi	Crepis bocconi	Crepis bocconi	Tracheophyta	Magnoliopsida	Asterales	Asteraceae	Crepis	BOLD_GENUS_BACKBONE
MZ226957.1	Crepis chondrilloides	Crepis chondrilloides	Crepis chondrilloides	Tracheophyta	Magnoliopsida	Asterales	Asteraceae	Crepis	BOLD_GENUS_BACKBONE
MN549117.1	Crepis conyzifolia	Crepis conyzifolia	Crepis conyzifolia	Tracheophyta	Magnoliopsida	Asterales	Asteraceae	Crepis	BOLD_GENUS_BACKBONE
MN549118.1	Crepis conyzifolia	Crepis conyzifolia	Crepis conyzifolia	Tracheophyta	Magnoliopsida	Asterales	Asteraceae	Crepis	BOLD_GENUS_BACKBONE
MN549130.1	Crepis pannonica	Crepis pannonica	Crepis pannonica	Tracheophyta	Magnoliopsida	Asterales	Asteraceae	Crepis	BOLD_GENUS_BACKBONE
MT234676.1	Crepis pannonica	Crepis pannonica	Crepis pannonica	Tracheophyta	Magnoliopsida	Asterales	Asteraceae	Crepis	BOLD_GENUS_BACKBONE
MN549150.1	Crepis zacintha	Crepis zacintha	Crepis zacintha	Tracheophyta	Magnoliopsida	Asterales	Asteraceae	Crepis	BOLD_GENUS_BACKBONE
GU359238.1	Crypsis aculeata	Sporobolus aculeatus	Sporobolus aculeatus	Tracheophyta	Liliopsida	Poales	Poaceae	Sporobolus	BOLD_GENUS_BACKBONE
JQ345163.1	Crypsis aculeata	Sporobolus aculeatus	Sporobolus aculeatus	Tracheophyta	Liliopsida	Poales	Poaceae	Sporobolus	BOLD_GENUS_BACKBONE
GU359239.1	Crypsis schoenoides	Sporobolus schoenoides	Sporobolus schoenoides	Tracheophyta	Liliopsida	Poales	Poaceae	Sporobolus	BOLD_GENUS_BACKBONE
AF387522.1	Cryptomeria japonica	Cryptomeria japonica	Cryptomeria japonica	Streptophyta	Pinopsida	Cupressales	Cupressaceae	Cryptomeria	NCBI_LINEAGE
MF349094.1	Cryptomeria japonica	Cryptomeria japonica	Cryptomeria japonica	Streptophyta	Pinopsida	Cupressales	Cupressaceae	Cryptomeria	NCBI_LINEAGE
MF349200.1	Cupressus arizonica	Hesperocyparis arizonica	Hesperocyparis arizonica	Streptophyta	Pinopsida	Cupressales	Cupressaceae	Hesperocyparis	NCBI_LINEAGE
U60747.1	Cupressus arizonica	Hesperocyparis arizonica	Hesperocyparis arizonica	Streptophyta	Pinopsida	Cupressales	Cupressaceae	Hesperocyparis	NCBI_LINEAGE
U77954.1	Cupressus arizonica	Hesperocyparis arizonica	Hesperocyparis arizonica	Streptophyta	Pinopsida	Cupressales	Cupressaceae	Hesperocyparis	NCBI_LINEAGE
U77955.1	Cupressus arizonica	Hesperocyparis arizonica	Hesperocyparis arizonica	Streptophyta	Pinopsida	Cupressales	Cupressaceae	Hesperocyparis	NCBI_LINEAGE
U77956.1	Cupressus arizonica	Hesperocyparis arizonica	Hesperocyparis arizonica	Streptophyta	Pinopsida	Cupressales	Cupressaceae	Hesperocyparis	NCBI_LINEAGE
U77957.1	Cupressus arizonica	Hesperocyparis arizonica	Hesperocyparis arizonica	Streptophyta	Pinopsida	Cupressales	Cupressaceae	Hesperocyparis	NCBI_LINEAGE
U77958.1	Cupressus arizonica	Hesperocyparis arizonica	Hesperocyparis arizonica	Streptophyta	Pinopsida	Cupressales	Cupressaceae	Hesperocyparis	NCBI_LINEAGE
U77959.1	Cupressus arizonica	Hesperocyparis arizonica	Hesperocyparis arizonica	Streptophyta	Pinopsida	Cupressales	Cupressaceae	Hesperocyparis	NCBI_LINEAGE
U77960.1	Cupressus arizonica	Hesperocyparis arizonica	Hesperocyparis arizonica	Streptophyta	Pinopsida	Cupressales	Cupressaceae	Hesperocyparis	NCBI_LINEAGE
U77961.1	Cupressus arizonica	Hesperocyparis arizonica	Hesperocyparis arizonica	Streptophyta	Pinopsida	Cupressales	Cupressaceae	Hesperocyparis	NCBI_LINEAGE
U77962.1	Cupressus arizonica	Hesperocyparis arizonica	Hesperocyparis arizonica	Streptophyta	Pinopsida	Cupressales	Cupressaceae	Hesperocyparis	NCBI_LINEAGE
DQ924610.1	Cuscuta epilinum	Cuscuta epilinum	Cuscuta epilinum	Tracheophyta	Magnoliopsida	Solanales	Convolvulaceae	Cuscuta	BOLD_GENUS_BACKBONE
AF394434.1	Cycas revoluta	Cycas revoluta	Cycas revoluta	Streptophyta	Cycadopsida	Cycadales	Cycadaceae	Cycas	NCBI_LINEAGE
MH813068.1	Cycas revoluta	Cycas revoluta	Cycas revoluta	Streptophyta	Cycadopsida	Cycadales	Cycadaceae	Cycas	NCBI_LINEAGE
MH813069.1	Cycas revoluta	Cycas revoluta	Cycas revoluta	Streptophyta	Cycadopsida	Cycadales	Cycadaceae	Cycas	NCBI_LINEAGE
MH813070.1	Cycas revoluta	Cycas revoluta	Cycas revoluta	Streptophyta	Cycadopsida	Cycadales	Cycadaceae	Cycas	NCBI_LINEAGE
MH813245.1	Cycas revoluta	Cycas revoluta	Cycas revoluta	Streptophyta	Cycadopsida	Cycadales	Cycadaceae	Cycas	NCBI_LINEAGE
MH813248.1	Cycas revoluta	Cycas revoluta	Cycas revoluta	Streptophyta	Cycadopsida	Cycadales	Cycadaceae	Cycas	NCBI_LINEAGE
AF102272.1	Cymodocea nodosa	Cymodocea nodosa	Cymodocea nodosa	Streptophyta	Magnoliopsida	Alismatales	Cymodoceaceae	Cymodocea	NCBI_LINEAGE
AF140791.1	Cynodontium polycarpon	Cynodontium polycarpum	Cynodontium polycarpum	Bryophyta	Bryopsida	Rhabdoweisiales	Rhabdoweisiaceae	Cynodontium	BOLD_GENUS_BACKBONE
DQ320759.1	Cynoglossum creticum	Cynoglossum creticum	Cynoglossum creticum	Tracheophyta	Magnoliopsida	Boraginales	Boraginaceae	Cynoglossum	BOLD_GENUS_BACKBONE
GQ167491.1	Daphne blagayana	Daphne blagayana	Daphne blagayana	Tracheophyta	Magnoliopsida	Malvales	Thymelaeaceae	Daphne	BOLD_GENUS_BACKBONE
GQ167492.1	Daphne blagayana	Daphne blagayana	Daphne blagayana	Tracheophyta	Magnoliopsida	Malvales	Thymelaeaceae	Daphne	BOLD_GENUS_BACKBONE
GQ167493.1	Daphne cneorum	Daphne cneorum	Daphne cneorum	Tracheophyta	Magnoliopsida	Malvales	Thymelaeaceae	Daphne	BOLD_GENUS_BACKBONE
GQ167494.1	Daphne cneorum	Daphne cneorum	Daphne cneorum	Tracheophyta	Magnoliopsida	Malvales	Thymelaeaceae	Daphne	BOLD_GENUS_BACKBONE
GQ167495.1	Daphne cneorum	Daphne cneorum	Daphne cneorum	Tracheophyta	Magnoliopsida	Malvales	Thymelaeaceae	Daphne	BOLD_GENUS_BACKBONE
GQ167496.1	Daphne cneorum	Daphne cneorum	Daphne cneorum	Tracheophyta	Magnoliopsida	Malvales	Thymelaeaceae	Daphne	BOLD_GENUS_BACKBONE
GQ434669.1	Datura innoxia	Datura inoxia	Datura inoxia	Tracheophyta	Magnoliopsida	Solanales	Solanaceae	Datura	BOLD_GENUS_BACKBONE
HQ658587.1	Datura innoxia	Datura inoxia	Datura inoxia	Tracheophyta	Magnoliopsida	Solanales	Solanaceae	Datura	BOLD_GENUS_BACKBONE
HQ658588.1	Datura innoxia	Datura inoxia	Datura inoxia	Tracheophyta	Magnoliopsida	Solanales	Solanaceae	Datura	BOLD_GENUS_BACKBONE
HQ658589.1	Datura innoxia	Datura inoxia	Datura inoxia	Tracheophyta	Magnoliopsida	Solanales	Solanaceae	Datura	BOLD_GENUS_BACKBONE
HQ658590.1	Datura innoxia	Datura inoxia	Datura inoxia	Tracheophyta	Magnoliopsida	Solanales	Solanaceae	Datura	BOLD_GENUS_BACKBONE
HQ658591.1	Datura innoxia	Datura inoxia	Datura inoxia	Tracheophyta	Magnoliopsida	Solanales	Solanaceae	Datura	BOLD_GENUS_BACKBONE
HQ658597.1	Datura innoxia	Datura inoxia	Datura inoxia	Tracheophyta	Magnoliopsida	Solanales	Solanaceae	Datura	BOLD_GENUS_BACKBONE
JN244325.1	Datura innoxia	Datura inoxia	Datura inoxia	Tracheophyta	Magnoliopsida	Solanales	Solanaceae	Datura	BOLD_GENUS_BACKBONE
JN244326.1	Datura innoxia	Datura inoxia	Datura inoxia	Tracheophyta	Magnoliopsida	Solanales	Solanaceae	Datura	BOLD_GENUS_BACKBONE
JN244327.1	Datura innoxia	Datura inoxia	Datura inoxia	Tracheophyta	Magnoliopsida	Solanales	Solanaceae	Datura	BOLD_GENUS_BACKBONE
JX467607.1	Datura innoxia	Datura inoxia	Datura inoxia	Tracheophyta	Magnoliopsida	Solanales	Solanaceae	Datura	BOLD_GENUS_BACKBONE
KP322641.1	Datura innoxia	Datura inoxia	Datura inoxia	Tracheophyta	Magnoliopsida	Solanales	Solanaceae	Datura	BOLD_GENUS_BACKBONE
KP322642.1	Datura innoxia	Datura inoxia	Datura inoxia	Tracheophyta	Magnoliopsida	Solanales	Solanaceae	Datura	BOLD_GENUS_BACKBONE
KP893997.1	Datura innoxia	Datura inoxia	Datura inoxia	Tracheophyta	Magnoliopsida	Solanales	Solanaceae	Datura	BOLD_GENUS_BACKBONE
KP893998.1	Datura innoxia	Datura inoxia	Datura inoxia	Tracheophyta	Magnoliopsida	Solanales	Solanaceae	Datura	BOLD_GENUS_BACKBONE
KP893999.1	Datura innoxia	Datura inoxia	Datura inoxia	Tracheophyta	Magnoliopsida	Solanales	Solanaceae	Datura	BOLD_GENUS_BACKBONE
KP894000.1	Datura innoxia	Datura inoxia	Datura inoxia	Tracheophyta	Magnoliopsida	Solanales	Solanaceae	Datura	BOLD_GENUS_BACKBONE
KP894001.1	Datura innoxia	Datura inoxia	Datura inoxia	Tracheophyta	Magnoliopsida	Solanales	Solanaceae	Datura	BOLD_GENUS_BACKBONE
KP894002.1	Datura innoxia	Datura inoxia	Datura inoxia	Tracheophyta	Magnoliopsida	Solanales	Solanaceae	Datura	BOLD_GENUS_BACKBONE
KP894003.1	Datura innoxia	Datura inoxia	Datura inoxia	Tracheophyta	Magnoliopsida	Solanales	Solanaceae	Datura	BOLD_GENUS_BACKBONE
KP894004.1	Datura innoxia	Datura inoxia	Datura inoxia	Tracheophyta	Magnoliopsida	Solanales	Solanaceae	Datura	BOLD_GENUS_BACKBONE
KP894005.1	Datura innoxia	Datura inoxia	Datura inoxia	Tracheophyta	Magnoliopsida	Solanales	Solanaceae	Datura	BOLD_GENUS_BACKBONE
KP894006.1	Datura innoxia	Datura inoxia	Datura inoxia	Tracheophyta	Magnoliopsida	Solanales	Solanaceae	Datura	BOLD_GENUS_BACKBONE
MG693018.1	Datura innoxia	Datura inoxia	Datura inoxia	Tracheophyta	Magnoliopsida	Solanales	Solanaceae	Datura	BOLD_GENUS_BACKBONE
AY237846.1	Deschampsia flexuosa	Avenella flexuosa	Avenella flexuosa	Streptophyta	Magnoliopsida	Poales	Poaceae	Avenella	NCBI_LINEAGE
KP295987.1	Deschampsia flexuosa	Avenella flexuosa	Avenella flexuosa	Streptophyta	Magnoliopsida	Poales	Poaceae	Avenella	NCBI_LINEAGE
KU883495.1	Deschampsia flexuosa	Avenella flexuosa	Avenella flexuosa	Streptophyta	Magnoliopsida	Poales	Poaceae	Avenella	NCBI_LINEAGE
PZ019951.1	Desmodesmus abundans	Desmodesmus abundans	Desmodesmus abundans	Chlorophyta	Chlorophyceae	Sphaeropleales	Scenedesmaceae	Desmodesmus	BOLD_GENUS_BACKBONE
PZ019952.1	Desmodesmus abundans	Desmodesmus abundans	Desmodesmus abundans	Chlorophyta	Chlorophyceae	Sphaeropleales	Scenedesmaceae	Desmodesmus	BOLD_GENUS_BACKBONE
AB917106.1	Desmodesmus brasiliensis	Desmodesmus brasiliensis	Desmodesmus brasiliensis	Chlorophyta	Chlorophyceae	Sphaeropleales	Scenedesmaceae	Desmodesmus	BOLD_GENUS_BACKBONE
AB917109.1	Desmodesmus brasiliensis	Desmodesmus brasiliensis	Desmodesmus brasiliensis	Chlorophyta	Chlorophyceae	Sphaeropleales	Scenedesmaceae	Desmodesmus	BOLD_GENUS_BACKBONE
AB917111.1	Desmodesmus brasiliensis	Desmodesmus brasiliensis	Desmodesmus brasiliensis	Chlorophyta	Chlorophyceae	Sphaeropleales	Scenedesmaceae	Desmodesmus	BOLD_GENUS_BACKBONE
LC777102.1	Desmodesmus serratus	Desmodesmus serratus	Desmodesmus serratus	Chlorophyta	Chlorophyceae	Sphaeropleales	Scenedesmaceae	Desmodesmus	BOLD_GENUS_BACKBONE
LC777103.1	Desmodesmus serratus	Desmodesmus serratus	Desmodesmus serratus	Chlorophyta	Chlorophyceae	Sphaeropleales	Scenedesmaceae	Desmodesmus	BOLD_GENUS_BACKBONE
LC777105.1	Desmodesmus serratus	Desmodesmus serratus	Desmodesmus serratus	Chlorophyta	Chlorophyceae	Sphaeropleales	Scenedesmaceae	Desmodesmus	BOLD_GENUS_BACKBONE
PZ019962.1	Desmodesmus serratus	Desmodesmus serratus	Desmodesmus serratus	Chlorophyta	Chlorophyceae	Sphaeropleales	Scenedesmaceae	Desmodesmus	BOLD_GENUS_BACKBONE
KP120002.1	Deutzia scabra	Deutzia scabra	Deutzia scabra	Streptophyta	Magnoliopsida	Cornales	Hydrangeaceae	Deutzia	NCBI_LINEAGE
KP120013.1	Deutzia scabra	Deutzia scabra var. sieboldiana	Deutzia scabra	Streptophyta	Magnoliopsida	Cornales	Hydrangeaceae	Deutzia	NCBI_LINEAGE
KP120058.1	Deutzia scabra	Deutzia scabra	Deutzia scabra	Streptophyta	Magnoliopsida	Cornales	Hydrangeaceae	Deutzia	NCBI_LINEAGE
KP120059.1	Deutzia scabra	Deutzia scabra var. scabra	Deutzia scabra	Streptophyta	Magnoliopsida	Cornales	Hydrangeaceae	Deutzia	NCBI_LINEAGE
KP120116.1	Deutzia scabra	Deutzia scabra var. scabra	Deutzia scabra	Streptophyta	Magnoliopsida	Cornales	Hydrangeaceae	Deutzia	NCBI_LINEAGE
KP120117.1	Deutzia scabra	Deutzia scabra var. sieboldiana	Deutzia scabra	Streptophyta	Magnoliopsida	Cornales	Hydrangeaceae	Deutzia	NCBI_LINEAGE
KP120121.1	Deutzia scabra	Deutzia scabra var. sieboldiana	Deutzia scabra	Streptophyta	Magnoliopsida	Cornales	Hydrangeaceae	Deutzia	NCBI_LINEAGE
MK031715.1	Dialytrichia mucronata	Dialytrichia mucronata	Dialytrichia mucronata	Streptophyta	Bryopsida	Pottiales	Pottiaceae	Dialytrichia	NCBI_LINEAGE
MK031716.1	Dialytrichia mucronata	Dialytrichia mucronata	Dialytrichia mucronata	Streptophyta	Bryopsida	Pottiales	Pottiaceae	Dialytrichia	NCBI_LINEAGE
GU440800.1	Dianthus collinus	Dianthus collinus	Dianthus collinus	Tracheophyta	Magnoliopsida	Caryophyllales	Caryophyllaceae	Dianthus	BOLD_GENUS_BACKBONE
GU440826.1	Dianthus hyssopifolius	Dianthus hyssopifolius	Dianthus hyssopifolius	Tracheophyta	Magnoliopsida	Caryophyllales	Caryophyllaceae	Dianthus	BOLD_GENUS_BACKBONE
KC293974.1	Dianthus hyssopifolius	Dianthus hyssopifolius	Dianthus hyssopifolius	Tracheophyta	Magnoliopsida	Caryophyllales	Caryophyllaceae	Dianthus	BOLD_GENUS_BACKBONE
AF144118.1	Dicranella cerviculata	Dicranella cerviculata	Dicranella cerviculata	Bryophyta	Bryopsida	Dicranales	Dicranaceae	Dicranella	BOLD_GENUS_BACKBONE
KM594586.1	Dicranella cerviculata	Dicranella cerviculata	Dicranella cerviculata	Bryophyta	Bryopsida	Dicranales	Dicranaceae	Dicranella	BOLD_GENUS_BACKBONE
KM502667.1	Dicranum crassifolium	Dicranum crassifolium	Dicranum crassifolium	Bryophyta	Bryopsida	Dicranales	Dicranaceae	Dicranum	BOLD_GENUS_BACKBONE
KM502669.1	Dicranum crassifolium	Dicranum crassifolium	Dicranum crassifolium	Bryophyta	Bryopsida	Dicranales	Dicranaceae	Dicranum	BOLD_GENUS_BACKBONE
KM502670.1	Dicranum crassifolium	Dicranum crassifolium	Dicranum crassifolium	Bryophyta	Bryopsida	Dicranales	Dicranaceae	Dicranum	BOLD_GENUS_BACKBONE
AF144115.1	Dicranum montanum	Orthodicranum montanum	Orthodicranum montanum	Streptophyta	Bryopsida	Dicranales	Dicranaceae	Orthodicranum	NCBI_LINEAGE
FJ572384.1	Dicranum montanum	Orthodicranum montanum	Orthodicranum montanum	Streptophyta	Bryopsida	Dicranales	Dicranaceae	Orthodicranum	NCBI_LINEAGE
FJ572385.1	Dicranum montanum	Orthodicranum montanum	Orthodicranum montanum	Streptophyta	Bryopsida	Dicranales	Dicranaceae	Orthodicranum	NCBI_LINEAGE
KM502680.1	Dicranum montanum	Orthodicranum montanum	Orthodicranum montanum	Streptophyta	Bryopsida	Dicranales	Dicranaceae	Orthodicranum	NCBI_LINEAGE
KM502681.1	Dicranum montanum	Orthodicranum montanum	Orthodicranum montanum	Streptophyta	Bryopsida	Dicranales	Dicranaceae	Orthodicranum	NCBI_LINEAGE
KM502682.1	Dicranum montanum	Orthodicranum montanum	Orthodicranum montanum	Streptophyta	Bryopsida	Dicranales	Dicranaceae	Orthodicranum	NCBI_LINEAGE
MG214819.1	Dicranum montanum	Orthodicranum montanum	Orthodicranum montanum	Streptophyta	Bryopsida	Dicranales	Dicranaceae	Orthodicranum	NCBI_LINEAGE
MG214820.1	Dicranum montanum	Orthodicranum montanum	Orthodicranum montanum	Streptophyta	Bryopsida	Dicranales	Dicranaceae	Orthodicranum	NCBI_LINEAGE
MG214821.1	Dicranum montanum	Orthodicranum montanum	Orthodicranum montanum	Streptophyta	Bryopsida	Dicranales	Dicranaceae	Orthodicranum	NCBI_LINEAGE
KJ650902.1	Dicranum scottianum	Dicranum scottianum	Dicranum scottianum	Bryophyta	Bryopsida	Dicranales	Dicranaceae	Dicranum	BOLD_GENUS_BACKBONE
KJ650903.1	Dicranum scottianum	Dicranum scottianum	Dicranum scottianum	Bryophyta	Bryopsida	Dicranales	Dicranaceae	Dicranum	BOLD_GENUS_BACKBONE
AY437101.1	Didymodon giganteus	Geheebia gigantea	Geheebia gigantea	Streptophyta	Bryopsida	Pottiales	Pottiaceae	Geheebia	NCBI_LINEAGE
KP307468.1	Didymodon giganteus	Geheebia gigantea	Geheebia gigantea	Streptophyta	Bryopsida	Pottiales	Pottiaceae	Geheebia	NCBI_LINEAGE
MF536564.1	Didymodon giganteus	Geheebia gigantea	Geheebia gigantea	Streptophyta	Bryopsida	Pottiales	Pottiaceae	Geheebia	NCBI_LINEAGE
MF536565.1	Didymodon giganteus	Geheebia gigantea	Geheebia gigantea	Streptophyta	Bryopsida	Pottiales	Pottiaceae	Geheebia	NCBI_LINEAGE
AY591280.1	Digitalis laevigata	Digitalis laevigata subsp. graeca	Digitalis laevigata	Tracheophyta	Magnoliopsida	Lamiales	Plantaginaceae	Digitalis	BOLD_GENUS_BACKBONE
AY591281.1	Digitalis laevigata	Digitalis laevigata subsp. laevigata	Digitalis laevigata	Tracheophyta	Magnoliopsida	Lamiales	Plantaginaceae	Digitalis	BOLD_GENUS_BACKBONE
DQ471710.1	Digitalis laevigata	Digitalis laevigata	Digitalis laevigata	Tracheophyta	Magnoliopsida	Lamiales	Plantaginaceae	Digitalis	BOLD_GENUS_BACKBONE
AF140702.1	Diobelonella palustris	Diobelonella palustris	Diobelonella palustris	Streptophyta	Bryopsida	Dicranales	Dicranaceae	Diobelonella	NCBI_LINEAGE
AB175007.1	Diospyros kaki	Diospyros kaki	Diospyros kaki	Streptophyta	Magnoliopsida	Ericales	Ebenaceae	Diospyros	NCBI_LINEAGE
AB175008.1	Diospyros kaki	Diospyros kaki	Diospyros kaki	Streptophyta	Magnoliopsida	Ericales	Ebenaceae	Diospyros	NCBI_LINEAGE
AB175009.1	Diospyros kaki	Diospyros kaki	Diospyros kaki	Streptophyta	Magnoliopsida	Ericales	Ebenaceae	Diospyros	NCBI_LINEAGE
FJ624403.1	Diospyros kaki	Diospyros kaki	Diospyros kaki	Streptophyta	Magnoliopsida	Ericales	Ebenaceae	Diospyros	NCBI_LINEAGE
JQ975107.1	Diospyros kaki	Diospyros kaki	Diospyros kaki	Streptophyta	Magnoliopsida	Ericales	Ebenaceae	Diospyros	NCBI_LINEAGE
JQ975108.1	Diospyros kaki	Diospyros kaki	Diospyros kaki	Streptophyta	Magnoliopsida	Ericales	Ebenaceae	Diospyros	NCBI_LINEAGE
JQ975109.1	Diospyros kaki	Diospyros kaki	Diospyros kaki	Streptophyta	Magnoliopsida	Ericales	Ebenaceae	Diospyros	NCBI_LINEAGE
JQ975110.1	Diospyros kaki	Diospyros kaki	Diospyros kaki	Streptophyta	Magnoliopsida	Ericales	Ebenaceae	Diospyros	NCBI_LINEAGE
JQ975111.1	Diospyros kaki	Diospyros kaki var. silvestris	Diospyros kaki	Streptophyta	Magnoliopsida	Ericales	Ebenaceae	Diospyros	NCBI_LINEAGE
KU378941.1	Diospyros kaki	Diospyros kaki	Diospyros kaki	Streptophyta	Magnoliopsida	Ericales	Ebenaceae	Diospyros	NCBI_LINEAGE
KU378942.1	Diospyros kaki	Diospyros kaki	Diospyros kaki	Streptophyta	Magnoliopsida	Ericales	Ebenaceae	Diospyros	NCBI_LINEAGE
KU378943.1	Diospyros kaki	Diospyros kaki	Diospyros kaki	Streptophyta	Magnoliopsida	Ericales	Ebenaceae	Diospyros	NCBI_LINEAGE
KU378944.1	Diospyros kaki	Diospyros kaki	Diospyros kaki	Streptophyta	Magnoliopsida	Ericales	Ebenaceae	Diospyros	NCBI_LINEAGE
KU378945.1	Diospyros kaki	Diospyros kaki	Diospyros kaki	Streptophyta	Magnoliopsida	Ericales	Ebenaceae	Diospyros	NCBI_LINEAGE
KU378946.1	Diospyros kaki	Diospyros kaki	Diospyros kaki	Streptophyta	Magnoliopsida	Ericales	Ebenaceae	Diospyros	NCBI_LINEAGE
KU378947.1	Diospyros kaki	Diospyros kaki	Diospyros kaki	Streptophyta	Magnoliopsida	Ericales	Ebenaceae	Diospyros	NCBI_LINEAGE
KU378948.1	Diospyros kaki	Diospyros kaki	Diospyros kaki	Streptophyta	Magnoliopsida	Ericales	Ebenaceae	Diospyros	NCBI_LINEAGE
KU378949.1	Diospyros kaki	Diospyros kaki	Diospyros kaki	Streptophyta	Magnoliopsida	Ericales	Ebenaceae	Diospyros	NCBI_LINEAGE
KU378950.1	Diospyros kaki	Diospyros kaki	Diospyros kaki	Streptophyta	Magnoliopsida	Ericales	Ebenaceae	Diospyros	NCBI_LINEAGE
KU378951.1	Diospyros kaki	Diospyros kaki	Diospyros kaki	Streptophyta	Magnoliopsida	Ericales	Ebenaceae	Diospyros	NCBI_LINEAGE
KU378952.1	Diospyros kaki	Diospyros kaki	Diospyros kaki	Streptophyta	Magnoliopsida	Ericales	Ebenaceae	Diospyros	NCBI_LINEAGE
KU378953.1	Diospyros kaki	Diospyros kaki	Diospyros kaki	Streptophyta	Magnoliopsida	Ericales	Ebenaceae	Diospyros	NCBI_LINEAGE
KU378954.1	Diospyros kaki	Diospyros kaki	Diospyros kaki	Streptophyta	Magnoliopsida	Ericales	Ebenaceae	Diospyros	NCBI_LINEAGE
KU378955.1	Diospyros kaki	Diospyros kaki	Diospyros kaki	Streptophyta	Magnoliopsida	Ericales	Ebenaceae	Diospyros	NCBI_LINEAGE
KU378956.1	Diospyros kaki	Diospyros kaki	Diospyros kaki	Streptophyta	Magnoliopsida	Ericales	Ebenaceae	Diospyros	NCBI_LINEAGE
KU378957.1	Diospyros kaki	Diospyros kaki	Diospyros kaki	Streptophyta	Magnoliopsida	Ericales	Ebenaceae	Diospyros	NCBI_LINEAGE
KU378958.1	Diospyros kaki	Diospyros kaki	Diospyros kaki	Streptophyta	Magnoliopsida	Ericales	Ebenaceae	Diospyros	NCBI_LINEAGE
KU378959.1	Diospyros kaki	Diospyros kaki var. silvestris	Diospyros kaki	Streptophyta	Magnoliopsida	Ericales	Ebenaceae	Diospyros	NCBI_LINEAGE
KU378960.1	Diospyros kaki	Diospyros kaki var. silvestris	Diospyros kaki	Streptophyta	Magnoliopsida	Ericales	Ebenaceae	Diospyros	NCBI_LINEAGE
KU378961.1	Diospyros kaki	Diospyros kaki var. silvestris	Diospyros kaki	Streptophyta	Magnoliopsida	Ericales	Ebenaceae	Diospyros	NCBI_LINEAGE
MK524291.1	Diospyros kaki	Diospyros kaki	Diospyros kaki	Streptophyta	Magnoliopsida	Ericales	Ebenaceae	Diospyros	NCBI_LINEAGE
AY722448.1	Diplotaxis erucoides	Diplotaxis erucoides	Diplotaxis erucoides	Tracheophyta	Magnoliopsida	Brassicales	Brassicaceae	Diplotaxis	BOLD_GENUS_BACKBONE
DQ984000.1	Diplotaxis erucoides	Diplotaxis erucoides	Diplotaxis erucoides	Tracheophyta	Magnoliopsida	Brassicales	Brassicaceae	Diplotaxis	BOLD_GENUS_BACKBONE
DQ984001.1	Diplotaxis erucoides	Diplotaxis erucoides	Diplotaxis erucoides	Tracheophyta	Magnoliopsida	Brassicales	Brassicaceae	Diplotaxis	BOLD_GENUS_BACKBONE
AY722454.1	Diplotaxis viminea	Diplotaxis viminea	Diplotaxis viminea	Tracheophyta	Magnoliopsida	Brassicales	Brassicaceae	Diplotaxis	BOLD_GENUS_BACKBONE
DQ984027.1	Diplotaxis viminea	Diplotaxis viminea	Diplotaxis viminea	Tracheophyta	Magnoliopsida	Brassicales	Brassicaceae	Diplotaxis	BOLD_GENUS_BACKBONE
AJ400063.1	Doronicum glaciale	Doronicum glaciale	Doronicum glaciale	Tracheophyta	Magnoliopsida	Asterales	Asteraceae	Doronicum	BOLD_GENUS_BACKBONE
KP133546.1	Doronicum glaciale	Doronicum glaciale subsp. calcareum	Doronicum glaciale	Tracheophyta	Magnoliopsida	Asterales	Asteraceae	Doronicum	BOLD_GENUS_BACKBONE
KP133547.1	Doronicum glaciale	Doronicum glaciale subsp. calcareum	Doronicum glaciale	Tracheophyta	Magnoliopsida	Asterales	Asteraceae	Doronicum	BOLD_GENUS_BACKBONE
KP133548.1	Doronicum glaciale	Doronicum glaciale subsp. calcareum	Doronicum glaciale	Tracheophyta	Magnoliopsida	Asterales	Asteraceae	Doronicum	BOLD_GENUS_BACKBONE
KP133549.1	Doronicum glaciale	Doronicum glaciale subsp. calcareum	Doronicum glaciale	Tracheophyta	Magnoliopsida	Asterales	Asteraceae	Doronicum	BOLD_GENUS_BACKBONE
KP133550.1	Doronicum glaciale	Doronicum glaciale subsp. calcareum	Doronicum glaciale	Tracheophyta	Magnoliopsida	Asterales	Asteraceae	Doronicum	BOLD_GENUS_BACKBONE
KP133551.1	Doronicum glaciale	Doronicum glaciale cf. subsp. calcareum GMS-2015	Doronicum glaciale	Tracheophyta	Magnoliopsida	Asterales	Asteraceae	Doronicum	BOLD_GENUS_BACKBONE
KP133552.1	Doronicum glaciale	Doronicum glaciale cf. subsp. calcareum GMS-2015	Doronicum glaciale	Tracheophyta	Magnoliopsida	Asterales	Asteraceae	Doronicum	BOLD_GENUS_BACKBONE
KP133553.1	Doronicum glaciale	Doronicum glaciale cf. subsp. calcareum GMS-2015	Doronicum glaciale	Tracheophyta	Magnoliopsida	Asterales	Asteraceae	Doronicum	BOLD_GENUS_BACKBONE
KP133554.1	Doronicum glaciale	Doronicum glaciale cf. subsp. calcareum GMS-2015	Doronicum glaciale	Tracheophyta	Magnoliopsida	Asterales	Asteraceae	Doronicum	BOLD_GENUS_BACKBONE
KP133555.1	Doronicum glaciale	Doronicum glaciale cf. subsp. calcareum GMS-2015	Doronicum glaciale	Tracheophyta	Magnoliopsida	Asterales	Asteraceae	Doronicum	BOLD_GENUS_BACKBONE
KP133556.1	Doronicum glaciale	Doronicum glaciale subsp. glaciale	Doronicum glaciale	Tracheophyta	Magnoliopsida	Asterales	Asteraceae	Doronicum	BOLD_GENUS_BACKBONE
KP133557.1	Doronicum glaciale	Doronicum glaciale subsp. glaciale	Doronicum glaciale	Tracheophyta	Magnoliopsida	Asterales	Asteraceae	Doronicum	BOLD_GENUS_BACKBONE
KP133558.1	Doronicum glaciale	Doronicum glaciale subsp. glaciale	Doronicum glaciale	Tracheophyta	Magnoliopsida	Asterales	Asteraceae	Doronicum	BOLD_GENUS_BACKBONE
KP133559.1	Doronicum glaciale	Doronicum glaciale subsp. glaciale	Doronicum glaciale	Tracheophyta	Magnoliopsida	Asterales	Asteraceae	Doronicum	BOLD_GENUS_BACKBONE
KP133560.1	Doronicum glaciale	Doronicum glaciale subsp. glaciale	Doronicum glaciale	Tracheophyta	Magnoliopsida	Asterales	Asteraceae	Doronicum	BOLD_GENUS_BACKBONE
KP133561.1	Doronicum glaciale	Doronicum glaciale subsp. glaciale	Doronicum glaciale	Tracheophyta	Magnoliopsida	Asterales	Asteraceae	Doronicum	BOLD_GENUS_BACKBONE
KP133562.1	Doronicum glaciale	Doronicum glaciale subsp. glaciale	Doronicum glaciale	Tracheophyta	Magnoliopsida	Asterales	Asteraceae	Doronicum	BOLD_GENUS_BACKBONE
KP133563.1	Doronicum glaciale	Doronicum glaciale subsp. glaciale	Doronicum glaciale	Tracheophyta	Magnoliopsida	Asterales	Asteraceae	Doronicum	BOLD_GENUS_BACKBONE
KP133564.1	Doronicum glaciale	Doronicum glaciale subsp. glaciale	Doronicum glaciale	Tracheophyta	Magnoliopsida	Asterales	Asteraceae	Doronicum	BOLD_GENUS_BACKBONE
KP133565.1	Doronicum glaciale	Doronicum glaciale subsp. glaciale	Doronicum glaciale	Tracheophyta	Magnoliopsida	Asterales	Asteraceae	Doronicum	BOLD_GENUS_BACKBONE
KP133566.1	Doronicum glaciale	Doronicum glaciale subsp. glaciale	Doronicum glaciale	Tracheophyta	Magnoliopsida	Asterales	Asteraceae	Doronicum	BOLD_GENUS_BACKBONE
KP133567.1	Doronicum glaciale	Doronicum glaciale subsp. glaciale	Doronicum glaciale	Tracheophyta	Magnoliopsida	Asterales	Asteraceae	Doronicum	BOLD_GENUS_BACKBONE
KP133568.1	Doronicum glaciale	Doronicum glaciale subsp. glaciale	Doronicum glaciale	Tracheophyta	Magnoliopsida	Asterales	Asteraceae	Doronicum	BOLD_GENUS_BACKBONE
KP133569.1	Doronicum glaciale	Doronicum glaciale subsp. glaciale	Doronicum glaciale	Tracheophyta	Magnoliopsida	Asterales	Asteraceae	Doronicum	BOLD_GENUS_BACKBONE
MG748386.1	Doronicum glaciale	Doronicum glaciale subsp. glaciale	Doronicum glaciale	Tracheophyta	Magnoliopsida	Asterales	Asteraceae	Doronicum	BOLD_GENUS_BACKBONE
MG748387.1	Doronicum glaciale	Doronicum glaciale subsp. calcareum	Doronicum glaciale	Tracheophyta	Magnoliopsida	Asterales	Asteraceae	Doronicum	BOLD_GENUS_BACKBONE
AJ400064.1	Doronicum grandiflorum	Doronicum grandiflorum	Doronicum grandiflorum	Tracheophyta	Magnoliopsida	Asterales	Asteraceae	Doronicum	BOLD_GENUS_BACKBONE
AJ400065.1	Doronicum grandiflorum	Doronicum grandiflorum	Doronicum grandiflorum	Tracheophyta	Magnoliopsida	Asterales	Asteraceae	Doronicum	BOLD_GENUS_BACKBONE
AJ400066.1	Doronicum grandiflorum	Doronicum grandiflorum	Doronicum grandiflorum	Tracheophyta	Magnoliopsida	Asterales	Asteraceae	Doronicum	BOLD_GENUS_BACKBONE
AJ400067.1	Doronicum grandiflorum	Doronicum grandiflorum	Doronicum grandiflorum	Tracheophyta	Magnoliopsida	Asterales	Asteraceae	Doronicum	BOLD_GENUS_BACKBONE
KP133664.1	Doronicum grandiflorum	Doronicum grandiflorum	Doronicum grandiflorum	Tracheophyta	Magnoliopsida	Asterales	Asteraceae	Doronicum	BOLD_GENUS_BACKBONE
KP133665.1	Doronicum grandiflorum	Doronicum grandiflorum	Doronicum grandiflorum	Tracheophyta	Magnoliopsida	Asterales	Asteraceae	Doronicum	BOLD_GENUS_BACKBONE
KP133666.1	Doronicum grandiflorum	Doronicum grandiflorum	Doronicum grandiflorum	Tracheophyta	Magnoliopsida	Asterales	Asteraceae	Doronicum	BOLD_GENUS_BACKBONE
KP133667.1	Doronicum grandiflorum	Doronicum grandiflorum	Doronicum grandiflorum	Tracheophyta	Magnoliopsida	Asterales	Asteraceae	Doronicum	BOLD_GENUS_BACKBONE
KP133668.1	Doronicum grandiflorum	Doronicum grandiflorum	Doronicum grandiflorum	Tracheophyta	Magnoliopsida	Asterales	Asteraceae	Doronicum	BOLD_GENUS_BACKBONE
KP133669.1	Doronicum grandiflorum	Doronicum grandiflorum	Doronicum grandiflorum	Tracheophyta	Magnoliopsida	Asterales	Asteraceae	Doronicum	BOLD_GENUS_BACKBONE
KP133670.1	Doronicum grandiflorum	Doronicum grandiflorum	Doronicum grandiflorum	Tracheophyta	Magnoliopsida	Asterales	Asteraceae	Doronicum	BOLD_GENUS_BACKBONE
MG748388.1	Doronicum grandiflorum	Doronicum grandiflorum	Doronicum grandiflorum	Tracheophyta	Magnoliopsida	Asterales	Asteraceae	Doronicum	BOLD_GENUS_BACKBONE
MG748389.1	Doronicum grandiflorum	Doronicum grandiflorum	Doronicum grandiflorum	Tracheophyta	Magnoliopsida	Asterales	Asteraceae	Doronicum	BOLD_GENUS_BACKBONE
GQ246139.1	Dorycnium germanicum	Lotus germanicus	Lotus germanicus	Tracheophyta	Magnoliopsida	Fabales	Fabaceae	Lotus	BOLD_GENUS_BACKBONE
KT250868.1	Dorycnium germanicum	Lotus germanicus	Lotus germanicus	Tracheophyta	Magnoliopsida	Fabales	Fabaceae	Lotus	BOLD_GENUS_BACKBONE
KT250869.1	Dorycnium germanicum	Lotus germanicus	Lotus germanicus	Tracheophyta	Magnoliopsida	Fabales	Fabaceae	Lotus	BOLD_GENUS_BACKBONE
KT250870.1	Dorycnium germanicum	Lotus germanicus	Lotus germanicus	Tracheophyta	Magnoliopsida	Fabales	Fabaceae	Lotus	BOLD_GENUS_BACKBONE
AF218501.1	Dorycnium herbaceum	Lotus herbaceus	Lotus herbaceus	Tracheophyta	Magnoliopsida	Fabales	Fabaceae	Lotus	BOLD_GENUS_BACKBONE
KT250881.1	Dorycnium herbaceum	Lotus herbaceus	Lotus herbaceus	Tracheophyta	Magnoliopsida	Fabales	Fabaceae	Lotus	BOLD_GENUS_BACKBONE
KT250882.1	Dorycnium herbaceum	Lotus herbaceus	Lotus herbaceus	Tracheophyta	Magnoliopsida	Fabales	Fabaceae	Lotus	BOLD_GENUS_BACKBONE
AF120722.1	Draba dubia	Draba dubia	Draba dubia	Tracheophyta	Magnoliopsida	Brassicales	Brassicaceae	Draba	BOLD_GENUS_BACKBONE
KC412305.1	Draba dubia	Draba dubia	Draba dubia	Tracheophyta	Magnoliopsida	Brassicales	Brassicaceae	Draba	BOLD_GENUS_BACKBONE
AY134086.1	Draba muralis	Drabella muralis	Drabella muralis	Streptophyta	Magnoliopsida	Brassicales	Brassicaceae	Drabella	NCBI_LINEAGE
AY134087.1	Draba muralis	Drabella muralis	Drabella muralis	Streptophyta	Magnoliopsida	Brassicales	Brassicaceae	Drabella	NCBI_LINEAGE
GU202507.1	Draba muralis	Drabella muralis	Drabella muralis	Streptophyta	Magnoliopsida	Brassicales	Brassicaceae	Drabella	NCBI_LINEAGE
AF120725.1	Draba tomentosa	Draba tomentosa	Draba tomentosa	Tracheophyta	Magnoliopsida	Brassicales	Brassicaceae	Draba	BOLD_GENUS_BACKBONE
AF120726.1	Draba tomentosa	Draba tomentosa	Draba tomentosa	Tracheophyta	Magnoliopsida	Brassicales	Brassicaceae	Draba	BOLD_GENUS_BACKBONE
AY009811.1	Drepanocladus sendtneri	Drepanocladus sendtneri	Drepanocladus sendtneri	Bryophyta	Bryopsida	Hypnales	Amblystegiaceae	Drepanocladus	BOLD_GENUS_BACKBONE
FJ535780.1	Drepanocladus sendtneri	Drepanocladus sendtneri	Drepanocladus sendtneri	Bryophyta	Bryopsida	Hypnales	Amblystegiaceae	Drepanocladus	BOLD_GENUS_BACKBONE
AY009794.1	Drepanocladus turgescens	Drepanocladus turgescens	Drepanocladus turgescens	Bryophyta	Bryopsida	Hypnales	Amblystegiaceae	Drepanocladus	BOLD_GENUS_BACKBONE
FJ535774.1	Drepanocladus turgescens	Drepanocladus turgescens	Drepanocladus turgescens	Bryophyta	Bryopsida	Hypnales	Amblystegiaceae	Drepanocladus	BOLD_GENUS_BACKBONE
KJ657878.1	Drepanocladus turgescens	Drepanocladus turgescens	Drepanocladus turgescens	Bryophyta	Bryopsida	Hypnales	Amblystegiaceae	Drepanocladus	BOLD_GENUS_BACKBONE
KJ657879.1	Drepanocladus turgescens	Drepanocladus turgescens	Drepanocladus turgescens	Bryophyta	Bryopsida	Hypnales	Amblystegiaceae	Drepanocladus	BOLD_GENUS_BACKBONE
KJ657880.1	Drepanocladus turgescens	Drepanocladus turgescens	Drepanocladus turgescens	Bryophyta	Bryopsida	Hypnales	Amblystegiaceae	Drepanocladus	BOLD_GENUS_BACKBONE
KJ657881.1	Drepanocladus turgescens	Drepanocladus turgescens	Drepanocladus turgescens	Bryophyta	Bryopsida	Hypnales	Amblystegiaceae	Drepanocladus	BOLD_GENUS_BACKBONE
KJ657882.1	Drepanocladus turgescens	Drepanocladus turgescens	Drepanocladus turgescens	Bryophyta	Bryopsida	Hypnales	Amblystegiaceae	Drepanocladus	BOLD_GENUS_BACKBONE
KJ657883.1	Drepanocladus turgescens	Drepanocladus turgescens	Drepanocladus turgescens	Bryophyta	Bryopsida	Hypnales	Amblystegiaceae	Drepanocladus	BOLD_GENUS_BACKBONE
KJ657884.1	Drepanocladus turgescens	Drepanocladus turgescens	Drepanocladus turgescens	Bryophyta	Bryopsida	Hypnales	Amblystegiaceae	Drepanocladus	BOLD_GENUS_BACKBONE
KJ657885.1	Drepanocladus turgescens	Drepanocladus turgescens	Drepanocladus turgescens	Bryophyta	Bryopsida	Hypnales	Amblystegiaceae	Drepanocladus	BOLD_GENUS_BACKBONE
KJ657886.1	Drepanocladus turgescens	Drepanocladus turgescens	Drepanocladus turgescens	Bryophyta	Bryopsida	Hypnales	Amblystegiaceae	Drepanocladus	BOLD_GENUS_BACKBONE
KJ657887.1	Drepanocladus turgescens	Drepanocladus turgescens	Drepanocladus turgescens	Bryophyta	Bryopsida	Hypnales	Amblystegiaceae	Drepanocladus	BOLD_GENUS_BACKBONE
KJ657888.1	Drepanocladus turgescens	Drepanocladus turgescens	Drepanocladus turgescens	Bryophyta	Bryopsida	Hypnales	Amblystegiaceae	Drepanocladus	BOLD_GENUS_BACKBONE
KJ657889.1	Drepanocladus turgescens	Drepanocladus turgescens	Drepanocladus turgescens	Bryophyta	Bryopsida	Hypnales	Amblystegiaceae	Drepanocladus	BOLD_GENUS_BACKBONE
KJ657890.1	Drepanocladus turgescens	Drepanocladus turgescens	Drepanocladus turgescens	Bryophyta	Bryopsida	Hypnales	Amblystegiaceae	Drepanocladus	BOLD_GENUS_BACKBONE
KJ657891.1	Drepanocladus turgescens	Drepanocladus turgescens	Drepanocladus turgescens	Bryophyta	Bryopsida	Hypnales	Amblystegiaceae	Drepanocladus	BOLD_GENUS_BACKBONE
KJ657892.1	Drepanocladus turgescens	Drepanocladus turgescens	Drepanocladus turgescens	Bryophyta	Bryopsida	Hypnales	Amblystegiaceae	Drepanocladus	BOLD_GENUS_BACKBONE
KJ657893.1	Drepanocladus turgescens	Drepanocladus turgescens	Drepanocladus turgescens	Bryophyta	Bryopsida	Hypnales	Amblystegiaceae	Drepanocladus	BOLD_GENUS_BACKBONE
KJ657894.1	Drepanocladus turgescens	Drepanocladus turgescens	Drepanocladus turgescens	Bryophyta	Bryopsida	Hypnales	Amblystegiaceae	Drepanocladus	BOLD_GENUS_BACKBONE
KJ657895.1	Drepanocladus turgescens	Drepanocladus turgescens	Drepanocladus turgescens	Bryophyta	Bryopsida	Hypnales	Amblystegiaceae	Drepanocladus	BOLD_GENUS_BACKBONE
KJ657896.1	Drepanocladus turgescens	Drepanocladus turgescens	Drepanocladus turgescens	Bryophyta	Bryopsida	Hypnales	Amblystegiaceae	Drepanocladus	BOLD_GENUS_BACKBONE
KJ657897.1	Drepanocladus turgescens	Drepanocladus turgescens	Drepanocladus turgescens	Bryophyta	Bryopsida	Hypnales	Amblystegiaceae	Drepanocladus	BOLD_GENUS_BACKBONE
KJ657898.1	Drepanocladus turgescens	Drepanocladus turgescens	Drepanocladus turgescens	Bryophyta	Bryopsida	Hypnales	Amblystegiaceae	Drepanocladus	BOLD_GENUS_BACKBONE
KJ657899.1	Drepanocladus turgescens	Drepanocladus turgescens	Drepanocladus turgescens	Bryophyta	Bryopsida	Hypnales	Amblystegiaceae	Drepanocladus	BOLD_GENUS_BACKBONE
KJ657900.1	Drepanocladus turgescens	Drepanocladus turgescens	Drepanocladus turgescens	Bryophyta	Bryopsida	Hypnales	Amblystegiaceae	Drepanocladus	BOLD_GENUS_BACKBONE
KJ657901.1	Drepanocladus turgescens	Drepanocladus turgescens	Drepanocladus turgescens	Bryophyta	Bryopsida	Hypnales	Amblystegiaceae	Drepanocladus	BOLD_GENUS_BACKBONE
KJ657902.1	Drepanocladus turgescens	Drepanocladus turgescens	Drepanocladus turgescens	Bryophyta	Bryopsida	Hypnales	Amblystegiaceae	Drepanocladus	BOLD_GENUS_BACKBONE
KJ657903.1	Drepanocladus turgescens	Drepanocladus turgescens	Drepanocladus turgescens	Bryophyta	Bryopsida	Hypnales	Amblystegiaceae	Drepanocladus	BOLD_GENUS_BACKBONE
KJ657904.1	Drepanocladus turgescens	Drepanocladus turgescens	Drepanocladus turgescens	Bryophyta	Bryopsida	Hypnales	Amblystegiaceae	Drepanocladus	BOLD_GENUS_BACKBONE
KJ657905.1	Drepanocladus turgescens	Drepanocladus turgescens	Drepanocladus turgescens	Bryophyta	Bryopsida	Hypnales	Amblystegiaceae	Drepanocladus	BOLD_GENUS_BACKBONE
KJ657906.1	Drepanocladus turgescens	Drepanocladus turgescens	Drepanocladus turgescens	Bryophyta	Bryopsida	Hypnales	Amblystegiaceae	Drepanocladus	BOLD_GENUS_BACKBONE
KJ657907.1	Drepanocladus turgescens	Drepanocladus turgescens	Drepanocladus turgescens	Bryophyta	Bryopsida	Hypnales	Amblystegiaceae	Drepanocladus	BOLD_GENUS_BACKBONE
KJ657908.1	Drepanocladus turgescens	Drepanocladus turgescens	Drepanocladus turgescens	Bryophyta	Bryopsida	Hypnales	Amblystegiaceae	Drepanocladus	BOLD_GENUS_BACKBONE
KJ657909.1	Drepanocladus turgescens	Drepanocladus turgescens	Drepanocladus turgescens	Bryophyta	Bryopsida	Hypnales	Amblystegiaceae	Drepanocladus	BOLD_GENUS_BACKBONE
KJ657910.1	Drepanocladus turgescens	Drepanocladus turgescens	Drepanocladus turgescens	Bryophyta	Bryopsida	Hypnales	Amblystegiaceae	Drepanocladus	BOLD_GENUS_BACKBONE
KJ657911.1	Drepanocladus turgescens	Drepanocladus turgescens	Drepanocladus turgescens	Bryophyta	Bryopsida	Hypnales	Amblystegiaceae	Drepanocladus	BOLD_GENUS_BACKBONE
KJ657912.1	Drepanocladus turgescens	Drepanocladus turgescens	Drepanocladus turgescens	Bryophyta	Bryopsida	Hypnales	Amblystegiaceae	Drepanocladus	BOLD_GENUS_BACKBONE
KJ657913.1	Drepanocladus turgescens	Drepanocladus turgescens	Drepanocladus turgescens	Bryophyta	Bryopsida	Hypnales	Amblystegiaceae	Drepanocladus	BOLD_GENUS_BACKBONE
KJ657914.1	Drepanocladus turgescens	Drepanocladus turgescens	Drepanocladus turgescens	Bryophyta	Bryopsida	Hypnales	Amblystegiaceae	Drepanocladus	BOLD_GENUS_BACKBONE
KJ657915.1	Drepanocladus turgescens	Drepanocladus turgescens	Drepanocladus turgescens	Bryophyta	Bryopsida	Hypnales	Amblystegiaceae	Drepanocladus	BOLD_GENUS_BACKBONE
KJ657916.1	Drepanocladus turgescens	Drepanocladus turgescens	Drepanocladus turgescens	Bryophyta	Bryopsida	Hypnales	Amblystegiaceae	Drepanocladus	BOLD_GENUS_BACKBONE
KJ657917.1	Drepanocladus turgescens	Drepanocladus turgescens	Drepanocladus turgescens	Bryophyta	Bryopsida	Hypnales	Amblystegiaceae	Drepanocladus	BOLD_GENUS_BACKBONE
KJ657918.1	Drepanocladus turgescens	Drepanocladus turgescens	Drepanocladus turgescens	Bryophyta	Bryopsida	Hypnales	Amblystegiaceae	Drepanocladus	BOLD_GENUS_BACKBONE
KJ657919.1	Drepanocladus turgescens	Drepanocladus turgescens	Drepanocladus turgescens	Bryophyta	Bryopsida	Hypnales	Amblystegiaceae	Drepanocladus	BOLD_GENUS_BACKBONE
KJ657920.1	Drepanocladus turgescens	Drepanocladus turgescens	Drepanocladus turgescens	Bryophyta	Bryopsida	Hypnales	Amblystegiaceae	Drepanocladus	BOLD_GENUS_BACKBONE
KJ657921.1	Drepanocladus turgescens	Drepanocladus turgescens	Drepanocladus turgescens	Bryophyta	Bryopsida	Hypnales	Amblystegiaceae	Drepanocladus	BOLD_GENUS_BACKBONE
KJ657922.1	Drepanocladus turgescens	Drepanocladus turgescens	Drepanocladus turgescens	Bryophyta	Bryopsida	Hypnales	Amblystegiaceae	Drepanocladus	BOLD_GENUS_BACKBONE
KJ657923.1	Drepanocladus turgescens	Drepanocladus turgescens	Drepanocladus turgescens	Bryophyta	Bryopsida	Hypnales	Amblystegiaceae	Drepanocladus	BOLD_GENUS_BACKBONE
KJ657924.1	Drepanocladus turgescens	Drepanocladus turgescens	Drepanocladus turgescens	Bryophyta	Bryopsida	Hypnales	Amblystegiaceae	Drepanocladus	BOLD_GENUS_BACKBONE
KJ657925.1	Drepanocladus turgescens	Drepanocladus turgescens	Drepanocladus turgescens	Bryophyta	Bryopsida	Hypnales	Amblystegiaceae	Drepanocladus	BOLD_GENUS_BACKBONE
KJ657926.1	Drepanocladus turgescens	Drepanocladus turgescens	Drepanocladus turgescens	Bryophyta	Bryopsida	Hypnales	Amblystegiaceae	Drepanocladus	BOLD_GENUS_BACKBONE
KJ657927.1	Drepanocladus turgescens	Drepanocladus turgescens	Drepanocladus turgescens	Bryophyta	Bryopsida	Hypnales	Amblystegiaceae	Drepanocladus	BOLD_GENUS_BACKBONE
KJ657928.1	Drepanocladus turgescens	Drepanocladus turgescens	Drepanocladus turgescens	Bryophyta	Bryopsida	Hypnales	Amblystegiaceae	Drepanocladus	BOLD_GENUS_BACKBONE
KJ657929.1	Drepanocladus turgescens	Drepanocladus turgescens	Drepanocladus turgescens	Bryophyta	Bryopsida	Hypnales	Amblystegiaceae	Drepanocladus	BOLD_GENUS_BACKBONE
KJ657930.1	Drepanocladus turgescens	Drepanocladus turgescens	Drepanocladus turgescens	Bryophyta	Bryopsida	Hypnales	Amblystegiaceae	Drepanocladus	BOLD_GENUS_BACKBONE
KJ657931.1	Drepanocladus turgescens	Drepanocladus turgescens	Drepanocladus turgescens	Bryophyta	Bryopsida	Hypnales	Amblystegiaceae	Drepanocladus	BOLD_GENUS_BACKBONE
KJ657932.1	Drepanocladus turgescens	Drepanocladus turgescens	Drepanocladus turgescens	Bryophyta	Bryopsida	Hypnales	Amblystegiaceae	Drepanocladus	BOLD_GENUS_BACKBONE
KJ657933.1	Drepanocladus turgescens	Drepanocladus turgescens	Drepanocladus turgescens	Bryophyta	Bryopsida	Hypnales	Amblystegiaceae	Drepanocladus	BOLD_GENUS_BACKBONE
KJ657934.1	Drepanocladus turgescens	Drepanocladus turgescens	Drepanocladus turgescens	Bryophyta	Bryopsida	Hypnales	Amblystegiaceae	Drepanocladus	BOLD_GENUS_BACKBONE
KJ657935.1	Drepanocladus turgescens	Drepanocladus turgescens	Drepanocladus turgescens	Bryophyta	Bryopsida	Hypnales	Amblystegiaceae	Drepanocladus	BOLD_GENUS_BACKBONE
KJ657936.1	Drepanocladus turgescens	Drepanocladus turgescens	Drepanocladus turgescens	Bryophyta	Bryopsida	Hypnales	Amblystegiaceae	Drepanocladus	BOLD_GENUS_BACKBONE
KJ657937.1	Drepanocladus turgescens	Drepanocladus turgescens	Drepanocladus turgescens	Bryophyta	Bryopsida	Hypnales	Amblystegiaceae	Drepanocladus	BOLD_GENUS_BACKBONE
KJ657938.1	Drepanocladus turgescens	Drepanocladus turgescens	Drepanocladus turgescens	Bryophyta	Bryopsida	Hypnales	Amblystegiaceae	Drepanocladus	BOLD_GENUS_BACKBONE
KJ657939.1	Drepanocladus turgescens	Drepanocladus turgescens	Drepanocladus turgescens	Bryophyta	Bryopsida	Hypnales	Amblystegiaceae	Drepanocladus	BOLD_GENUS_BACKBONE
KJ657940.1	Drepanocladus turgescens	Drepanocladus turgescens	Drepanocladus turgescens	Bryophyta	Bryopsida	Hypnales	Amblystegiaceae	Drepanocladus	BOLD_GENUS_BACKBONE
KJ657941.1	Drepanocladus turgescens	Drepanocladus turgescens	Drepanocladus turgescens	Bryophyta	Bryopsida	Hypnales	Amblystegiaceae	Drepanocladus	BOLD_GENUS_BACKBONE
KJ657942.1	Drepanocladus turgescens	Drepanocladus turgescens	Drepanocladus turgescens	Bryophyta	Bryopsida	Hypnales	Amblystegiaceae	Drepanocladus	BOLD_GENUS_BACKBONE
KJ657943.1	Drepanocladus turgescens	Drepanocladus turgescens	Drepanocladus turgescens	Bryophyta	Bryopsida	Hypnales	Amblystegiaceae	Drepanocladus	BOLD_GENUS_BACKBONE
KJ657944.1	Drepanocladus turgescens	Drepanocladus turgescens	Drepanocladus turgescens	Bryophyta	Bryopsida	Hypnales	Amblystegiaceae	Drepanocladus	BOLD_GENUS_BACKBONE
KJ657945.1	Drepanocladus turgescens	Drepanocladus turgescens	Drepanocladus turgescens	Bryophyta	Bryopsida	Hypnales	Amblystegiaceae	Drepanocladus	BOLD_GENUS_BACKBONE
KJ657946.1	Drepanocladus turgescens	Drepanocladus turgescens	Drepanocladus turgescens	Bryophyta	Bryopsida	Hypnales	Amblystegiaceae	Drepanocladus	BOLD_GENUS_BACKBONE
KJ657947.1	Drepanocladus turgescens	Drepanocladus turgescens	Drepanocladus turgescens	Bryophyta	Bryopsida	Hypnales	Amblystegiaceae	Drepanocladus	BOLD_GENUS_BACKBONE
KJ657948.1	Drepanocladus turgescens	Drepanocladus turgescens	Drepanocladus turgescens	Bryophyta	Bryopsida	Hypnales	Amblystegiaceae	Drepanocladus	BOLD_GENUS_BACKBONE
KJ657949.1	Drepanocladus turgescens	Drepanocladus turgescens	Drepanocladus turgescens	Bryophyta	Bryopsida	Hypnales	Amblystegiaceae	Drepanocladus	BOLD_GENUS_BACKBONE
KJ657950.1	Drepanocladus turgescens	Drepanocladus turgescens	Drepanocladus turgescens	Bryophyta	Bryopsida	Hypnales	Amblystegiaceae	Drepanocladus	BOLD_GENUS_BACKBONE
KJ657951.1	Drepanocladus turgescens	Drepanocladus turgescens	Drepanocladus turgescens	Bryophyta	Bryopsida	Hypnales	Amblystegiaceae	Drepanocladus	BOLD_GENUS_BACKBONE
KJ657952.1	Drepanocladus turgescens	Drepanocladus turgescens	Drepanocladus turgescens	Bryophyta	Bryopsida	Hypnales	Amblystegiaceae	Drepanocladus	BOLD_GENUS_BACKBONE
KJ657953.1	Drepanocladus turgescens	Drepanocladus turgescens	Drepanocladus turgescens	Bryophyta	Bryopsida	Hypnales	Amblystegiaceae	Drepanocladus	BOLD_GENUS_BACKBONE
KJ657954.1	Drepanocladus turgescens	Drepanocladus turgescens	Drepanocladus turgescens	Bryophyta	Bryopsida	Hypnales	Amblystegiaceae	Drepanocladus	BOLD_GENUS_BACKBONE
KJ657955.1	Drepanocladus turgescens	Drepanocladus turgescens	Drepanocladus turgescens	Bryophyta	Bryopsida	Hypnales	Amblystegiaceae	Drepanocladus	BOLD_GENUS_BACKBONE
KJ657956.1	Drepanocladus turgescens	Drepanocladus turgescens	Drepanocladus turgescens	Bryophyta	Bryopsida	Hypnales	Amblystegiaceae	Drepanocladus	BOLD_GENUS_BACKBONE
KJ657957.1	Drepanocladus turgescens	Drepanocladus turgescens	Drepanocladus turgescens	Bryophyta	Bryopsida	Hypnales	Amblystegiaceae	Drepanocladus	BOLD_GENUS_BACKBONE
KJ657958.1	Drepanocladus turgescens	Drepanocladus turgescens	Drepanocladus turgescens	Bryophyta	Bryopsida	Hypnales	Amblystegiaceae	Drepanocladus	BOLD_GENUS_BACKBONE
KJ657959.1	Drepanocladus turgescens	Drepanocladus turgescens	Drepanocladus turgescens	Bryophyta	Bryopsida	Hypnales	Amblystegiaceae	Drepanocladus	BOLD_GENUS_BACKBONE
KJ657960.1	Drepanocladus turgescens	Drepanocladus turgescens	Drepanocladus turgescens	Bryophyta	Bryopsida	Hypnales	Amblystegiaceae	Drepanocladus	BOLD_GENUS_BACKBONE
KJ657961.1	Drepanocladus turgescens	Drepanocladus turgescens	Drepanocladus turgescens	Bryophyta	Bryopsida	Hypnales	Amblystegiaceae	Drepanocladus	BOLD_GENUS_BACKBONE
KJ657962.1	Drepanocladus turgescens	Drepanocladus turgescens	Drepanocladus turgescens	Bryophyta	Bryopsida	Hypnales	Amblystegiaceae	Drepanocladus	BOLD_GENUS_BACKBONE
KJ657963.1	Drepanocladus turgescens	Drepanocladus turgescens	Drepanocladus turgescens	Bryophyta	Bryopsida	Hypnales	Amblystegiaceae	Drepanocladus	BOLD_GENUS_BACKBONE
KJ657964.1	Drepanocladus turgescens	Drepanocladus turgescens	Drepanocladus turgescens	Bryophyta	Bryopsida	Hypnales	Amblystegiaceae	Drepanocladus	BOLD_GENUS_BACKBONE
KJ657965.1	Drepanocladus turgescens	Drepanocladus turgescens	Drepanocladus turgescens	Bryophyta	Bryopsida	Hypnales	Amblystegiaceae	Drepanocladus	BOLD_GENUS_BACKBONE
KJ657966.1	Drepanocladus turgescens	Drepanocladus turgescens	Drepanocladus turgescens	Bryophyta	Bryopsida	Hypnales	Amblystegiaceae	Drepanocladus	BOLD_GENUS_BACKBONE
KJ657967.1	Drepanocladus turgescens	Drepanocladus turgescens	Drepanocladus turgescens	Bryophyta	Bryopsida	Hypnales	Amblystegiaceae	Drepanocladus	BOLD_GENUS_BACKBONE
KJ657968.1	Drepanocladus turgescens	Drepanocladus turgescens	Drepanocladus turgescens	Bryophyta	Bryopsida	Hypnales	Amblystegiaceae	Drepanocladus	BOLD_GENUS_BACKBONE
KJ657969.1	Drepanocladus turgescens	Drepanocladus turgescens	Drepanocladus turgescens	Bryophyta	Bryopsida	Hypnales	Amblystegiaceae	Drepanocladus	BOLD_GENUS_BACKBONE
KJ657970.1	Drepanocladus turgescens	Drepanocladus turgescens	Drepanocladus turgescens	Bryophyta	Bryopsida	Hypnales	Amblystegiaceae	Drepanocladus	BOLD_GENUS_BACKBONE
KJ657971.1	Drepanocladus turgescens	Drepanocladus turgescens	Drepanocladus turgescens	Bryophyta	Bryopsida	Hypnales	Amblystegiaceae	Drepanocladus	BOLD_GENUS_BACKBONE
KJ657972.1	Drepanocladus turgescens	Drepanocladus turgescens	Drepanocladus turgescens	Bryophyta	Bryopsida	Hypnales	Amblystegiaceae	Drepanocladus	BOLD_GENUS_BACKBONE
KJ657973.1	Drepanocladus turgescens	Drepanocladus turgescens	Drepanocladus turgescens	Bryophyta	Bryopsida	Hypnales	Amblystegiaceae	Drepanocladus	BOLD_GENUS_BACKBONE
KJ657974.1	Drepanocladus turgescens	Drepanocladus turgescens	Drepanocladus turgescens	Bryophyta	Bryopsida	Hypnales	Amblystegiaceae	Drepanocladus	BOLD_GENUS_BACKBONE
KJ657975.1	Drepanocladus turgescens	Drepanocladus turgescens	Drepanocladus turgescens	Bryophyta	Bryopsida	Hypnales	Amblystegiaceae	Drepanocladus	BOLD_GENUS_BACKBONE
KJ657976.1	Drepanocladus turgescens	Drepanocladus turgescens	Drepanocladus turgescens	Bryophyta	Bryopsida	Hypnales	Amblystegiaceae	Drepanocladus	BOLD_GENUS_BACKBONE
KJ657977.1	Drepanocladus turgescens	Drepanocladus turgescens	Drepanocladus turgescens	Bryophyta	Bryopsida	Hypnales	Amblystegiaceae	Drepanocladus	BOLD_GENUS_BACKBONE
KJ657978.1	Drepanocladus turgescens	Drepanocladus turgescens	Drepanocladus turgescens	Bryophyta	Bryopsida	Hypnales	Amblystegiaceae	Drepanocladus	BOLD_GENUS_BACKBONE
KJ657979.1	Drepanocladus turgescens	Drepanocladus turgescens	Drepanocladus turgescens	Bryophyta	Bryopsida	Hypnales	Amblystegiaceae	Drepanocladus	BOLD_GENUS_BACKBONE
KJ657980.1	Drepanocladus turgescens	Drepanocladus turgescens	Drepanocladus turgescens	Bryophyta	Bryopsida	Hypnales	Amblystegiaceae	Drepanocladus	BOLD_GENUS_BACKBONE
KJ657981.1	Drepanocladus turgescens	Drepanocladus turgescens	Drepanocladus turgescens	Bryophyta	Bryopsida	Hypnales	Amblystegiaceae	Drepanocladus	BOLD_GENUS_BACKBONE
AY635025.1	Duchesnea indica	Potentilla indica	Potentilla indica	Tracheophyta	Magnoliopsida	Rosales	Rosaceae	Potentilla	BOLD_GENUS_BACKBONE
AY862574.1	Duchesnea indica	Potentilla indica	Potentilla indica	Tracheophyta	Magnoliopsida	Rosales	Rosaceae	Potentilla	BOLD_GENUS_BACKBONE
KF912896.1	Duchesnea indica	Potentilla indica	Potentilla indica	Tracheophyta	Magnoliopsida	Rosales	Rosaceae	Potentilla	BOLD_GENUS_BACKBONE
KF912897.1	Duchesnea indica	Potentilla indica	Potentilla indica	Tracheophyta	Magnoliopsida	Rosales	Rosaceae	Potentilla	BOLD_GENUS_BACKBONE
KF912898.1	Duchesnea indica	Potentilla indica	Potentilla indica	Tracheophyta	Magnoliopsida	Rosales	Rosaceae	Potentilla	BOLD_GENUS_BACKBONE
KF912899.1	Duchesnea indica	Potentilla indica	Potentilla indica	Tracheophyta	Magnoliopsida	Rosales	Rosaceae	Potentilla	BOLD_GENUS_BACKBONE
KF912900.1	Duchesnea indica	Potentilla indica	Potentilla indica	Tracheophyta	Magnoliopsida	Rosales	Rosaceae	Potentilla	BOLD_GENUS_BACKBONE
KP875300.1	Duchesnea indica	Potentilla indica	Potentilla indica	Tracheophyta	Magnoliopsida	Rosales	Rosaceae	Potentilla	BOLD_GENUS_BACKBONE
MF785707.1	Duchesnea indica	Potentilla indica	Potentilla indica	Tracheophyta	Magnoliopsida	Rosales	Rosaceae	Potentilla	BOLD_GENUS_BACKBONE
AF319128.1	Echinops ritro	Echinops ritro	Echinops ritro	Tracheophyta	Magnoliopsida	Asterales	Asteraceae	Echinops	BOLD_GENUS_BACKBONE
AY538651.1	Echinops ritro	Echinops ritro subsp. ruthenicus	Echinops ritro	Tracheophyta	Magnoliopsida	Asterales	Asteraceae	Echinops	BOLD_GENUS_BACKBONE
AY538652.1	Echinops ritro	Echinops ritro subsp. siculus	Echinops ritro	Tracheophyta	Magnoliopsida	Asterales	Asteraceae	Echinops	BOLD_GENUS_BACKBONE
GU116544.1	Echinops ritro	Echinops ritro subsp. ritro	Echinops ritro	Tracheophyta	Magnoliopsida	Asterales	Asteraceae	Echinops	BOLD_GENUS_BACKBONE
KT819555.1	Echinops ritro	Echinops ritro	Echinops ritro	Tracheophyta	Magnoliopsida	Asterales	Asteraceae	Echinops	BOLD_GENUS_BACKBONE
L35882.1	Echinops ritro	Echinops ritro	Echinops ritro	Tracheophyta	Magnoliopsida	Asterales	Asteraceae	Echinops	BOLD_GENUS_BACKBONE
AY331465.1	Edraianthus graminifolius	Edraianthus graminifolius	Edraianthus graminifolius	Tracheophyta	Magnoliopsida	Asterales	Campanulaceae	Edraianthus	BOLD_GENUS_BACKBONE
KY082795.1	Elaeagnus pungens	Elaeagnus pungens	Elaeagnus pungens	Tracheophyta	Magnoliopsida	Rosales	Elaeagnaceae	Elaeagnus	BOLD_GENUS_BACKBONE
KU604648.1	Elatine hexandra	Elatine hexandra	Elatine hexandra	Tracheophyta	Magnoliopsida	Malpighiales	Elatinaceae	Elatine	BOLD_GENUS_BACKBONE
KU604649.1	Elatine hexandra	Elatine hexandra	Elatine hexandra	Tracheophyta	Magnoliopsida	Malpighiales	Elatinaceae	Elatine	BOLD_GENUS_BACKBONE
KU604650.1	Elatine hexandra	Elatine hexandra	Elatine hexandra	Tracheophyta	Magnoliopsida	Malpighiales	Elatinaceae	Elatine	BOLD_GENUS_BACKBONE
KX555586.1	Elatine hexandra	Elatine hexandra	Elatine hexandra	Tracheophyta	Magnoliopsida	Malpighiales	Elatinaceae	Elatine	BOLD_GENUS_BACKBONE
KX555587.1	Elatine hexandra	Elatine hexandra	Elatine hexandra	Tracheophyta	Magnoliopsida	Malpighiales	Elatinaceae	Elatine	BOLD_GENUS_BACKBONE
KX555588.1	Elatine hexandra	Elatine hexandra	Elatine hexandra	Tracheophyta	Magnoliopsida	Malpighiales	Elatinaceae	Elatine	BOLD_GENUS_BACKBONE
KX555589.1	Elatine hexandra	Elatine hexandra	Elatine hexandra	Tracheophyta	Magnoliopsida	Malpighiales	Elatinaceae	Elatine	BOLD_GENUS_BACKBONE
EF014249.1	Elytrigia elongata	Thinopyrum elongatum	Thinopyrum elongatum	Streptophyta	Magnoliopsida	Poales	Poaceae	Thinopyrum	NCBI_LINEAGE
GQ373288.1	Elytrigia elongata	Thinopyrum elongatum	Thinopyrum elongatum	Streptophyta	Magnoliopsida	Poales	Poaceae	Thinopyrum	NCBI_LINEAGE
GQ373289.1	Elytrigia elongata	Thinopyrum elongatum	Thinopyrum elongatum	Streptophyta	Magnoliopsida	Poales	Poaceae	Thinopyrum	NCBI_LINEAGE
GQ373290.1	Elytrigia elongata	Thinopyrum elongatum	Thinopyrum elongatum	Streptophyta	Magnoliopsida	Poales	Poaceae	Thinopyrum	NCBI_LINEAGE
GQ373291.1	Elytrigia elongata	Thinopyrum elongatum	Thinopyrum elongatum	Streptophyta	Magnoliopsida	Poales	Poaceae	Thinopyrum	NCBI_LINEAGE
KC991138.1	Elytrigia elongata	Thinopyrum elongatum	Thinopyrum elongatum	Streptophyta	Magnoliopsida	Poales	Poaceae	Thinopyrum	NCBI_LINEAGE
MF893148.1	Elytrigia elongata	Thinopyrum elongatum	Thinopyrum elongatum	Streptophyta	Magnoliopsida	Poales	Poaceae	Thinopyrum	NCBI_LINEAGE
AF507802.1	Elytrigia intermedia	Thinopyrum intermedium	Thinopyrum intermedium	Streptophyta	Magnoliopsida	Poales	Poaceae	Thinopyrum	NCBI_LINEAGE
AF507803.1	Elytrigia intermedia	Thinopyrum intermedium	Thinopyrum intermedium	Streptophyta	Magnoliopsida	Poales	Poaceae	Thinopyrum	NCBI_LINEAGE
AF507804.1	Elytrigia intermedia	Thinopyrum intermedium	Thinopyrum intermedium	Streptophyta	Magnoliopsida	Poales	Poaceae	Thinopyrum	NCBI_LINEAGE
AF507805.1	Elytrigia intermedia	Thinopyrum intermedium	Thinopyrum intermedium	Streptophyta	Magnoliopsida	Poales	Poaceae	Thinopyrum	NCBI_LINEAGE
AF507806.1	Elytrigia intermedia	Thinopyrum intermedium	Thinopyrum intermedium	Streptophyta	Magnoliopsida	Poales	Poaceae	Thinopyrum	NCBI_LINEAGE
AF507807.1	Elytrigia intermedia	Thinopyrum intermedium	Thinopyrum intermedium	Streptophyta	Magnoliopsida	Poales	Poaceae	Thinopyrum	NCBI_LINEAGE
AF507808.1	Elytrigia intermedia	Thinopyrum intermedium	Thinopyrum intermedium	Streptophyta	Magnoliopsida	Poales	Poaceae	Thinopyrum	NCBI_LINEAGE
AF507809.1	Elytrigia intermedia	Thinopyrum intermedium	Thinopyrum intermedium	Streptophyta	Magnoliopsida	Poales	Poaceae	Thinopyrum	NCBI_LINEAGE
DQ859052.1	Elytrigia intermedia	Thinopyrum intermedium	Thinopyrum intermedium	Streptophyta	Magnoliopsida	Poales	Poaceae	Thinopyrum	NCBI_LINEAGE
DQ859053.1	Elytrigia intermedia	Thinopyrum intermedium	Thinopyrum intermedium	Streptophyta	Magnoliopsida	Poales	Poaceae	Thinopyrum	NCBI_LINEAGE
DQ859054.1	Elytrigia intermedia	Thinopyrum intermedium	Thinopyrum intermedium	Streptophyta	Magnoliopsida	Poales	Poaceae	Thinopyrum	NCBI_LINEAGE
GQ373295.1	Elytrigia intermedia	Thinopyrum intermedium	Thinopyrum intermedium	Streptophyta	Magnoliopsida	Poales	Poaceae	Thinopyrum	NCBI_LINEAGE
GQ373296.1	Elytrigia intermedia	Thinopyrum intermedium	Thinopyrum intermedium	Streptophyta	Magnoliopsida	Poales	Poaceae	Thinopyrum	NCBI_LINEAGE
GQ373297.1	Elytrigia intermedia	Thinopyrum intermedium	Thinopyrum intermedium	Streptophyta	Magnoliopsida	Poales	Poaceae	Thinopyrum	NCBI_LINEAGE
KC843788.1	Elytrigia intermedia	Thinopyrum intermedium	Thinopyrum intermedium	Streptophyta	Magnoliopsida	Poales	Poaceae	Thinopyrum	NCBI_LINEAGE
KC843789.1	Elytrigia intermedia	Thinopyrum intermedium	Thinopyrum intermedium	Streptophyta	Magnoliopsida	Poales	Poaceae	Thinopyrum	NCBI_LINEAGE
KC843790.1	Elytrigia intermedia	Thinopyrum intermedium	Thinopyrum intermedium	Streptophyta	Magnoliopsida	Poales	Poaceae	Thinopyrum	NCBI_LINEAGE
KC843791.1	Elytrigia intermedia	Thinopyrum intermedium	Thinopyrum intermedium	Streptophyta	Magnoliopsida	Poales	Poaceae	Thinopyrum	NCBI_LINEAGE
KC843792.1	Elytrigia intermedia	Thinopyrum intermedium	Thinopyrum intermedium	Streptophyta	Magnoliopsida	Poales	Poaceae	Thinopyrum	NCBI_LINEAGE
KC843793.1	Elytrigia intermedia	Thinopyrum intermedium	Thinopyrum intermedium	Streptophyta	Magnoliopsida	Poales	Poaceae	Thinopyrum	NCBI_LINEAGE
KC843794.1	Elytrigia intermedia	Thinopyrum intermedium	Thinopyrum intermedium	Streptophyta	Magnoliopsida	Poales	Poaceae	Thinopyrum	NCBI_LINEAGE
KC843795.1	Elytrigia intermedia	Thinopyrum intermedium	Thinopyrum intermedium	Streptophyta	Magnoliopsida	Poales	Poaceae	Thinopyrum	NCBI_LINEAGE
KC843796.1	Elytrigia intermedia	Thinopyrum intermedium	Thinopyrum intermedium	Streptophyta	Magnoliopsida	Poales	Poaceae	Thinopyrum	NCBI_LINEAGE
KC843797.1	Elytrigia intermedia	Thinopyrum intermedium	Thinopyrum intermedium	Streptophyta	Magnoliopsida	Poales	Poaceae	Thinopyrum	NCBI_LINEAGE
KC843798.1	Elytrigia intermedia	Thinopyrum intermedium	Thinopyrum intermedium	Streptophyta	Magnoliopsida	Poales	Poaceae	Thinopyrum	NCBI_LINEAGE
KC843799.1	Elytrigia intermedia	Thinopyrum intermedium	Thinopyrum intermedium	Streptophyta	Magnoliopsida	Poales	Poaceae	Thinopyrum	NCBI_LINEAGE
KC843800.1	Elytrigia intermedia	Thinopyrum intermedium	Thinopyrum intermedium	Streptophyta	Magnoliopsida	Poales	Poaceae	Thinopyrum	NCBI_LINEAGE
KC843801.1	Elytrigia intermedia	Thinopyrum intermedium	Thinopyrum intermedium	Streptophyta	Magnoliopsida	Poales	Poaceae	Thinopyrum	NCBI_LINEAGE
KC843802.1	Elytrigia intermedia	Thinopyrum intermedium	Thinopyrum intermedium	Streptophyta	Magnoliopsida	Poales	Poaceae	Thinopyrum	NCBI_LINEAGE
KC843803.1	Elytrigia intermedia	Thinopyrum intermedium	Thinopyrum intermedium	Streptophyta	Magnoliopsida	Poales	Poaceae	Thinopyrum	NCBI_LINEAGE
KC843804.1	Elytrigia intermedia	Thinopyrum intermedium	Thinopyrum intermedium	Streptophyta	Magnoliopsida	Poales	Poaceae	Thinopyrum	NCBI_LINEAGE
KC843805.1	Elytrigia intermedia	Thinopyrum intermedium	Thinopyrum intermedium	Streptophyta	Magnoliopsida	Poales	Poaceae	Thinopyrum	NCBI_LINEAGE
KC843806.1	Elytrigia intermedia	Thinopyrum intermedium	Thinopyrum intermedium	Streptophyta	Magnoliopsida	Poales	Poaceae	Thinopyrum	NCBI_LINEAGE
KC843807.1	Elytrigia intermedia	Thinopyrum intermedium	Thinopyrum intermedium	Streptophyta	Magnoliopsida	Poales	Poaceae	Thinopyrum	NCBI_LINEAGE
KC843808.1	Elytrigia intermedia	Thinopyrum intermedium	Thinopyrum intermedium	Streptophyta	Magnoliopsida	Poales	Poaceae	Thinopyrum	NCBI_LINEAGE
KC843809.1	Elytrigia intermedia	Thinopyrum intermedium	Thinopyrum intermedium	Streptophyta	Magnoliopsida	Poales	Poaceae	Thinopyrum	NCBI_LINEAGE
KC843810.1	Elytrigia intermedia	Thinopyrum intermedium	Thinopyrum intermedium	Streptophyta	Magnoliopsida	Poales	Poaceae	Thinopyrum	NCBI_LINEAGE
KC843811.1	Elytrigia intermedia	Thinopyrum intermedium	Thinopyrum intermedium	Streptophyta	Magnoliopsida	Poales	Poaceae	Thinopyrum	NCBI_LINEAGE
KC843812.1	Elytrigia intermedia	Thinopyrum intermedium	Thinopyrum intermedium	Streptophyta	Magnoliopsida	Poales	Poaceae	Thinopyrum	NCBI_LINEAGE
KC843813.1	Elytrigia intermedia	Thinopyrum intermedium	Thinopyrum intermedium	Streptophyta	Magnoliopsida	Poales	Poaceae	Thinopyrum	NCBI_LINEAGE
KC843814.1	Elytrigia intermedia	Thinopyrum intermedium	Thinopyrum intermedium	Streptophyta	Magnoliopsida	Poales	Poaceae	Thinopyrum	NCBI_LINEAGE
KC843815.1	Elytrigia intermedia	Thinopyrum intermedium	Thinopyrum intermedium	Streptophyta	Magnoliopsida	Poales	Poaceae	Thinopyrum	NCBI_LINEAGE
KC843816.1	Elytrigia intermedia	Thinopyrum intermedium	Thinopyrum intermedium	Streptophyta	Magnoliopsida	Poales	Poaceae	Thinopyrum	NCBI_LINEAGE
KC843817.1	Elytrigia intermedia	Thinopyrum intermedium	Thinopyrum intermedium	Streptophyta	Magnoliopsida	Poales	Poaceae	Thinopyrum	NCBI_LINEAGE
KC843818.1	Elytrigia intermedia	Thinopyrum intermedium	Thinopyrum intermedium	Streptophyta	Magnoliopsida	Poales	Poaceae	Thinopyrum	NCBI_LINEAGE
KC843819.1	Elytrigia intermedia	Thinopyrum intermedium	Thinopyrum intermedium	Streptophyta	Magnoliopsida	Poales	Poaceae	Thinopyrum	NCBI_LINEAGE
KC843820.1	Elytrigia intermedia	Thinopyrum intermedium	Thinopyrum intermedium	Streptophyta	Magnoliopsida	Poales	Poaceae	Thinopyrum	NCBI_LINEAGE
KC843821.1	Elytrigia intermedia	Thinopyrum intermedium	Thinopyrum intermedium	Streptophyta	Magnoliopsida	Poales	Poaceae	Thinopyrum	NCBI_LINEAGE
KC843822.1	Elytrigia intermedia	Thinopyrum intermedium	Thinopyrum intermedium	Streptophyta	Magnoliopsida	Poales	Poaceae	Thinopyrum	NCBI_LINEAGE
KC843823.1	Elytrigia intermedia	Thinopyrum intermedium	Thinopyrum intermedium	Streptophyta	Magnoliopsida	Poales	Poaceae	Thinopyrum	NCBI_LINEAGE
KC843824.1	Elytrigia intermedia	Thinopyrum intermedium	Thinopyrum intermedium	Streptophyta	Magnoliopsida	Poales	Poaceae	Thinopyrum	NCBI_LINEAGE
KC843825.1	Elytrigia intermedia	Thinopyrum intermedium	Thinopyrum intermedium	Streptophyta	Magnoliopsida	Poales	Poaceae	Thinopyrum	NCBI_LINEAGE
KC843826.1	Elytrigia intermedia	Thinopyrum intermedium	Thinopyrum intermedium	Streptophyta	Magnoliopsida	Poales	Poaceae	Thinopyrum	NCBI_LINEAGE
KC843827.1	Elytrigia intermedia	Thinopyrum intermedium	Thinopyrum intermedium	Streptophyta	Magnoliopsida	Poales	Poaceae	Thinopyrum	NCBI_LINEAGE
KC843828.1	Elytrigia intermedia	Thinopyrum intermedium	Thinopyrum intermedium	Streptophyta	Magnoliopsida	Poales	Poaceae	Thinopyrum	NCBI_LINEAGE
KC843829.1	Elytrigia intermedia	Thinopyrum intermedium	Thinopyrum intermedium	Streptophyta	Magnoliopsida	Poales	Poaceae	Thinopyrum	NCBI_LINEAGE
KC843830.1	Elytrigia intermedia	Thinopyrum intermedium	Thinopyrum intermedium	Streptophyta	Magnoliopsida	Poales	Poaceae	Thinopyrum	NCBI_LINEAGE
KC843831.1	Elytrigia intermedia	Thinopyrum intermedium	Thinopyrum intermedium	Streptophyta	Magnoliopsida	Poales	Poaceae	Thinopyrum	NCBI_LINEAGE
KC843832.1	Elytrigia intermedia	Thinopyrum intermedium	Thinopyrum intermedium	Streptophyta	Magnoliopsida	Poales	Poaceae	Thinopyrum	NCBI_LINEAGE
KC843833.1	Elytrigia intermedia	Thinopyrum intermedium	Thinopyrum intermedium	Streptophyta	Magnoliopsida	Poales	Poaceae	Thinopyrum	NCBI_LINEAGE
KC843834.1	Elytrigia intermedia	Thinopyrum intermedium	Thinopyrum intermedium	Streptophyta	Magnoliopsida	Poales	Poaceae	Thinopyrum	NCBI_LINEAGE
KC843835.1	Elytrigia intermedia	Thinopyrum intermedium	Thinopyrum intermedium	Streptophyta	Magnoliopsida	Poales	Poaceae	Thinopyrum	NCBI_LINEAGE
KC843836.1	Elytrigia intermedia	Thinopyrum intermedium	Thinopyrum intermedium	Streptophyta	Magnoliopsida	Poales	Poaceae	Thinopyrum	NCBI_LINEAGE
KC843837.1	Elytrigia intermedia	Thinopyrum intermedium	Thinopyrum intermedium	Streptophyta	Magnoliopsida	Poales	Poaceae	Thinopyrum	NCBI_LINEAGE
KC843838.1	Elytrigia intermedia	Thinopyrum intermedium	Thinopyrum intermedium	Streptophyta	Magnoliopsida	Poales	Poaceae	Thinopyrum	NCBI_LINEAGE
KC843839.1	Elytrigia intermedia	Thinopyrum intermedium	Thinopyrum intermedium	Streptophyta	Magnoliopsida	Poales	Poaceae	Thinopyrum	NCBI_LINEAGE
KC843840.1	Elytrigia intermedia	Thinopyrum intermedium	Thinopyrum intermedium	Streptophyta	Magnoliopsida	Poales	Poaceae	Thinopyrum	NCBI_LINEAGE
KC843841.1	Elytrigia intermedia	Thinopyrum intermedium	Thinopyrum intermedium	Streptophyta	Magnoliopsida	Poales	Poaceae	Thinopyrum	NCBI_LINEAGE
KC843842.1	Elytrigia intermedia	Thinopyrum intermedium	Thinopyrum intermedium	Streptophyta	Magnoliopsida	Poales	Poaceae	Thinopyrum	NCBI_LINEAGE
KC843843.1	Elytrigia intermedia	Thinopyrum intermedium	Thinopyrum intermedium	Streptophyta	Magnoliopsida	Poales	Poaceae	Thinopyrum	NCBI_LINEAGE
KC843844.1	Elytrigia intermedia	Thinopyrum intermedium	Thinopyrum intermedium	Streptophyta	Magnoliopsida	Poales	Poaceae	Thinopyrum	NCBI_LINEAGE
KC843845.1	Elytrigia intermedia	Thinopyrum intermedium	Thinopyrum intermedium	Streptophyta	Magnoliopsida	Poales	Poaceae	Thinopyrum	NCBI_LINEAGE
KC843846.1	Elytrigia intermedia	Thinopyrum intermedium	Thinopyrum intermedium	Streptophyta	Magnoliopsida	Poales	Poaceae	Thinopyrum	NCBI_LINEAGE
KC843847.1	Elytrigia intermedia	Thinopyrum intermedium	Thinopyrum intermedium	Streptophyta	Magnoliopsida	Poales	Poaceae	Thinopyrum	NCBI_LINEAGE
KC843848.1	Elytrigia intermedia	Thinopyrum intermedium	Thinopyrum intermedium	Streptophyta	Magnoliopsida	Poales	Poaceae	Thinopyrum	NCBI_LINEAGE
KC843849.1	Elytrigia intermedia	Thinopyrum intermedium	Thinopyrum intermedium	Streptophyta	Magnoliopsida	Poales	Poaceae	Thinopyrum	NCBI_LINEAGE
KC843850.1	Elytrigia intermedia	Thinopyrum intermedium	Thinopyrum intermedium	Streptophyta	Magnoliopsida	Poales	Poaceae	Thinopyrum	NCBI_LINEAGE
KC843851.1	Elytrigia intermedia	Thinopyrum intermedium	Thinopyrum intermedium	Streptophyta	Magnoliopsida	Poales	Poaceae	Thinopyrum	NCBI_LINEAGE
KC843852.1	Elytrigia intermedia	Thinopyrum intermedium	Thinopyrum intermedium	Streptophyta	Magnoliopsida	Poales	Poaceae	Thinopyrum	NCBI_LINEAGE
KC843853.1	Elytrigia intermedia	Thinopyrum intermedium	Thinopyrum intermedium	Streptophyta	Magnoliopsida	Poales	Poaceae	Thinopyrum	NCBI_LINEAGE
KC843854.1	Elytrigia intermedia	Thinopyrum intermedium	Thinopyrum intermedium	Streptophyta	Magnoliopsida	Poales	Poaceae	Thinopyrum	NCBI_LINEAGE
MF893152.1	Elytrigia intermedia	Thinopyrum intermedium	Thinopyrum intermedium	Streptophyta	Magnoliopsida	Poales	Poaceae	Thinopyrum	NCBI_LINEAGE
MF893153.1	Elytrigia intermedia	Thinopyrum intermedium	Thinopyrum intermedium	Streptophyta	Magnoliopsida	Poales	Poaceae	Thinopyrum	NCBI_LINEAGE
DQ859048.1	Elytrigia repens	Elymus repens	Elymus repens	Tracheophyta	Liliopsida	Poales	Poaceae	Elymus	BOLD_GENUS_BACKBONE
DQ859049.1	Elytrigia repens	Elymus repens	Elymus repens	Tracheophyta	Liliopsida	Poales	Poaceae	Elymus	BOLD_GENUS_BACKBONE
DQ859050.1	Elytrigia repens	Elymus repens	Elymus repens	Tracheophyta	Liliopsida	Poales	Poaceae	Elymus	BOLD_GENUS_BACKBONE
DQ859051.1	Elytrigia repens	Elymus repens	Elymus repens	Tracheophyta	Liliopsida	Poales	Poaceae	Elymus	BOLD_GENUS_BACKBONE
FJ793073.1	Elytrigia repens	Elymus repens	Elymus repens	Tracheophyta	Liliopsida	Poales	Poaceae	Elymus	BOLD_GENUS_BACKBONE
FJ793074.1	Elytrigia repens	Elymus repens	Elymus repens	Tracheophyta	Liliopsida	Poales	Poaceae	Elymus	BOLD_GENUS_BACKBONE
FJ793075.1	Elytrigia repens	Elymus repens	Elymus repens	Tracheophyta	Liliopsida	Poales	Poaceae	Elymus	BOLD_GENUS_BACKBONE
FJ793076.1	Elytrigia repens	Elymus repens	Elymus repens	Tracheophyta	Liliopsida	Poales	Poaceae	Elymus	BOLD_GENUS_BACKBONE
FJ793077.1	Elytrigia repens	Elymus repens	Elymus repens	Tracheophyta	Liliopsida	Poales	Poaceae	Elymus	BOLD_GENUS_BACKBONE
FJ793078.1	Elytrigia repens	Elymus repens	Elymus repens	Tracheophyta	Liliopsida	Poales	Poaceae	Elymus	BOLD_GENUS_BACKBONE
FJ793079.1	Elytrigia repens	Elymus repens	Elymus repens	Tracheophyta	Liliopsida	Poales	Poaceae	Elymus	BOLD_GENUS_BACKBONE
FJ793080.1	Elytrigia repens	Elymus repens	Elymus repens	Tracheophyta	Liliopsida	Poales	Poaceae	Elymus	BOLD_GENUS_BACKBONE
FJ793081.1	Elytrigia repens	Elymus repens	Elymus repens	Tracheophyta	Liliopsida	Poales	Poaceae	Elymus	BOLD_GENUS_BACKBONE
FJ793082.1	Elytrigia repens	Elymus repens	Elymus repens	Tracheophyta	Liliopsida	Poales	Poaceae	Elymus	BOLD_GENUS_BACKBONE
FJ793083.1	Elytrigia repens	Elymus repens	Elymus repens	Tracheophyta	Liliopsida	Poales	Poaceae	Elymus	BOLD_GENUS_BACKBONE
FJ793084.1	Elytrigia repens	Elymus repens	Elymus repens	Tracheophyta	Liliopsida	Poales	Poaceae	Elymus	BOLD_GENUS_BACKBONE
FJ793085.1	Elytrigia repens	Elymus repens	Elymus repens	Tracheophyta	Liliopsida	Poales	Poaceae	Elymus	BOLD_GENUS_BACKBONE
FJ793086.1	Elytrigia repens	Elymus repens	Elymus repens	Tracheophyta	Liliopsida	Poales	Poaceae	Elymus	BOLD_GENUS_BACKBONE
FJ793087.1	Elytrigia repens	Elymus repens	Elymus repens	Tracheophyta	Liliopsida	Poales	Poaceae	Elymus	BOLD_GENUS_BACKBONE
FJ793088.1	Elytrigia repens	Elymus repens	Elymus repens	Tracheophyta	Liliopsida	Poales	Poaceae	Elymus	BOLD_GENUS_BACKBONE
FJ793089.1	Elytrigia repens	Elymus repens	Elymus repens	Tracheophyta	Liliopsida	Poales	Poaceae	Elymus	BOLD_GENUS_BACKBONE
FJ793090.1	Elytrigia repens	Elymus repens	Elymus repens	Tracheophyta	Liliopsida	Poales	Poaceae	Elymus	BOLD_GENUS_BACKBONE
FJ793091.1	Elytrigia repens	Elymus repens	Elymus repens	Tracheophyta	Liliopsida	Poales	Poaceae	Elymus	BOLD_GENUS_BACKBONE
FJ793092.1	Elytrigia repens	Elymus repens	Elymus repens	Tracheophyta	Liliopsida	Poales	Poaceae	Elymus	BOLD_GENUS_BACKBONE
FJ793093.1	Elytrigia repens	Elymus repens	Elymus repens	Tracheophyta	Liliopsida	Poales	Poaceae	Elymus	BOLD_GENUS_BACKBONE
FJ793094.1	Elytrigia repens	Elymus repens	Elymus repens	Tracheophyta	Liliopsida	Poales	Poaceae	Elymus	BOLD_GENUS_BACKBONE
FJ793095.1	Elytrigia repens	Elymus repens	Elymus repens	Tracheophyta	Liliopsida	Poales	Poaceae	Elymus	BOLD_GENUS_BACKBONE
GQ365145.1	Elytrigia repens	Elymus repens	Elymus repens	Tracheophyta	Liliopsida	Poales	Poaceae	Elymus	BOLD_GENUS_BACKBONE
GQ373266.1	Elytrigia repens	Elymus repens	Elymus repens	Tracheophyta	Liliopsida	Poales	Poaceae	Elymus	BOLD_GENUS_BACKBONE
GQ373267.1	Elytrigia repens	Elymus repens	Elymus repens	Tracheophyta	Liliopsida	Poales	Poaceae	Elymus	BOLD_GENUS_BACKBONE
GQ373268.1	Elytrigia repens	Elymus repens	Elymus repens	Tracheophyta	Liliopsida	Poales	Poaceae	Elymus	BOLD_GENUS_BACKBONE
KF713224.1	Elytrigia repens	Elymus repens	Elymus repens	Tracheophyta	Liliopsida	Poales	Poaceae	Elymus	BOLD_GENUS_BACKBONE
KF713225.1	Elytrigia repens	Elymus repens	Elymus repens	Tracheophyta	Liliopsida	Poales	Poaceae	Elymus	BOLD_GENUS_BACKBONE
KF713226.1	Elytrigia repens	Elymus repens	Elymus repens	Tracheophyta	Liliopsida	Poales	Poaceae	Elymus	BOLD_GENUS_BACKBONE
KF713227.1	Elytrigia repens	Elymus repens	Elymus repens	Tracheophyta	Liliopsida	Poales	Poaceae	Elymus	BOLD_GENUS_BACKBONE
KF713228.1	Elytrigia repens	Elymus repens	Elymus repens	Tracheophyta	Liliopsida	Poales	Poaceae	Elymus	BOLD_GENUS_BACKBONE
KF713229.1	Elytrigia repens	Elymus repens	Elymus repens	Tracheophyta	Liliopsida	Poales	Poaceae	Elymus	BOLD_GENUS_BACKBONE
KF713230.1	Elytrigia repens	Elymus repens	Elymus repens	Tracheophyta	Liliopsida	Poales	Poaceae	Elymus	BOLD_GENUS_BACKBONE
KF713231.1	Elytrigia repens	Elymus repens	Elymus repens	Tracheophyta	Liliopsida	Poales	Poaceae	Elymus	BOLD_GENUS_BACKBONE
KJ028268.1	Elytrigia repens	Elymus repens	Elymus repens	Tracheophyta	Liliopsida	Poales	Poaceae	Elymus	BOLD_GENUS_BACKBONE
KJ028269.1	Elytrigia repens	Elymus repens	Elymus repens	Tracheophyta	Liliopsida	Poales	Poaceae	Elymus	BOLD_GENUS_BACKBONE
KJ028270.1	Elytrigia repens	Elymus repens	Elymus repens	Tracheophyta	Liliopsida	Poales	Poaceae	Elymus	BOLD_GENUS_BACKBONE
KJ028271.1	Elytrigia repens	Elymus repens	Elymus repens	Tracheophyta	Liliopsida	Poales	Poaceae	Elymus	BOLD_GENUS_BACKBONE
KP296029.1	Elytrigia repens	Elymus repens	Elymus repens	Tracheophyta	Liliopsida	Poales	Poaceae	Elymus	BOLD_GENUS_BACKBONE
MF893160.1	Elytrigia repens	Elymus repens	Elymus repens	Tracheophyta	Liliopsida	Poales	Poaceae	Elymus	BOLD_GENUS_BACKBONE
MF893161.1	Elytrigia repens	Elymus repens	Elymus repens	Tracheophyta	Liliopsida	Poales	Poaceae	Elymus	BOLD_GENUS_BACKBONE
MH500773.1	Elytrigia repens	Elymus repens	Elymus repens	Tracheophyta	Liliopsida	Poales	Poaceae	Elymus	BOLD_GENUS_BACKBONE
MK327300.1	Entodon schleicheri	Entodon schleicheri	Entodon schleicheri	Bryophyta	Bryopsida	Hypnales	Entodontaceae	Entodon	BOLD_GENUS_BACKBONE
JN010263.1	Epimedium alpinum	Epimedium alpinum	Epimedium alpinum	Streptophyta	Magnoliopsida	Ranunculales	Berberidaceae	Epimedium	NCBI_LINEAGE
KP204480.1	Epipactis leptochila	Epipactis leptochila	Epipactis leptochila	Tracheophyta	Liliopsida	Asparagales	Orchidaceae	Epipactis	BOLD_GENUS_BACKBONE
KP204482.1	Epipactis leptochila	Epipactis leptochila subsp. neglecta	Epipactis leptochila	Tracheophyta	Liliopsida	Asparagales	Orchidaceae	Epipactis	BOLD_GENUS_BACKBONE
AY986962.1	Epipactis microphylla	Epipactis microphylla	Epipactis microphylla	Tracheophyta	Liliopsida	Asparagales	Orchidaceae	Epipactis	BOLD_GENUS_BACKBONE
KP204483.1	Epipactis nordeniorum	Epipactis nordeniorum	Epipactis nordeniorum	Tracheophyta	Liliopsida	Asparagales	Orchidaceae	Epipactis	BOLD_GENUS_BACKBONE
KP204484.1	Epipactis pontica	Epipactis pontica	Epipactis pontica	Tracheophyta	Liliopsida	Asparagales	Orchidaceae	Epipactis	BOLD_GENUS_BACKBONE
JN847406.1	Epipactis purpurata	Epipactis purpurata	Epipactis purpurata	Tracheophyta	Liliopsida	Asparagales	Orchidaceae	Epipactis	BOLD_GENUS_BACKBONE
JN847407.1	Epipactis purpurata	Epipactis purpurata	Epipactis purpurata	Tracheophyta	Liliopsida	Asparagales	Orchidaceae	Epipactis	BOLD_GENUS_BACKBONE
JN847408.1	Epipactis purpurata	Epipactis purpurata	Epipactis purpurata	Tracheophyta	Liliopsida	Asparagales	Orchidaceae	Epipactis	BOLD_GENUS_BACKBONE
JN847409.1	Epipactis purpurata	Epipactis purpurata	Epipactis purpurata	Tracheophyta	Liliopsida	Asparagales	Orchidaceae	Epipactis	BOLD_GENUS_BACKBONE
JN847410.1	Epipactis purpurata	Epipactis purpurata	Epipactis purpurata	Tracheophyta	Liliopsida	Asparagales	Orchidaceae	Epipactis	BOLD_GENUS_BACKBONE
JN847413.1	Epipactis purpurata	Epipactis purpurata	Epipactis purpurata	Tracheophyta	Liliopsida	Asparagales	Orchidaceae	Epipactis	BOLD_GENUS_BACKBONE
JN847414.1	Epipactis purpurata	Epipactis purpurata	Epipactis purpurata	Tracheophyta	Liliopsida	Asparagales	Orchidaceae	Epipactis	BOLD_GENUS_BACKBONE
JN847415.1	Epipactis purpurata	Epipactis purpurata	Epipactis purpurata	Tracheophyta	Liliopsida	Asparagales	Orchidaceae	Epipactis	BOLD_GENUS_BACKBONE
JN847416.1	Epipactis purpurata	Epipactis purpurata	Epipactis purpurata	Tracheophyta	Liliopsida	Asparagales	Orchidaceae	Epipactis	BOLD_GENUS_BACKBONE
AF459965.1	Erechtites hieraciifolia	Erechtites hieraciifolius	Erechtites hieraciifolius	Streptophyta	Magnoliopsida	Asterales	Asteraceae	Erechtites	NCBI_LINEAGE
EF107652.1	Erechtites hieraciifolia	Erechtites hieraciifolius	Erechtites hieraciifolius	Streptophyta	Magnoliopsida	Asterales	Asteraceae	Erechtites	NCBI_LINEAGE
KJ418341.1	Erechtites hieraciifolia	Erechtites hieraciifolius	Erechtites hieraciifolius	Streptophyta	Magnoliopsida	Asterales	Asteraceae	Erechtites	NCBI_LINEAGE
KP737539.1	Erica carnea	Erica carnea	Erica carnea	Streptophyta	Magnoliopsida	Ericales	Ericaceae	Erica	NCBI_LINEAGE
KP737540.1	Erica carnea	Erica carnea	Erica carnea	Streptophyta	Magnoliopsida	Ericales	Ericaceae	Erica	NCBI_LINEAGE
AF377951.1	Erophila verna	Draba verna	Draba verna	Tracheophyta	Magnoliopsida	Brassicales	Brassicaceae	Draba	BOLD_GENUS_BACKBONE
AY047686.1	Erophila verna	Draba verna	Draba verna	Tracheophyta	Magnoliopsida	Brassicales	Brassicaceae	Draba	BOLD_GENUS_BACKBONE
AY134141.1	Erophila verna	Draba verna	Draba verna	Tracheophyta	Magnoliopsida	Brassicales	Brassicaceae	Draba	BOLD_GENUS_BACKBONE
AY134142.1	Erophila verna	Draba verna	Draba verna	Tracheophyta	Magnoliopsida	Brassicales	Brassicaceae	Draba	BOLD_GENUS_BACKBONE
AY134143.1	Erophila verna	Draba verna	Draba verna	Tracheophyta	Magnoliopsida	Brassicales	Brassicaceae	Draba	BOLD_GENUS_BACKBONE
GU202547.1	Erophila verna	Draba verna	Draba verna	Tracheophyta	Magnoliopsida	Brassicales	Brassicaceae	Draba	BOLD_GENUS_BACKBONE
GU202548.1	Erophila verna	Draba verna	Draba verna	Tracheophyta	Magnoliopsida	Brassicales	Brassicaceae	Draba	BOLD_GENUS_BACKBONE
AF040037.1	Eruca sativa	Eruca vesicaria subsp. sativa	Eruca vesicaria	Streptophyta	Magnoliopsida	Brassicales	Brassicaceae	Eruca	NCBI_LINEAGE
KF454469.1	Eruca sativa	Eruca vesicaria subsp. sativa	Eruca vesicaria	Streptophyta	Magnoliopsida	Brassicales	Brassicaceae	Eruca	NCBI_LINEAGE
KF454470.1	Eruca sativa	Eruca vesicaria subsp. sativa	Eruca vesicaria	Streptophyta	Magnoliopsida	Brassicales	Brassicaceae	Eruca	NCBI_LINEAGE
AY722464.1	Erucastrum nasturtiifolium	Erucastrum nasturtiifolium	Erucastrum nasturtiifolium	Tracheophyta	Magnoliopsida	Brassicales	Brassicaceae	Erucastrum	BOLD_GENUS_BACKBONE
KF445259.1	Erysimum odoratum	Erysimum odoratum	Erysimum odoratum	Tracheophyta	Magnoliopsida	Brassicales	Brassicaceae	Erysimum	BOLD_GENUS_BACKBONE
KF445271.1	Erysimum sylvestre	Erysimum sylvestre	Erysimum sylvestre	Tracheophyta	Magnoliopsida	Brassicales	Brassicaceae	Erysimum	BOLD_GENUS_BACKBONE
AF485281.1	Erythronium dens-canis	Erythronium dens-canis	Erythronium dens-canis	Streptophyta	Magnoliopsida	Liliales	Liliaceae	Erythronium	NCBI_LINEAGE
KP684250.1	Erythronium dens-canis	Erythronium dens-canis	Erythronium dens-canis	Streptophyta	Magnoliopsida	Liliales	Liliaceae	Erythronium	NCBI_LINEAGE
KP684251.1	Erythronium dens-canis	Erythronium dens-canis	Erythronium dens-canis	Streptophyta	Magnoliopsida	Liliales	Liliaceae	Erythronium	NCBI_LINEAGE
KP684252.1	Erythronium dens-canis	Erythronium dens-canis	Erythronium dens-canis	Streptophyta	Magnoliopsida	Liliales	Liliaceae	Erythronium	NCBI_LINEAGE
KP684253.1	Erythronium dens-canis	Erythronium dens-canis	Erythronium dens-canis	Streptophyta	Magnoliopsida	Liliales	Liliaceae	Erythronium	NCBI_LINEAGE
KP684254.1	Erythronium dens-canis	Erythronium dens-canis	Erythronium dens-canis	Streptophyta	Magnoliopsida	Liliales	Liliaceae	Erythronium	NCBI_LINEAGE
KP684255.1	Erythronium dens-canis	Erythronium dens-canis	Erythronium dens-canis	Streptophyta	Magnoliopsida	Liliales	Liliaceae	Erythronium	NCBI_LINEAGE
MW400604.1	Erythronium dens-canis	Erythronium dens-canis	Erythronium dens-canis	Streptophyta	Magnoliopsida	Liliales	Liliaceae	Erythronium	NCBI_LINEAGE
MW400605.1	Erythronium dens-canis	Erythronium dens-canis	Erythronium dens-canis	Streptophyta	Magnoliopsida	Liliales	Liliaceae	Erythronium	NCBI_LINEAGE
MW400606.1	Erythronium dens-canis	Erythronium dens-canis	Erythronium dens-canis	Streptophyta	Magnoliopsida	Liliales	Liliaceae	Erythronium	NCBI_LINEAGE
MW930740.1	Erythronium dens-canis	Erythronium dens-canis	Erythronium dens-canis	Streptophyta	Magnoliopsida	Liliales	Liliaceae	Erythronium	NCBI_LINEAGE
MW930741.1	Erythronium dens-canis	Erythronium dens-canis	Erythronium dens-canis	Streptophyta	Magnoliopsida	Liliales	Liliaceae	Erythronium	NCBI_LINEAGE
MW930742.1	Erythronium dens-canis	Erythronium dens-canis	Erythronium dens-canis	Streptophyta	Magnoliopsida	Liliales	Liliaceae	Erythronium	NCBI_LINEAGE
MW930743.1	Erythronium dens-canis	Erythronium dens-canis	Erythronium dens-canis	Streptophyta	Magnoliopsida	Liliales	Liliaceae	Erythronium	NCBI_LINEAGE
AF058464.1	Eucalyptus gunnii	Eucalyptus gunnii	Eucalyptus gunnii	Tracheophyta	Magnoliopsida	Myrtales	Myrtaceae	Eucalyptus	BOLD_GENUS_BACKBONE
AF058469.1	Eucalyptus gunnii	Eucalyptus gunnii	Eucalyptus gunnii	Tracheophyta	Magnoliopsida	Myrtales	Myrtaceae	Eucalyptus	BOLD_GENUS_BACKBONE
KM064879.1	Eucalyptus gunnii	Eucalyptus gunnii	Eucalyptus gunnii	Tracheophyta	Magnoliopsida	Myrtales	Myrtaceae	Eucalyptus	BOLD_GENUS_BACKBONE
KT631130.1	Eucalyptus gunnii	Eucalyptus gunnii	Eucalyptus gunnii	Tracheophyta	Magnoliopsida	Myrtales	Myrtaceae	Eucalyptus	BOLD_GENUS_BACKBONE
KX998499.1	Euonymus fortunei	Euonymus fortunei	Euonymus fortunei	Streptophyta	Magnoliopsida	Celastrales	Celastraceae	Euonymus	NCBI_LINEAGE
KX998500.1	Euonymus fortunei	Euonymus fortunei	Euonymus fortunei	Streptophyta	Magnoliopsida	Celastrales	Celastraceae	Euonymus	NCBI_LINEAGE
KX998501.1	Euonymus fortunei	Euonymus fortunei	Euonymus fortunei	Streptophyta	Magnoliopsida	Celastrales	Celastraceae	Euonymus	NCBI_LINEAGE
KX998502.1	Euonymus fortunei	Euonymus fortunei	Euonymus fortunei	Streptophyta	Magnoliopsida	Celastrales	Celastraceae	Euonymus	NCBI_LINEAGE
KX998503.1	Euonymus fortunei	Euonymus fortunei	Euonymus fortunei	Streptophyta	Magnoliopsida	Celastrales	Celastraceae	Euonymus	NCBI_LINEAGE
KX998504.1	Euonymus fortunei	Euonymus fortunei	Euonymus fortunei	Streptophyta	Magnoliopsida	Celastrales	Celastraceae	Euonymus	NCBI_LINEAGE
KY082790.1	Euonymus fortunei	Euonymus fortunei	Euonymus fortunei	Streptophyta	Magnoliopsida	Celastrales	Celastraceae	Euonymus	NCBI_LINEAGE
AF177838.1	Eupatorium maculatum	Eutrochium maculatum	Eutrochium maculatum	Streptophyta	Magnoliopsida	Asterales	Asteraceae	Eutrochium	NCBI_LINEAGE
JN010025.1	Euphorbia angulata	Euphorbia angulata	Euphorbia angulata	Tracheophyta	Magnoliopsida	Malpighiales	Euphorbiaceae	Euphorbia	BOLD_GENUS_BACKBONE
JN010026.1	Euphorbia angulata	Euphorbia angulata	Euphorbia angulata	Tracheophyta	Magnoliopsida	Malpighiales	Euphorbiaceae	Euphorbia	BOLD_GENUS_BACKBONE
JN010033.1	Euphorbia carniolica	Euphorbia carniolica	Euphorbia carniolica	Tracheophyta	Magnoliopsida	Malpighiales	Euphorbiaceae	Euphorbia	BOLD_GENUS_BACKBONE
JN010048.1	Euphorbia fragifera	Euphorbia fragifera	Euphorbia fragifera	Tracheophyta	Magnoliopsida	Malpighiales	Euphorbiaceae	Euphorbia	BOLD_GENUS_BACKBONE
KT284824.1	Euphorbia humifusa	Euphorbia humifusa	Euphorbia humifusa	Tracheophyta	Magnoliopsida	Malpighiales	Euphorbiaceae	Euphorbia	BOLD_GENUS_BACKBONE
KT284825.1	Euphorbia humifusa	Euphorbia humifusa	Euphorbia humifusa	Tracheophyta	Magnoliopsida	Malpighiales	Euphorbiaceae	Euphorbia	BOLD_GENUS_BACKBONE
KT284826.1	Euphorbia humifusa	Euphorbia humifusa	Euphorbia humifusa	Tracheophyta	Magnoliopsida	Malpighiales	Euphorbiaceae	Euphorbia	BOLD_GENUS_BACKBONE
KT284827.1	Euphorbia humifusa	Euphorbia humifusa	Euphorbia humifusa	Tracheophyta	Magnoliopsida	Malpighiales	Euphorbiaceae	Euphorbia	BOLD_GENUS_BACKBONE
KT284828.1	Euphorbia humifusa	Euphorbia humifusa	Euphorbia humifusa	Tracheophyta	Magnoliopsida	Malpighiales	Euphorbiaceae	Euphorbia	BOLD_GENUS_BACKBONE
KY197911.1	Euphorbia humifusa	Euphorbia humifusa	Euphorbia humifusa	Tracheophyta	Magnoliopsida	Malpighiales	Euphorbiaceae	Euphorbia	BOLD_GENUS_BACKBONE
MT635186.1	Euphorbia humifusa	Euphorbia humifusa	Euphorbia humifusa	Tracheophyta	Magnoliopsida	Malpighiales	Euphorbiaceae	Euphorbia	BOLD_GENUS_BACKBONE
MT635187.1	Euphorbia humifusa	Euphorbia humifusa	Euphorbia humifusa	Tracheophyta	Magnoliopsida	Malpighiales	Euphorbiaceae	Euphorbia	BOLD_GENUS_BACKBONE
JN010076.1	Euphorbia peploides	Euphorbia peploides	Euphorbia peploides	Tracheophyta	Magnoliopsida	Malpighiales	Euphorbiaceae	Euphorbia	BOLD_GENUS_BACKBONE
KY968911.1	Euphorbia prostrata	Euphorbia prostrata	Euphorbia prostrata	Tracheophyta	Magnoliopsida	Malpighiales	Euphorbiaceae	Euphorbia	BOLD_GENUS_BACKBONE
MH768146.1	Euphorbia prostrata	Euphorbia prostrata	Euphorbia prostrata	Tracheophyta	Magnoliopsida	Malpighiales	Euphorbiaceae	Euphorbia	BOLD_GENUS_BACKBONE
MH768147.1	Euphorbia prostrata	Euphorbia prostrata	Euphorbia prostrata	Tracheophyta	Magnoliopsida	Malpighiales	Euphorbiaceae	Euphorbia	BOLD_GENUS_BACKBONE
MZ476871.1	Euphorbia prostrata	Euphorbia prostrata	Euphorbia prostrata	Tracheophyta	Magnoliopsida	Malpighiales	Euphorbiaceae	Euphorbia	BOLD_GENUS_BACKBONE
MZ476872.1	Euphorbia prostrata	Euphorbia prostrata	Euphorbia prostrata	Tracheophyta	Magnoliopsida	Malpighiales	Euphorbiaceae	Euphorbia	BOLD_GENUS_BACKBONE
MZ476874.1	Euphorbia prostrata	Euphorbia prostrata	Euphorbia prostrata	Tracheophyta	Magnoliopsida	Malpighiales	Euphorbiaceae	Euphorbia	BOLD_GENUS_BACKBONE
JN010107.1	Euphorbia triflora	Euphorbia triflora	Euphorbia triflora	Tracheophyta	Magnoliopsida	Malpighiales	Euphorbiaceae	Euphorbia	BOLD_GENUS_BACKBONE
MF521397.1	Euphorbia triflora	Euphorbia triflora	Euphorbia triflora	Tracheophyta	Magnoliopsida	Malpighiales	Euphorbiaceae	Euphorbia	BOLD_GENUS_BACKBONE
MF521398.1	Euphorbia triflora	Euphorbia triflora	Euphorbia triflora	Tracheophyta	Magnoliopsida	Malpighiales	Euphorbiaceae	Euphorbia	BOLD_GENUS_BACKBONE
MF521399.1	Euphorbia triflora	Euphorbia triflora	Euphorbia triflora	Tracheophyta	Magnoliopsida	Malpighiales	Euphorbiaceae	Euphorbia	BOLD_GENUS_BACKBONE
MF521400.1	Euphorbia triflora	Euphorbia triflora	Euphorbia triflora	Tracheophyta	Magnoliopsida	Malpighiales	Euphorbiaceae	Euphorbia	BOLD_GENUS_BACKBONE
JN010116.1	Euphorbia villosa	Euphorbia villosa	Euphorbia villosa	Tracheophyta	Magnoliopsida	Malpighiales	Euphorbiaceae	Euphorbia	BOLD_GENUS_BACKBONE
KU681114.1	Euphorbia villosa	Euphorbia villosa	Euphorbia villosa	Tracheophyta	Magnoliopsida	Malpighiales	Euphorbiaceae	Euphorbia	BOLD_GENUS_BACKBONE
KU681115.1	Euphorbia villosa	Euphorbia villosa	Euphorbia villosa	Tracheophyta	Magnoliopsida	Malpighiales	Euphorbiaceae	Euphorbia	BOLD_GENUS_BACKBONE
KU681116.1	Euphorbia villosa	Euphorbia villosa	Euphorbia villosa	Tracheophyta	Magnoliopsida	Malpighiales	Euphorbiaceae	Euphorbia	BOLD_GENUS_BACKBONE
KU681117.1	Euphorbia villosa	Euphorbia villosa	Euphorbia villosa	Tracheophyta	Magnoliopsida	Malpighiales	Euphorbiaceae	Euphorbia	BOLD_GENUS_BACKBONE
KU681118.1	Euphorbia villosa	Euphorbia villosa	Euphorbia villosa	Tracheophyta	Magnoliopsida	Malpighiales	Euphorbiaceae	Euphorbia	BOLD_GENUS_BACKBONE
KU681119.1	Euphorbia villosa	Euphorbia villosa	Euphorbia villosa	Tracheophyta	Magnoliopsida	Malpighiales	Euphorbiaceae	Euphorbia	BOLD_GENUS_BACKBONE
KU681120.1	Euphorbia villosa	Euphorbia villosa	Euphorbia villosa	Tracheophyta	Magnoliopsida	Malpighiales	Euphorbiaceae	Euphorbia	BOLD_GENUS_BACKBONE
KU681121.1	Euphorbia villosa	Euphorbia villosa	Euphorbia villosa	Tracheophyta	Magnoliopsida	Malpighiales	Euphorbiaceae	Euphorbia	BOLD_GENUS_BACKBONE
KU681122.1	Euphorbia villosa	Euphorbia villosa	Euphorbia villosa	Tracheophyta	Magnoliopsida	Malpighiales	Euphorbiaceae	Euphorbia	BOLD_GENUS_BACKBONE
KU681123.1	Euphorbia villosa	Euphorbia villosa	Euphorbia villosa	Tracheophyta	Magnoliopsida	Malpighiales	Euphorbiaceae	Euphorbia	BOLD_GENUS_BACKBONE
KU681124.1	Euphorbia villosa	Euphorbia villosa	Euphorbia villosa	Tracheophyta	Magnoliopsida	Malpighiales	Euphorbiaceae	Euphorbia	BOLD_GENUS_BACKBONE
KU681125.1	Euphorbia villosa	Euphorbia villosa	Euphorbia villosa	Tracheophyta	Magnoliopsida	Malpighiales	Euphorbiaceae	Euphorbia	BOLD_GENUS_BACKBONE
KU681126.1	Euphorbia villosa	Euphorbia villosa	Euphorbia villosa	Tracheophyta	Magnoliopsida	Malpighiales	Euphorbiaceae	Euphorbia	BOLD_GENUS_BACKBONE
KU681127.1	Euphorbia villosa	Euphorbia villosa	Euphorbia villosa	Tracheophyta	Magnoliopsida	Malpighiales	Euphorbiaceae	Euphorbia	BOLD_GENUS_BACKBONE
KU681128.1	Euphorbia villosa	Euphorbia villosa	Euphorbia villosa	Tracheophyta	Magnoliopsida	Malpighiales	Euphorbiaceae	Euphorbia	BOLD_GENUS_BACKBONE
KU681129.1	Euphorbia villosa	Euphorbia villosa	Euphorbia villosa	Tracheophyta	Magnoliopsida	Malpighiales	Euphorbiaceae	Euphorbia	BOLD_GENUS_BACKBONE
KU681130.1	Euphorbia villosa	Euphorbia villosa	Euphorbia villosa	Tracheophyta	Magnoliopsida	Malpighiales	Euphorbiaceae	Euphorbia	BOLD_GENUS_BACKBONE
KU681131.1	Euphorbia villosa	Euphorbia villosa	Euphorbia villosa	Tracheophyta	Magnoliopsida	Malpighiales	Euphorbiaceae	Euphorbia	BOLD_GENUS_BACKBONE
KU681132.1	Euphorbia villosa	Euphorbia villosa	Euphorbia villosa	Tracheophyta	Magnoliopsida	Malpighiales	Euphorbiaceae	Euphorbia	BOLD_GENUS_BACKBONE
KU681133.1	Euphorbia villosa	Euphorbia villosa	Euphorbia villosa	Tracheophyta	Magnoliopsida	Malpighiales	Euphorbiaceae	Euphorbia	BOLD_GENUS_BACKBONE
AY528883.1	Fabronia ciliaris	Fabronia ciliaris	Fabronia ciliaris	Streptophyta	Bryopsida	Hypnales	Fabroniaceae	Fabronia	NCBI_LINEAGE
MF417694.1	Fabronia ciliaris	Fabronia ciliaris	Fabronia ciliaris	Streptophyta	Bryopsida	Hypnales	Fabroniaceae	Fabronia	NCBI_LINEAGE
MF417695.1	Fabronia ciliaris	Fabronia ciliaris	Fabronia ciliaris	Streptophyta	Bryopsida	Hypnales	Fabroniaceae	Fabronia	NCBI_LINEAGE
MF417696.1	Fabronia ciliaris	Fabronia ciliaris	Fabronia ciliaris	Streptophyta	Bryopsida	Hypnales	Fabroniaceae	Fabronia	NCBI_LINEAGE
MF417697.1	Fabronia ciliaris	Fabronia ciliaris	Fabronia ciliaris	Streptophyta	Bryopsida	Hypnales	Fabroniaceae	Fabronia	NCBI_LINEAGE
MF417698.1	Fabronia ciliaris	Fabronia ciliaris	Fabronia ciliaris	Streptophyta	Bryopsida	Hypnales	Fabroniaceae	Fabronia	NCBI_LINEAGE
MF417699.1	Fabronia ciliaris	Fabronia ciliaris	Fabronia ciliaris	Streptophyta	Bryopsida	Hypnales	Fabroniaceae	Fabronia	NCBI_LINEAGE
MF417700.1	Fabronia ciliaris	Fabronia ciliaris	Fabronia ciliaris	Streptophyta	Bryopsida	Hypnales	Fabroniaceae	Fabronia	NCBI_LINEAGE
MF417701.1	Fabronia ciliaris	Fabronia ciliaris	Fabronia ciliaris	Streptophyta	Bryopsida	Hypnales	Fabroniaceae	Fabronia	NCBI_LINEAGE
MF417702.1	Fabronia ciliaris	Fabronia ciliaris	Fabronia ciliaris	Streptophyta	Bryopsida	Hypnales	Fabroniaceae	Fabronia	NCBI_LINEAGE
MF417703.1	Fabronia ciliaris	Fabronia ciliaris	Fabronia ciliaris	Streptophyta	Bryopsida	Hypnales	Fabroniaceae	Fabronia	NCBI_LINEAGE
MF417705.1	Fabronia ciliaris	Fabronia ciliaris	Fabronia ciliaris	Streptophyta	Bryopsida	Hypnales	Fabroniaceae	Fabronia	NCBI_LINEAGE
MF417706.1	Fabronia ciliaris	Fabronia ciliaris	Fabronia ciliaris	Streptophyta	Bryopsida	Hypnales	Fabroniaceae	Fabronia	NCBI_LINEAGE
MF417707.1	Fabronia ciliaris	Fabronia ciliaris	Fabronia ciliaris	Streptophyta	Bryopsida	Hypnales	Fabroniaceae	Fabronia	NCBI_LINEAGE
MF417708.1	Fabronia ciliaris	Fabronia ciliaris	Fabronia ciliaris	Streptophyta	Bryopsida	Hypnales	Fabroniaceae	Fabronia	NCBI_LINEAGE
MF417709.1	Fabronia ciliaris	Fabronia ciliaris	Fabronia ciliaris	Streptophyta	Bryopsida	Hypnales	Fabroniaceae	Fabronia	NCBI_LINEAGE
MF417710.1	Fabronia ciliaris	Fabronia ciliaris	Fabronia ciliaris	Streptophyta	Bryopsida	Hypnales	Fabroniaceae	Fabronia	NCBI_LINEAGE
MF417711.1	Fabronia ciliaris	Fabronia ciliaris	Fabronia ciliaris	Streptophyta	Bryopsida	Hypnales	Fabroniaceae	Fabronia	NCBI_LINEAGE
MF417712.1	Fabronia ciliaris	Fabronia ciliaris	Fabronia ciliaris	Streptophyta	Bryopsida	Hypnales	Fabroniaceae	Fabronia	NCBI_LINEAGE
MF417713.1	Fabronia ciliaris	Fabronia ciliaris	Fabronia ciliaris	Streptophyta	Bryopsida	Hypnales	Fabroniaceae	Fabronia	NCBI_LINEAGE
MF417714.1	Fabronia ciliaris	Fabronia ciliaris	Fabronia ciliaris	Streptophyta	Bryopsida	Hypnales	Fabroniaceae	Fabronia	NCBI_LINEAGE
MF417715.1	Fabronia ciliaris	Fabronia ciliaris	Fabronia ciliaris	Streptophyta	Bryopsida	Hypnales	Fabroniaceae	Fabronia	NCBI_LINEAGE
MF417716.1	Fabronia ciliaris	Fabronia ciliaris	Fabronia ciliaris	Streptophyta	Bryopsida	Hypnales	Fabroniaceae	Fabronia	NCBI_LINEAGE
MF417717.1	Fabronia ciliaris	Fabronia ciliaris	Fabronia ciliaris	Streptophyta	Bryopsida	Hypnales	Fabroniaceae	Fabronia	NCBI_LINEAGE
KY550326.1	Fabronia pusilla	Fabronia pusilla	Fabronia pusilla	Streptophyta	Bryopsida	Hypnales	Fabroniaceae	Fabronia	NCBI_LINEAGE
MF417731.1	Fabronia pusilla	Fabronia pusilla	Fabronia pusilla	Streptophyta	Bryopsida	Hypnales	Fabroniaceae	Fabronia	NCBI_LINEAGE
MF417732.1	Fabronia pusilla	Fabronia pusilla	Fabronia pusilla	Streptophyta	Bryopsida	Hypnales	Fabroniaceae	Fabronia	NCBI_LINEAGE
MF417733.1	Fabronia pusilla	Fabronia pusilla	Fabronia pusilla	Streptophyta	Bryopsida	Hypnales	Fabroniaceae	Fabronia	NCBI_LINEAGE
MF417734.1	Fabronia pusilla	Fabronia pusilla	Fabronia pusilla	Streptophyta	Bryopsida	Hypnales	Fabroniaceae	Fabronia	NCBI_LINEAGE
MF417735.1	Fabronia pusilla	Fabronia pusilla	Fabronia pusilla	Streptophyta	Bryopsida	Hypnales	Fabroniaceae	Fabronia	NCBI_LINEAGE
MF417736.1	Fabronia pusilla	Fabronia pusilla	Fabronia pusilla	Streptophyta	Bryopsida	Hypnales	Fabroniaceae	Fabronia	NCBI_LINEAGE
MF417737.1	Fabronia pusilla	Fabronia pusilla	Fabronia pusilla	Streptophyta	Bryopsida	Hypnales	Fabroniaceae	Fabronia	NCBI_LINEAGE
MF417738.1	Fabronia pusilla	Fabronia pusilla	Fabronia pusilla	Streptophyta	Bryopsida	Hypnales	Fabroniaceae	Fabronia	NCBI_LINEAGE
MF445046.1	Fabronia pusilla	Fabronia pusilla	Fabronia pusilla	Streptophyta	Bryopsida	Hypnales	Fabroniaceae	Fabronia	NCBI_LINEAGE
DQ780601.1	Fagopyrum tataricum	Fagopyrum tataricum	Fagopyrum tataricum	Tracheophyta	Magnoliopsida	Caryophyllales	Polygonaceae	Fagopyrum	BOLD_GENUS_BACKBONE
PX387173.1	Fagopyrum tataricum	Fagopyrum tataricum	Fagopyrum tataricum	Tracheophyta	Magnoliopsida	Caryophyllales	Polygonaceae	Fagopyrum	BOLD_GENUS_BACKBONE
AF040067.1	Fallopia dumetorum	Fallopia dumetorum	Fallopia dumetorum	Tracheophyta	Magnoliopsida	Caryophyllales	Polygonaceae	Fallopia	BOLD_GENUS_BACKBONE
AF040068.1	Fallopia dumetorum	Fallopia dumetorum	Fallopia dumetorum	Tracheophyta	Magnoliopsida	Caryophyllales	Polygonaceae	Fallopia	BOLD_GENUS_BACKBONE
AF040070.1	Fallopia japonica	Reynoutria japonica	Reynoutria japonica	Streptophyta	Magnoliopsida	Caryophyllales	Polygonaceae	Reynoutria	NCBI_LINEAGE
AF040071.1	Fallopia japonica	Reynoutria japonica	Reynoutria japonica	Streptophyta	Magnoliopsida	Caryophyllales	Polygonaceae	Reynoutria	NCBI_LINEAGE
AF189734.1	Fallopia japonica	Reynoutria japonica	Reynoutria japonica	Streptophyta	Magnoliopsida	Caryophyllales	Polygonaceae	Reynoutria	NCBI_LINEAGE
EU808015.1	Fallopia japonica	Reynoutria japonica	Reynoutria japonica	Streptophyta	Magnoliopsida	Caryophyllales	Polygonaceae	Reynoutria	NCBI_LINEAGE
HM357906.1	Fallopia japonica	Reynoutria japonica	Reynoutria japonica	Streptophyta	Magnoliopsida	Caryophyllales	Polygonaceae	Reynoutria	NCBI_LINEAGE
MK524273.1	Fallopia japonica	Reynoutria japonica	Reynoutria japonica	Streptophyta	Magnoliopsida	Caryophyllales	Polygonaceae	Reynoutria	NCBI_LINEAGE
MK808041.1	Fallopia japonica	Reynoutria japonica	Reynoutria japonica	Streptophyta	Magnoliopsida	Caryophyllales	Polygonaceae	Reynoutria	NCBI_LINEAGE
AF040073.1	Fallopia sachalinensis	Reynoutria sachalinensis	Reynoutria sachalinensis	Streptophyta	Magnoliopsida	Caryophyllales	Polygonaceae	Reynoutria	NCBI_LINEAGE
AF040074.1	Fallopia sachalinensis	Reynoutria sachalinensis	Reynoutria sachalinensis	Streptophyta	Magnoliopsida	Caryophyllales	Polygonaceae	Reynoutria	NCBI_LINEAGE
AF189735.1	Fallopia sachalinensis	Reynoutria sachalinensis	Reynoutria sachalinensis	Streptophyta	Magnoliopsida	Caryophyllales	Polygonaceae	Reynoutria	NCBI_LINEAGE
AF189736.1	Fallopia sachalinensis	Reynoutria sachalinensis	Reynoutria sachalinensis	Streptophyta	Magnoliopsida	Caryophyllales	Polygonaceae	Reynoutria	NCBI_LINEAGE
AF189737.1	Fallopia sachalinensis	Reynoutria sachalinensis	Reynoutria sachalinensis	Streptophyta	Magnoliopsida	Caryophyllales	Polygonaceae	Reynoutria	NCBI_LINEAGE
KF954513.1	Fallopia sachalinensis	Reynoutria sachalinensis	Reynoutria sachalinensis	Streptophyta	Magnoliopsida	Caryophyllales	Polygonaceae	Reynoutria	NCBI_LINEAGE
KR537776.1	Fallopia sachalinensis	Reynoutria sachalinensis	Reynoutria sachalinensis	Streptophyta	Magnoliopsida	Caryophyllales	Polygonaceae	Reynoutria	NCBI_LINEAGE
AF303415.1	Festuca alpina	Festuca alpina	Festuca alpina	Tracheophyta	Liliopsida	Poales	Poaceae	Festuca	BOLD_GENUS_BACKBONE
AF532949.1	Festuca apennina	Lolium apenninum	Lolium apenninum	Tracheophyta	Liliopsida	Poales	Poaceae	Lolium	BOLD_GENUS_BACKBONE
HM453175.1	Festuca apennina	Lolium apenninum	Lolium apenninum	Tracheophyta	Liliopsida	Poales	Poaceae	Lolium	BOLD_GENUS_BACKBONE
HM453195.1	Festuca circummediterranea	Festuca circummediterranea	Festuca circummediterranea	Tracheophyta	Liliopsida	Poales	Poaceae	Festuca	BOLD_GENUS_BACKBONE
AF303416.1	Festuca gigantea	Lolium giganteum	Lolium giganteum	Tracheophyta	Liliopsida	Poales	Poaceae	Lolium	BOLD_GENUS_BACKBONE
HM453178.1	Festuca gigantea	Lolium giganteum	Lolium giganteum	Tracheophyta	Liliopsida	Poales	Poaceae	Lolium	BOLD_GENUS_BACKBONE
AF532958.1	Festuca heterophylla	Festuca heterophylla	Festuca heterophylla	Tracheophyta	Liliopsida	Poales	Poaceae	Festuca	BOLD_GENUS_BACKBONE
AY254373.1	Festuca pallens	Festuca pallens	Festuca pallens	Tracheophyta	Liliopsida	Poales	Poaceae	Festuca	BOLD_GENUS_BACKBONE
HM453197.1	Festuca pallens	Festuca pallens	Festuca pallens	Tracheophyta	Liliopsida	Poales	Poaceae	Festuca	BOLD_GENUS_BACKBONE
AF303407.1	Festuca paniculata	Patzkea paniculata	Patzkea paniculata	Streptophyta	Magnoliopsida	Poales	Poaceae	Patzkea	NCBI_LINEAGE
KP296037.1	Festuca paniculata	Patzkea paniculata	Patzkea paniculata	Streptophyta	Magnoliopsida	Poales	Poaceae	Patzkea	NCBI_LINEAGE
AF303421.1	Festuca pratensis	Festuca pratensis	Festuca pratensis	Tracheophyta	Liliopsida	Poales	Poaceae	Festuca	BOLD_GENUS_BACKBONE
AF532948.1	Festuca pratensis	Festuca pratensis	Festuca pratensis	Tracheophyta	Liliopsida	Poales	Poaceae	Festuca	BOLD_GENUS_BACKBONE
HM453173.1	Festuca pratensis	Festuca pratensis	Festuca pratensis	Tracheophyta	Liliopsida	Poales	Poaceae	Festuca	BOLD_GENUS_BACKBONE
HQ110717.1	Festuca pratensis	Festuca pratensis	Festuca pratensis	Tracheophyta	Liliopsida	Poales	Poaceae	Festuca	BOLD_GENUS_BACKBONE
KJ598995.1	Festuca pratensis	Festuca pratensis	Festuca pratensis	Tracheophyta	Liliopsida	Poales	Poaceae	Festuca	BOLD_GENUS_BACKBONE
KP296039.1	Festuca pratensis	Festuca pratensis	Festuca pratensis	Tracheophyta	Liliopsida	Poales	Poaceae	Festuca	BOLD_GENUS_BACKBONE
MK950955.1	Festuca pratensis	Festuca pratensis	Festuca pratensis	Tracheophyta	Liliopsida	Poales	Poaceae	Festuca	BOLD_GENUS_BACKBONE
AY254375.1	Festuca pseudovina	Festuca pseudovina	Festuca pseudovina	Tracheophyta	Liliopsida	Poales	Poaceae	Festuca	BOLD_GENUS_BACKBONE
AF303413.1	Festuca quadriflora	Festuca quadriflora	Festuca quadriflora	Tracheophyta	Liliopsida	Poales	Poaceae	Festuca	BOLD_GENUS_BACKBONE
AY254376.1	Festuca rupicola	Festuca rupicola	Festuca rupicola	Tracheophyta	Liliopsida	Poales	Poaceae	Festuca	BOLD_GENUS_BACKBONE
AY254377.1	Festuca stricta	Festuca stricta	Festuca stricta	Tracheophyta	Liliopsida	Poales	Poaceae	Festuca	BOLD_GENUS_BACKBONE
HM453198.1	Festuca valesiaca	Festuca valesiaca	Festuca valesiaca	Tracheophyta	Liliopsida	Poales	Poaceae	Festuca	BOLD_GENUS_BACKBONE
KT960053.1	Festuca vivipara	Festuca vivipara	Festuca vivipara	Tracheophyta	Liliopsida	Poales	Poaceae	Festuca	BOLD_GENUS_BACKBONE
KT960079.1	Festuca vivipara	Festuca vivipara	Festuca vivipara	Tracheophyta	Liliopsida	Poales	Poaceae	Festuca	BOLD_GENUS_BACKBONE
KT960097.1	Festuca vivipara	Festuca vivipara	Festuca vivipara	Tracheophyta	Liliopsida	Poales	Poaceae	Festuca	BOLD_GENUS_BACKBONE
OL457763.1	Fissidens fontanus	Fissidens fontanus	Fissidens fontanus	Bryophyta	Bryopsida	Dicranales	Fissidentaceae	Fissidens	BOLD_GENUS_BACKBONE
OL457765.1	Fissidens fontanus	Fissidens fontanus	Fissidens fontanus	Bryophyta	Bryopsida	Dicranales	Fissidentaceae	Fissidens	BOLD_GENUS_BACKBONE
AF416389.1	Flabellia petiolata	Flabellia petiolata	Flabellia petiolata	Chlorophyta	Ulvophyceae	Bryopsidales	Halimedaceae	Flabellia	NCBI_LINEAGE
AF416390.1	Flabellia petiolata	Flabellia petiolata	Flabellia petiolata	Chlorophyta	Ulvophyceae	Bryopsidales	Halimedaceae	Flabellia	NCBI_LINEAGE
GQ148791.1	Foeniculum piperitum	Anethum piperitum	Anethum piperitum	Tracheophyta	Magnoliopsida	Apiales	Apiaceae	Anethum	BOLD_GENUS_BACKBONE
AY551289.1	Foeniculum vulgare	Anethum foeniculum	Anethum foeniculum	Tracheophyta	Magnoliopsida	Apiales	Apiaceae	Anethum	BOLD_GENUS_BACKBONE
AY581806.1	Foeniculum vulgare	Anethum foeniculum	Anethum foeniculum	Tracheophyta	Magnoliopsida	Apiales	Apiaceae	Anethum	BOLD_GENUS_BACKBONE
GQ148792.1	Foeniculum vulgare	Anethum foeniculum	Anethum foeniculum	Tracheophyta	Magnoliopsida	Apiales	Apiaceae	Anethum	BOLD_GENUS_BACKBONE
GQ148793.1	Foeniculum vulgare	Anethum foeniculum	Anethum foeniculum	Tracheophyta	Magnoliopsida	Apiales	Apiaceae	Anethum	BOLD_GENUS_BACKBONE
GQ162780.1	Foeniculum vulgare	Anethum foeniculum	Anethum foeniculum	Tracheophyta	Magnoliopsida	Apiales	Apiaceae	Anethum	BOLD_GENUS_BACKBONE
GQ434700.1	Foeniculum vulgare	Anethum foeniculum	Anethum foeniculum	Tracheophyta	Magnoliopsida	Apiales	Apiaceae	Anethum	BOLD_GENUS_BACKBONE
GQ434701.1	Foeniculum vulgare	Anethum foeniculum	Anethum foeniculum	Tracheophyta	Magnoliopsida	Apiales	Apiaceae	Anethum	BOLD_GENUS_BACKBONE
HQ377206.1	Foeniculum vulgare	Anethum foeniculum	Anethum foeniculum	Tracheophyta	Magnoliopsida	Apiales	Apiaceae	Anethum	BOLD_GENUS_BACKBONE
HQ377207.1	Foeniculum vulgare	Anethum foeniculum	Anethum foeniculum	Tracheophyta	Magnoliopsida	Apiales	Apiaceae	Anethum	BOLD_GENUS_BACKBONE
HQ377208.1	Foeniculum vulgare	Anethum foeniculum	Anethum foeniculum	Tracheophyta	Magnoliopsida	Apiales	Apiaceae	Anethum	BOLD_GENUS_BACKBONE
HQ377209.1	Foeniculum vulgare	Anethum foeniculum	Anethum foeniculum	Tracheophyta	Magnoliopsida	Apiales	Apiaceae	Anethum	BOLD_GENUS_BACKBONE
HQ377210.1	Foeniculum vulgare	Anethum foeniculum	Anethum foeniculum	Tracheophyta	Magnoliopsida	Apiales	Apiaceae	Anethum	BOLD_GENUS_BACKBONE
HQ377211.1	Foeniculum vulgare	Anethum foeniculum	Anethum foeniculum	Tracheophyta	Magnoliopsida	Apiales	Apiaceae	Anethum	BOLD_GENUS_BACKBONE
HQ377212.1	Foeniculum vulgare	Anethum foeniculum	Anethum foeniculum	Tracheophyta	Magnoliopsida	Apiales	Apiaceae	Anethum	BOLD_GENUS_BACKBONE
HQ377213.1	Foeniculum vulgare	Anethum foeniculum	Anethum foeniculum	Tracheophyta	Magnoliopsida	Apiales	Apiaceae	Anethum	BOLD_GENUS_BACKBONE
HQ377214.1	Foeniculum vulgare	Anethum foeniculum	Anethum foeniculum	Tracheophyta	Magnoliopsida	Apiales	Apiaceae	Anethum	BOLD_GENUS_BACKBONE
HQ377215.1	Foeniculum vulgare	Anethum foeniculum	Anethum foeniculum	Tracheophyta	Magnoliopsida	Apiales	Apiaceae	Anethum	BOLD_GENUS_BACKBONE
JF421497.1	Foeniculum vulgare	Anethum foeniculum	Anethum foeniculum	Tracheophyta	Magnoliopsida	Apiales	Apiaceae	Anethum	BOLD_GENUS_BACKBONE
JF421498.1	Foeniculum vulgare	Anethum foeniculum	Anethum foeniculum	Tracheophyta	Magnoliopsida	Apiales	Apiaceae	Anethum	BOLD_GENUS_BACKBONE
KF454221.1	Foeniculum vulgare	Anethum foeniculum	Anethum foeniculum	Tracheophyta	Magnoliopsida	Apiales	Apiaceae	Anethum	BOLD_GENUS_BACKBONE
KJ473896.1	Foeniculum vulgare	Anethum foeniculum	Anethum foeniculum	Tracheophyta	Magnoliopsida	Apiales	Apiaceae	Anethum	BOLD_GENUS_BACKBONE
KJ473897.1	Foeniculum vulgare	Anethum foeniculum	Anethum foeniculum	Tracheophyta	Magnoliopsida	Apiales	Apiaceae	Anethum	BOLD_GENUS_BACKBONE
KT898289.1	Foeniculum vulgare	Anethum foeniculum	Anethum foeniculum	Tracheophyta	Magnoliopsida	Apiales	Apiaceae	Anethum	BOLD_GENUS_BACKBONE
KX674861.1	Foeniculum vulgare	Anethum foeniculum	Anethum foeniculum	Tracheophyta	Magnoliopsida	Apiales	Apiaceae	Anethum	BOLD_GENUS_BACKBONE
KX674862.1	Foeniculum vulgare	Anethum foeniculum	Anethum foeniculum	Tracheophyta	Magnoliopsida	Apiales	Apiaceae	Anethum	BOLD_GENUS_BACKBONE
KX674991.1	Foeniculum vulgare	Anethum foeniculum	Anethum foeniculum	Tracheophyta	Magnoliopsida	Apiales	Apiaceae	Anethum	BOLD_GENUS_BACKBONE
MF096307.1	Foeniculum vulgare	Anethum foeniculum	Anethum foeniculum	Tracheophyta	Magnoliopsida	Apiales	Apiaceae	Anethum	BOLD_GENUS_BACKBONE
MF096308.1	Foeniculum vulgare	Anethum foeniculum	Anethum foeniculum	Tracheophyta	Magnoliopsida	Apiales	Apiaceae	Anethum	BOLD_GENUS_BACKBONE
MF096309.1	Foeniculum vulgare	Anethum foeniculum	Anethum foeniculum	Tracheophyta	Magnoliopsida	Apiales	Apiaceae	Anethum	BOLD_GENUS_BACKBONE
MF096310.1	Foeniculum vulgare	Anethum foeniculum	Anethum foeniculum	Tracheophyta	Magnoliopsida	Apiales	Apiaceae	Anethum	BOLD_GENUS_BACKBONE
MF096311.1	Foeniculum vulgare	Anethum foeniculum	Anethum foeniculum	Tracheophyta	Magnoliopsida	Apiales	Apiaceae	Anethum	BOLD_GENUS_BACKBONE
MF096312.1	Foeniculum vulgare	Anethum foeniculum	Anethum foeniculum	Tracheophyta	Magnoliopsida	Apiales	Apiaceae	Anethum	BOLD_GENUS_BACKBONE
MN721431.1	Foeniculum vulgare	Anethum foeniculum	Anethum foeniculum	Tracheophyta	Magnoliopsida	Apiales	Apiaceae	Anethum	BOLD_GENUS_BACKBONE
MN721432.1	Foeniculum vulgare	Anethum foeniculum	Anethum foeniculum	Tracheophyta	Magnoliopsida	Apiales	Apiaceae	Anethum	BOLD_GENUS_BACKBONE
MN721433.1	Foeniculum vulgare	Anethum foeniculum	Anethum foeniculum	Tracheophyta	Magnoliopsida	Apiales	Apiaceae	Anethum	BOLD_GENUS_BACKBONE
MN721434.1	Foeniculum vulgare	Anethum foeniculum	Anethum foeniculum	Tracheophyta	Magnoliopsida	Apiales	Apiaceae	Anethum	BOLD_GENUS_BACKBONE
MN721435.1	Foeniculum vulgare	Anethum foeniculum	Anethum foeniculum	Tracheophyta	Magnoliopsida	Apiales	Apiaceae	Anethum	BOLD_GENUS_BACKBONE
MN721436.1	Foeniculum vulgare	Anethum foeniculum	Anethum foeniculum	Tracheophyta	Magnoliopsida	Apiales	Apiaceae	Anethum	BOLD_GENUS_BACKBONE
MN721437.1	Foeniculum vulgare	Anethum foeniculum	Anethum foeniculum	Tracheophyta	Magnoliopsida	Apiales	Apiaceae	Anethum	BOLD_GENUS_BACKBONE
MN721438.1	Foeniculum vulgare	Anethum foeniculum	Anethum foeniculum	Tracheophyta	Magnoliopsida	Apiales	Apiaceae	Anethum	BOLD_GENUS_BACKBONE
MN721439.1	Foeniculum vulgare	Anethum foeniculum	Anethum foeniculum	Tracheophyta	Magnoliopsida	Apiales	Apiaceae	Anethum	BOLD_GENUS_BACKBONE
MN721440.1	Foeniculum vulgare	Anethum foeniculum	Anethum foeniculum	Tracheophyta	Magnoliopsida	Apiales	Apiaceae	Anethum	BOLD_GENUS_BACKBONE
MN721441.1	Foeniculum vulgare	Anethum foeniculum	Anethum foeniculum	Tracheophyta	Magnoliopsida	Apiales	Apiaceae	Anethum	BOLD_GENUS_BACKBONE
MN721442.1	Foeniculum vulgare	Anethum foeniculum	Anethum foeniculum	Tracheophyta	Magnoliopsida	Apiales	Apiaceae	Anethum	BOLD_GENUS_BACKBONE
MN721443.1	Foeniculum vulgare	Anethum foeniculum	Anethum foeniculum	Tracheophyta	Magnoliopsida	Apiales	Apiaceae	Anethum	BOLD_GENUS_BACKBONE
MN721444.1	Foeniculum vulgare	Anethum foeniculum	Anethum foeniculum	Tracheophyta	Magnoliopsida	Apiales	Apiaceae	Anethum	BOLD_GENUS_BACKBONE
MN721445.1	Foeniculum vulgare	Anethum foeniculum	Anethum foeniculum	Tracheophyta	Magnoliopsida	Apiales	Apiaceae	Anethum	BOLD_GENUS_BACKBONE
MZ959190.1	Foeniculum vulgare	Anethum foeniculum	Anethum foeniculum	Tracheophyta	Magnoliopsida	Apiales	Apiaceae	Anethum	BOLD_GENUS_BACKBONE
PQ887943.1	Foeniculum vulgare	Anethum foeniculum	Anethum foeniculum	Tracheophyta	Magnoliopsida	Apiales	Apiaceae	Anethum	BOLD_GENUS_BACKBONE
U78445.1	Foeniculum vulgare	Anethum foeniculum	Anethum foeniculum	Tracheophyta	Magnoliopsida	Apiales	Apiaceae	Anethum	BOLD_GENUS_BACKBONE
AF192099.1	Fontinalis hypnoides	Fontinalis hypnoides	Fontinalis hypnoides	Bryophyta	Bryopsida	Hypnales	Fontinalaceae	Fontinalis	BOLD_GENUS_BACKBONE
AF192100.1	Fontinalis hypnoides	Fontinalis hypnoides	Fontinalis hypnoides	Bryophyta	Bryopsida	Hypnales	Fontinalaceae	Fontinalis	BOLD_GENUS_BACKBONE
AF192101.1	Fontinalis hypnoides	Fontinalis hypnoides	Fontinalis hypnoides	Bryophyta	Bryopsida	Hypnales	Fontinalaceae	Fontinalis	BOLD_GENUS_BACKBONE
AF192128.1	Fontinalis hypnoides	Fontinalis hypnoides	Fontinalis hypnoides	Bryophyta	Bryopsida	Hypnales	Fontinalaceae	Fontinalis	BOLD_GENUS_BACKBONE
AF192129.1	Fontinalis hypnoides	Fontinalis hypnoides	Fontinalis hypnoides	Bryophyta	Bryopsida	Hypnales	Fontinalaceae	Fontinalis	BOLD_GENUS_BACKBONE
AF192130.1	Fontinalis hypnoides	Fontinalis hypnoides	Fontinalis hypnoides	Bryophyta	Bryopsida	Hypnales	Fontinalaceae	Fontinalis	BOLD_GENUS_BACKBONE
EU912084.1	Gagea arvensis	Gagea villosa	Gagea villosa	Tracheophyta	Liliopsida	Liliales	Liliaceae	Gagea	BOLD_GENUS_BACKBONE
EU912085.1	Gagea arvensis	Gagea villosa	Gagea villosa	Tracheophyta	Liliopsida	Liliales	Liliaceae	Gagea	BOLD_GENUS_BACKBONE
EU912087.1	Gagea arvensis	Gagea villosa	Gagea villosa	Tracheophyta	Liliopsida	Liliales	Liliaceae	Gagea	BOLD_GENUS_BACKBONE
KC350623.1	Galeobdolon argentatum	Lamium galeobdolon subsp. argentatum	Lamium galeobdolon	Tracheophyta	Magnoliopsida	Lamiales	Lamiaceae	Lamium	BOLD_GENUS_BACKBONE
KC350624.1	Galeobdolon argentatum	Lamium galeobdolon subsp. argentatum	Lamium galeobdolon	Tracheophyta	Magnoliopsida	Lamiales	Lamiaceae	Lamium	BOLD_GENUS_BACKBONE
KC350625.1	Galeobdolon flavidum	Lamium galeobdolon subsp. flavidum	Lamium galeobdolon	Tracheophyta	Magnoliopsida	Lamiales	Lamiaceae	Lamium	BOLD_GENUS_BACKBONE
KC350626.1	Galeobdolon flavidum	Lamium galeobdolon subsp. flavidum	Lamium galeobdolon	Tracheophyta	Magnoliopsida	Lamiales	Lamiaceae	Lamium	BOLD_GENUS_BACKBONE
KC350627.1	Galeobdolon montanum	Lamium galeobdolon subsp. montanum	Lamium galeobdolon	Tracheophyta	Magnoliopsida	Lamiales	Lamiaceae	Lamium	BOLD_GENUS_BACKBONE
KC350628.1	Galeobdolon montanum	Lamium galeobdolon subsp. montanum	Lamium galeobdolon	Tracheophyta	Magnoliopsida	Lamiales	Lamiaceae	Lamium	BOLD_GENUS_BACKBONE
GU818550.1	Galinsoga ciliata	Galinsoga quadriradiata	Galinsoga quadriradiata	Tracheophyta	Magnoliopsida	Asterales	Asteraceae	Galinsoga	BOLD_GENUS_BACKBONE
MG906030.1	Galium rubioides	Galium rubioides	Galium rubioides	Tracheophyta	Magnoliopsida	Gentianales	Rubiaceae	Galium	BOLD_GENUS_BACKBONE
AY263650.1	Genista januensis	Genista januensis	Genista januensis	Tracheophyta	Magnoliopsida	Fabales	Fabaceae	Genista	BOLD_GENUS_BACKBONE
Z72269.1	Genista januensis	Genista januensis	Genista januensis	Tracheophyta	Magnoliopsida	Fabales	Fabaceae	Genista	BOLD_GENUS_BACKBONE
AJ699013.1	Genista sylvestris	Genista sylvestris subsp. sylvestris	Genista sylvestris	Tracheophyta	Magnoliopsida	Fabales	Fabaceae	Genista	BOLD_GENUS_BACKBONE
AJ699015.1	Genista sylvestris	Genista sylvestris subsp. innocua	Genista sylvestris	Tracheophyta	Magnoliopsida	Fabales	Fabaceae	Genista	BOLD_GENUS_BACKBONE
AJ699017.1	Genista sylvestris	Genista sylvestris subsp. dalmatica	Genista sylvestris	Tracheophyta	Magnoliopsida	Fabales	Fabaceae	Genista	BOLD_GENUS_BACKBONE
AJ699019.1	Genista sylvestris	Genista sylvestris subsp. dalmatica	Genista sylvestris	Tracheophyta	Magnoliopsida	Fabales	Fabaceae	Genista	BOLD_GENUS_BACKBONE
AY263667.1	Genista sylvestris	Genista sylvestris subsp. dalmatica	Genista sylvestris	Tracheophyta	Magnoliopsida	Fabales	Fabaceae	Genista	BOLD_GENUS_BACKBONE
MT079962.1	Gentiana cruciata	Gentiana cruciata	Gentiana cruciata	Tracheophyta	Magnoliopsida	Gentianales	Gentianaceae	Gentiana	BOLD_GENUS_BACKBONE
Z71970.1	Gentiana froelichii	Gentiana froelichii	Gentiana froelichii	Tracheophyta	Magnoliopsida	Gentianales	Gentianaceae	Gentiana	BOLD_GENUS_BACKBONE
MT079992.1	Gentiana pannonica	Gentiana pannonica	Gentiana pannonica	Tracheophyta	Magnoliopsida	Gentianales	Gentianaceae	Gentiana	BOLD_GENUS_BACKBONE
AJ294654.1	Gentianella aspera	Gentianella aspera	Gentianella aspera	Tracheophyta	Magnoliopsida	Gentianales	Gentianaceae	Gentianella	BOLD_GENUS_BACKBONE
DQ525073.1	Geranium macrorrhizum	Geranium macrorrhizum	Geranium macrorrhizum	Tracheophyta	Magnoliopsida	Geraniales	Geraniaceae	Geranium	BOLD_GENUS_BACKBONE
MN124894.1	Geranium macrorrhizum	Geranium macrorrhizum	Geranium macrorrhizum	Tracheophyta	Magnoliopsida	Geraniales	Geraniaceae	Geranium	BOLD_GENUS_BACKBONE
KU174620.1	Geranium thunbergii	Geranium thunbergii	Geranium thunbergii	Tracheophyta	Magnoliopsida	Geraniales	Geraniaceae	Geranium	BOLD_GENUS_BACKBONE
KU174621.1	Geranium thunbergii	Geranium thunbergii	Geranium thunbergii	Tracheophyta	Magnoliopsida	Geraniales	Geraniaceae	Geranium	BOLD_GENUS_BACKBONE
KU174622.1	Geranium thunbergii	Geranium thunbergii	Geranium thunbergii	Tracheophyta	Magnoliopsida	Geraniales	Geraniaceae	Geranium	BOLD_GENUS_BACKBONE
KP278478.1	Globularia cordifolia	Globularia cordifolia	Globularia cordifolia	Streptophyta	Magnoliopsida	Lamiales	Plantaginaceae	Globularia	NCBI_LINEAGE
MG428532.1	Globularia cordifolia	Globularia cordifolia	Globularia cordifolia	Streptophyta	Magnoliopsida	Lamiales	Plantaginaceae	Globularia	NCBI_LINEAGE
MG428535.1	Globularia nudicaulis	Globularia nudicaulis	Globularia nudicaulis	Streptophyta	Magnoliopsida	Lamiales	Plantaginaceae	Globularia	NCBI_LINEAGE
KP278480.1	Globularia punctata	Globularia punctata	Globularia punctata	Streptophyta	Magnoliopsida	Lamiales	Plantaginaceae	Globularia	NCBI_LINEAGE
AY445227.1	Gnaphalium luteoalbum	Pseudognaphalium luteoalbum	Pseudognaphalium luteoalbum	Streptophyta	Magnoliopsida	Asterales	Asteraceae	Pseudognaphalium	NCBI_LINEAGE
KT865580.1	Gnaphalium luteoalbum	Pseudognaphalium luteoalbum	Pseudognaphalium luteoalbum	Streptophyta	Magnoliopsida	Asterales	Asteraceae	Pseudognaphalium	NCBI_LINEAGE
KT865581.1	Gnaphalium luteoalbum	Pseudognaphalium luteoalbum	Pseudognaphalium luteoalbum	Streptophyta	Magnoliopsida	Asterales	Asteraceae	Pseudognaphalium	NCBI_LINEAGE
MN996753.1	Gnaphalium luteoalbum	Pseudognaphalium luteoalbum	Pseudognaphalium luteoalbum	Streptophyta	Magnoliopsida	Asterales	Asteraceae	Pseudognaphalium	NCBI_LINEAGE
MN996754.1	Gnaphalium luteoalbum	Pseudognaphalium luteoalbum	Pseudognaphalium luteoalbum	Streptophyta	Magnoliopsida	Asterales	Asteraceae	Pseudognaphalium	NCBI_LINEAGE
MN996755.1	Gnaphalium luteoalbum	Pseudognaphalium luteoalbum	Pseudognaphalium luteoalbum	Streptophyta	Magnoliopsida	Asterales	Asteraceae	Pseudognaphalium	NCBI_LINEAGE
MN996756.1	Gnaphalium luteoalbum	Pseudognaphalium luteoalbum	Pseudognaphalium luteoalbum	Streptophyta	Magnoliopsida	Asterales	Asteraceae	Pseudognaphalium	NCBI_LINEAGE
U95293.1	Gnaphalium luteoalbum	Pseudognaphalium luteoalbum	Pseudognaphalium luteoalbum	Streptophyta	Magnoliopsida	Asterales	Asteraceae	Pseudognaphalium	NCBI_LINEAGE
JF414052.1	Gymnadenia odoratissima	Gymnadenia odoratissima	Gymnadenia odoratissima	Tracheophyta	Liliopsida	Asparagales	Orchidaceae	Gymnadenia	BOLD_GENUS_BACKBONE
KP225192.1	Gymnadenia odoratissima	Gymnadenia odoratissima	Gymnadenia odoratissima	Tracheophyta	Liliopsida	Asparagales	Orchidaceae	Gymnadenia	BOLD_GENUS_BACKBONE
KP225193.1	Gymnadenia odoratissima	Gymnadenia odoratissima	Gymnadenia odoratissima	Tracheophyta	Liliopsida	Asparagales	Orchidaceae	Gymnadenia	BOLD_GENUS_BACKBONE
KP225194.1	Gymnadenia odoratissima	Gymnadenia odoratissima	Gymnadenia odoratissima	Tracheophyta	Liliopsida	Asparagales	Orchidaceae	Gymnadenia	BOLD_GENUS_BACKBONE
KP225196.1	Gymnadenia odoratissima	Gymnadenia odoratissima	Gymnadenia odoratissima	Tracheophyta	Liliopsida	Asparagales	Orchidaceae	Gymnadenia	BOLD_GENUS_BACKBONE
KP225197.1	Gymnadenia odoratissima	Gymnadenia odoratissima	Gymnadenia odoratissima	Tracheophyta	Liliopsida	Asparagales	Orchidaceae	Gymnadenia	BOLD_GENUS_BACKBONE
KP225198.1	Gymnadenia odoratissima	Gymnadenia odoratissima	Gymnadenia odoratissima	Tracheophyta	Liliopsida	Asparagales	Orchidaceae	Gymnadenia	BOLD_GENUS_BACKBONE
KP225201.1	Gymnadenia odoratissima	Gymnadenia odoratissima	Gymnadenia odoratissima	Tracheophyta	Liliopsida	Asparagales	Orchidaceae	Gymnadenia	BOLD_GENUS_BACKBONE
KP225202.1	Gymnadenia odoratissima	Gymnadenia odoratissima	Gymnadenia odoratissima	Tracheophyta	Liliopsida	Asparagales	Orchidaceae	Gymnadenia	BOLD_GENUS_BACKBONE
KP225203.1	Gymnadenia odoratissima	Gymnadenia odoratissima	Gymnadenia odoratissima	Tracheophyta	Liliopsida	Asparagales	Orchidaceae	Gymnadenia	BOLD_GENUS_BACKBONE
KP225204.1	Gymnadenia odoratissima	Gymnadenia odoratissima	Gymnadenia odoratissima	Tracheophyta	Liliopsida	Asparagales	Orchidaceae	Gymnadenia	BOLD_GENUS_BACKBONE
KT318278.1	Gymnadenia odoratissima	Gymnadenia odoratissima	Gymnadenia odoratissima	Tracheophyta	Liliopsida	Asparagales	Orchidaceae	Gymnadenia	BOLD_GENUS_BACKBONE
AY528880.1	Habrodon perpusillus	Habrodon perpusillus	Habrodon perpusillus	Streptophyta	Bryopsida	Hypnales	Habrodontaceae	Habrodon	NCBI_LINEAGE
AF077892.1	Hacquetia epipactis	Sanicula epipactis	Sanicula epipactis	Tracheophyta	Magnoliopsida	Apiales	Apiaceae	Sanicula	BOLD_GENUS_BACKBONE
EU070737.1	Hacquetia epipactis	Sanicula epipactis	Sanicula epipactis	Tracheophyta	Magnoliopsida	Apiales	Apiaceae	Sanicula	BOLD_GENUS_BACKBONE
EU070738.1	Hacquetia epipactis	Sanicula epipactis	Sanicula epipactis	Tracheophyta	Magnoliopsida	Apiales	Apiaceae	Sanicula	BOLD_GENUS_BACKBONE
EU070739.1	Hacquetia epipactis	Sanicula epipactis	Sanicula epipactis	Tracheophyta	Magnoliopsida	Apiales	Apiaceae	Sanicula	BOLD_GENUS_BACKBONE
EU070740.1	Hacquetia epipactis	Sanicula epipactis	Sanicula epipactis	Tracheophyta	Magnoliopsida	Apiales	Apiaceae	Sanicula	BOLD_GENUS_BACKBONE
EU169013.1	Hacquetia epipactis	Sanicula epipactis	Sanicula epipactis	Tracheophyta	Magnoliopsida	Apiales	Apiaceae	Sanicula	BOLD_GENUS_BACKBONE
AF407248.1	Halimeda tuna	Halimeda tuna	Halimeda tuna	Chlorophyta	Ulvophyceae	Bryopsidales	Halimedaceae	Halimeda	NCBI_LINEAGE
AF407250.1	Halimeda tuna	Halimeda tuna	Halimeda tuna	Chlorophyta	Ulvophyceae	Bryopsidales	Halimedaceae	Halimeda	NCBI_LINEAGE
AF525588.1	Halimeda tuna	Halimeda tuna	Halimeda tuna	Chlorophyta	Ulvophyceae	Bryopsidales	Halimedaceae	Halimeda	NCBI_LINEAGE
AF525589.1	Halimeda tuna	Halimeda tuna	Halimeda tuna	Chlorophyta	Ulvophyceae	Bryopsidales	Halimedaceae	Halimeda	NCBI_LINEAGE
AY786524.1	Halimeda tuna	Halimeda tuna	Halimeda tuna	Chlorophyta	Ulvophyceae	Bryopsidales	Halimedaceae	Halimeda	NCBI_LINEAGE
AY823856.1	Halimeda tuna	Halimeda tuna	Halimeda tuna	Chlorophyta	Ulvophyceae	Bryopsidales	Halimedaceae	Halimeda	NCBI_LINEAGE
AY823857.1	Halimeda tuna	Halimeda tuna	Halimeda tuna	Chlorophyta	Ulvophyceae	Bryopsidales	Halimedaceae	Halimeda	NCBI_LINEAGE
AY823858.1	Halimeda tuna	Halimeda tuna	Halimeda tuna	Chlorophyta	Ulvophyceae	Bryopsidales	Halimedaceae	Halimeda	NCBI_LINEAGE
AY823859.1	Halimeda tuna	Halimeda tuna	Halimeda tuna	Chlorophyta	Ulvophyceae	Bryopsidales	Halimedaceae	Halimeda	NCBI_LINEAGE
PZ694796.1	Halymenia floresii	Halymenia floresii	Halymenia floresii	Rhodophyta	Florideophyceae	Halymeniales	Halymeniaceae	Halymenia	NCBI_LINEAGE
AY528885.1	Haplocladium angustifolium	Haplocladium angustifolium	Haplocladium angustifolium	Streptophyta	Bryopsida	Hypnales	Leskeaceae	Haplocladium	NCBI_LINEAGE
GQ375101.1	Hariotina reticulata	Hariotina reticulata	Hariotina reticulata	Chlorophyta	Chlorophyceae	Sphaeropleales	Scenedesmaceae	Hariotina	NCBI_LINEAGE
PZ019980.1	Hariotina reticulata	Hariotina reticulata	Hariotina reticulata	Chlorophyta	Chlorophyceae	Sphaeropleales	Scenedesmaceae	Hariotina	NCBI_LINEAGE
KU586723.1	Hedypnois cretica	Hedypnois rhagadioloides	Hedypnois rhagadioloides	Streptophyta	Magnoliopsida	Asterales	Asteraceae	Hedypnois	NCBI_LINEAGE
AY445196.1	Helichrysum italicum	Helichrysum italicum	Helichrysum italicum	Streptophyta	Magnoliopsida	Asterales	Asteraceae	Helichrysum	NCBI_LINEAGE
FJ211480.1	Helichrysum italicum	Helichrysum italicum subsp. italicum	Helichrysum italicum	Streptophyta	Magnoliopsida	Asterales	Asteraceae	Helichrysum	NCBI_LINEAGE
FJ211481.1	Helichrysum italicum	Helichrysum italicum subsp. picardii	Helichrysum italicum	Streptophyta	Magnoliopsida	Asterales	Asteraceae	Helichrysum	NCBI_LINEAGE
HM244710.1	Helichrysum italicum	Helichrysum italicum subsp. microphyllum	Helichrysum italicum	Streptophyta	Magnoliopsida	Asterales	Asteraceae	Helichrysum	NCBI_LINEAGE
HM244711.1	Helichrysum italicum	Helichrysum italicum subsp. picardii	Helichrysum italicum	Streptophyta	Magnoliopsida	Asterales	Asteraceae	Helichrysum	NCBI_LINEAGE
KJ159118.1	Helichrysum italicum	Helichrysum italicum subsp. italicum	Helichrysum italicum	Streptophyta	Magnoliopsida	Asterales	Asteraceae	Helichrysum	NCBI_LINEAGE
KJ159119.1	Helichrysum italicum	Helichrysum italicum subsp. italicum	Helichrysum italicum	Streptophyta	Magnoliopsida	Asterales	Asteraceae	Helichrysum	NCBI_LINEAGE
KJ159120.1	Helichrysum italicum	Helichrysum italicum subsp. italicum	Helichrysum italicum	Streptophyta	Magnoliopsida	Asterales	Asteraceae	Helichrysum	NCBI_LINEAGE
KJ159121.1	Helichrysum italicum	Helichrysum italicum subsp. italicum	Helichrysum italicum	Streptophyta	Magnoliopsida	Asterales	Asteraceae	Helichrysum	NCBI_LINEAGE
KJ159122.1	Helichrysum italicum	Helichrysum italicum subsp. italicum	Helichrysum italicum	Streptophyta	Magnoliopsida	Asterales	Asteraceae	Helichrysum	NCBI_LINEAGE
KJ159123.1	Helichrysum italicum	Helichrysum italicum subsp. italicum	Helichrysum italicum	Streptophyta	Magnoliopsida	Asterales	Asteraceae	Helichrysum	NCBI_LINEAGE
KJ159124.1	Helichrysum italicum	Helichrysum italicum subsp. italicum	Helichrysum italicum	Streptophyta	Magnoliopsida	Asterales	Asteraceae	Helichrysum	NCBI_LINEAGE
KJ159125.1	Helichrysum italicum	Helichrysum italicum subsp. italicum	Helichrysum italicum	Streptophyta	Magnoliopsida	Asterales	Asteraceae	Helichrysum	NCBI_LINEAGE
KJ159126.1	Helichrysum italicum	Helichrysum italicum subsp. italicum	Helichrysum italicum	Streptophyta	Magnoliopsida	Asterales	Asteraceae	Helichrysum	NCBI_LINEAGE
Z96859.1	Helictotrichon pratense	Helictochloa pratensis	Helictochloa pratensis	Streptophyta	Magnoliopsida	Poales	Poaceae	Helictochloa	NCBI_LINEAGE
Z96861.1	Helictotrichon pratense	Helictochloa pratensis	Helictochloa pratensis	Streptophyta	Magnoliopsida	Poales	Poaceae	Helictochloa	NCBI_LINEAGE
Z96871.1	Helictotrichon pubescens	Avenula pubescens	Avenula pubescens	Streptophyta	Magnoliopsida	Poales	Poaceae	Avenula	NCBI_LINEAGE
Z96873.1	Helictotrichon pubescens	Avenula pubescens	Avenula pubescens	Streptophyta	Magnoliopsida	Poales	Poaceae	Avenula	NCBI_LINEAGE
Z96875.1	Helictotrichon pubescens	Avenula pubescens	Avenula pubescens	Streptophyta	Magnoliopsida	Poales	Poaceae	Avenula	NCBI_LINEAGE
Z96877.1	Helictotrichon pubescens	Avenula pubescens	Avenula pubescens	Streptophyta	Magnoliopsida	Poales	Poaceae	Avenula	NCBI_LINEAGE
Z96867.1	Helictotrichon versicolor	Helictochloa versicolor	Helictochloa versicolor	Streptophyta	Magnoliopsida	Poales	Poaceae	Helictochloa	NCBI_LINEAGE
Z96869.1	Helictotrichon versicolor	Helictochloa versicolor	Helictochloa versicolor	Streptophyta	Magnoliopsida	Poales	Poaceae	Helictochloa	NCBI_LINEAGE
EF118072.1	Heliosperma veselskyi	Heliosperma veselskyi subsp. veselskyi	Heliosperma veselskyi	Tracheophyta	Magnoliopsida	Caryophyllales	Caryophyllaceae	Heliosperma	BOLD_GENUS_BACKBONE
EF118107.1	Heliosperma veselskyi	Heliosperma veselskyi subsp. glutinosa	Heliosperma veselskyi	Tracheophyta	Magnoliopsida	Caryophyllales	Caryophyllaceae	Heliosperma	BOLD_GENUS_BACKBONE
EF118108.1	Heliosperma veselskyi	Heliosperma veselskyi subsp. veselskyi	Heliosperma veselskyi	Tracheophyta	Magnoliopsida	Caryophyllales	Caryophyllaceae	Heliosperma	BOLD_GENUS_BACKBONE
EF118109.1	Heliosperma veselskyi	Heliosperma veselskyi subsp. veselskyi	Heliosperma veselskyi	Tracheophyta	Magnoliopsida	Caryophyllales	Caryophyllaceae	Heliosperma	BOLD_GENUS_BACKBONE
EF118110.1	Heliosperma veselskyi	Heliosperma veselskyi subsp. veselskyi	Heliosperma veselskyi	Tracheophyta	Magnoliopsida	Caryophyllales	Caryophyllaceae	Heliosperma	BOLD_GENUS_BACKBONE
AY695771.1	Heterocladiella dimorpha	Heterocladiella dimorpha	Heterocladiella dimorpha	Streptophyta	Bryopsida	Hypnales	Heterocladiellaceae	Heterocladiella	NCBI_LINEAGE
MK327307.1	Heterocladiella dimorpha	Heterocladiella dimorpha	Heterocladiella dimorpha	Streptophyta	Bryopsida	Hypnales	Heterocladiellaceae	Heterocladiella	NCBI_LINEAGE
KT249840.1	Hieracium aurantiacum	Pilosella aurantiaca	Pilosella aurantiaca	Streptophyta	Magnoliopsida	Asterales	Asteraceae	Pilosella	NCBI_LINEAGE
KT249841.1	Hieracium aurantiacum	Pilosella aurantiaca	Pilosella aurantiaca	Streptophyta	Magnoliopsida	Asterales	Asteraceae	Pilosella	NCBI_LINEAGE
KT249842.1	Hieracium aurantiacum	Pilosella aurantiaca	Pilosella aurantiaca	Streptophyta	Magnoliopsida	Asterales	Asteraceae	Pilosella	NCBI_LINEAGE
KT249798.1	Hieracium laevigatum	Hieracium laevigatum	Hieracium laevigatum	Tracheophyta	Magnoliopsida	Asterales	Asteraceae	Hieracium	BOLD_GENUS_BACKBONE
KT249799.1	Hieracium laevigatum	Hieracium laevigatum	Hieracium laevigatum	Tracheophyta	Magnoliopsida	Asterales	Asteraceae	Hieracium	BOLD_GENUS_BACKBONE
HQ161945.1	Hieracium pilosella	Pilosella officinarum	Pilosella officinarum	Streptophyta	Magnoliopsida	Asterales	Asteraceae	Pilosella	NCBI_LINEAGE
KT249843.1	Hieracium pilosella	Pilosella officinarum	Pilosella officinarum	Streptophyta	Magnoliopsida	Asterales	Asteraceae	Pilosella	NCBI_LINEAGE
LS973921.1	Hieracium pilosella	Pilosella officinarum	Pilosella officinarum	Streptophyta	Magnoliopsida	Asterales	Asteraceae	Pilosella	NCBI_LINEAGE
KT249844.1	Hieracium piloselloides	Pilosella piloselloides	Pilosella piloselloides	Streptophyta	Magnoliopsida	Asterales	Asteraceae	Pilosella	NCBI_LINEAGE
HQ131823.1	Hieracium porrifolium	Hieracium porrifolium	Hieracium porrifolium	Tracheophyta	Magnoliopsida	Asterales	Asteraceae	Hieracium	BOLD_GENUS_BACKBONE
KC512894.1	Hierochloë australis	Anthoxanthum australe	Anthoxanthum australe	Tracheophyta	Liliopsida	Poales	Poaceae	Anthoxanthum	BOLD_GENUS_BACKBONE
KC512895.1	Hierochloë australis	Anthoxanthum australe	Anthoxanthum australe	Tracheophyta	Liliopsida	Poales	Poaceae	Anthoxanthum	BOLD_GENUS_BACKBONE
KP296050.1	Hierochloë australis	Anthoxanthum australe	Anthoxanthum australe	Tracheophyta	Liliopsida	Poales	Poaceae	Anthoxanthum	BOLD_GENUS_BACKBONE
AY028839.1	Hildenbrandia rubra	Hildenbrandia rubra	Hildenbrandia rubra	Rhodophyta	Florideophyceae	Hildenbrandiales	Hildenbrandiaceae	Hildenbrandia	NCBI_LINEAGE
AY028844.1	Hildenbrandia rubra	Hildenbrandia rubra	Hildenbrandia rubra	Rhodophyta	Florideophyceae	Hildenbrandiales	Hildenbrandiaceae	Hildenbrandia	NCBI_LINEAGE
AY028845.1	Hildenbrandia rubra	Hildenbrandia rubra	Hildenbrandia rubra	Rhodophyta	Florideophyceae	Hildenbrandiales	Hildenbrandiaceae	Hildenbrandia	NCBI_LINEAGE
AY028846.1	Hildenbrandia rubra	Hildenbrandia rubra	Hildenbrandia rubra	Rhodophyta	Florideophyceae	Hildenbrandiales	Hildenbrandiaceae	Hildenbrandia	NCBI_LINEAGE
AY028847.1	Hildenbrandia rubra	Hildenbrandia rubra	Hildenbrandia rubra	Rhodophyta	Florideophyceae	Hildenbrandiales	Hildenbrandiaceae	Hildenbrandia	NCBI_LINEAGE
AY936242.1	Holosteum umbellatum	Holosteum umbellatum subsp. umbellatum	Holosteum umbellatum	Streptophyta	Magnoliopsida	Caryophyllales	Caryophyllaceae	Holosteum	NCBI_LINEAGE
AJ628298.1	Hornungia alpina	Hornungia alpina	Hornungia alpina	Tracheophyta	Magnoliopsida	Brassicales	Brassicaceae	Hornungia	BOLD_GENUS_BACKBONE
GU983033.1	Hydrangea macrophylla	Hydrangea macrophylla f. otaksa	Hydrangea macrophylla	Streptophyta	Magnoliopsida	Cornales	Hydrangeaceae	Hydrangea	NCBI_LINEAGE
KU174599.1	Hydrangea macrophylla	Hydrangea macrophylla	Hydrangea macrophylla	Streptophyta	Magnoliopsida	Cornales	Hydrangeaceae	Hydrangea	NCBI_LINEAGE
KU174600.1	Hydrangea macrophylla	Hydrangea macrophylla	Hydrangea macrophylla	Streptophyta	Magnoliopsida	Cornales	Hydrangeaceae	Hydrangea	NCBI_LINEAGE
KU174601.1	Hydrangea macrophylla	Hydrangea macrophylla	Hydrangea macrophylla	Streptophyta	Magnoliopsida	Cornales	Hydrangeaceae	Hydrangea	NCBI_LINEAGE
KX065314.1	Hydrangea macrophylla	Hydrangea macrophylla	Hydrangea macrophylla	Streptophyta	Magnoliopsida	Cornales	Hydrangeaceae	Hydrangea	NCBI_LINEAGE
KX065315.1	Hydrangea macrophylla	Hydrangea macrophylla	Hydrangea macrophylla	Streptophyta	Magnoliopsida	Cornales	Hydrangeaceae	Hydrangea	NCBI_LINEAGE
KX065316.1	Hydrangea macrophylla	Hydrangea macrophylla	Hydrangea macrophylla	Streptophyta	Magnoliopsida	Cornales	Hydrangeaceae	Hydrangea	NCBI_LINEAGE
LC882441.1	Hydrangea macrophylla	Hydrangea macrophylla	Hydrangea macrophylla	Streptophyta	Magnoliopsida	Cornales	Hydrangeaceae	Hydrangea	NCBI_LINEAGE
LC882442.1	Hydrangea macrophylla	Hydrangea macrophylla	Hydrangea macrophylla	Streptophyta	Magnoliopsida	Cornales	Hydrangeaceae	Hydrangea	NCBI_LINEAGE
LC882443.1	Hydrangea macrophylla	Hydrangea macrophylla	Hydrangea macrophylla	Streptophyta	Magnoliopsida	Cornales	Hydrangeaceae	Hydrangea	NCBI_LINEAGE
LC882444.1	Hydrangea macrophylla	Hydrangea macrophylla	Hydrangea macrophylla	Streptophyta	Magnoliopsida	Cornales	Hydrangeaceae	Hydrangea	NCBI_LINEAGE
LC882445.1	Hydrangea macrophylla	Hydrangea macrophylla	Hydrangea macrophylla	Streptophyta	Magnoliopsida	Cornales	Hydrangeaceae	Hydrangea	NCBI_LINEAGE
LC882515.1	Hydrangea macrophylla	Hydrangea macrophylla	Hydrangea macrophylla	Streptophyta	Magnoliopsida	Cornales	Hydrangeaceae	Hydrangea	NCBI_LINEAGE
LC882516.1	Hydrangea macrophylla	Hydrangea macrophylla	Hydrangea macrophylla	Streptophyta	Magnoliopsida	Cornales	Hydrangeaceae	Hydrangea	NCBI_LINEAGE
LC882517.1	Hydrangea macrophylla	Hydrangea macrophylla	Hydrangea macrophylla	Streptophyta	Magnoliopsida	Cornales	Hydrangeaceae	Hydrangea	NCBI_LINEAGE
LC882518.1	Hydrangea macrophylla	Hydrangea macrophylla	Hydrangea macrophylla	Streptophyta	Magnoliopsida	Cornales	Hydrangeaceae	Hydrangea	NCBI_LINEAGE
LC883904.1	Hydrangea macrophylla	Hydrangea macrophylla	Hydrangea macrophylla	Streptophyta	Magnoliopsida	Cornales	Hydrangeaceae	Hydrangea	NCBI_LINEAGE
MT431420.1	Hydrangea macrophylla	Hydrangea macrophylla	Hydrangea macrophylla	Streptophyta	Magnoliopsida	Cornales	Hydrangeaceae	Hydrangea	NCBI_LINEAGE
AF464981.1	Hygroamblystegium humile	Hygroamblystegium humile	Hygroamblystegium humile	Bryophyta	Bryopsida	Hypnales	Amblystegiaceae	Hygroamblystegium	BOLD_GENUS_BACKBONE
AF464982.1	Hygroamblystegium humile	Hygroamblystegium humile	Hygroamblystegium humile	Bryophyta	Bryopsida	Hypnales	Amblystegiaceae	Hygroamblystegium	BOLD_GENUS_BACKBONE
AF464983.1	Hygroamblystegium humile	Hygroamblystegium humile	Hygroamblystegium humile	Bryophyta	Bryopsida	Hypnales	Amblystegiaceae	Hygroamblystegium	BOLD_GENUS_BACKBONE
AF464984.1	Hygroamblystegium humile	Hygroamblystegium humile	Hygroamblystegium humile	Bryophyta	Bryopsida	Hypnales	Amblystegiaceae	Hygroamblystegium	BOLD_GENUS_BACKBONE
AF464985.1	Hygroamblystegium humile	Hygroamblystegium humile	Hygroamblystegium humile	Bryophyta	Bryopsida	Hypnales	Amblystegiaceae	Hygroamblystegium	BOLD_GENUS_BACKBONE
AJ628300.1	Hymenolobus procumbens	Hymenolobus procumbens	Hymenolobus procumbens	Streptophyta	Magnoliopsida	Brassicales	Brassicaceae	Hymenolobus	NCBI_LINEAGE
FJ694192.1	Hypericum barbatum	Hypericum barbatum	Hypericum barbatum	Tracheophyta	Magnoliopsida	Malpighiales	Hypericaceae	Hypericum	BOLD_GENUS_BACKBONE
FJ694222.1	Hypericum richeri	Hypericum richeri subsp. grisebachii	Hypericum richeri	Tracheophyta	Magnoliopsida	Malpighiales	Hypericaceae	Hypericum	BOLD_GENUS_BACKBONE
AY504692.1	Hypochoeris glabra	Hypochaeris glabra	Hypochaeris glabra	Streptophyta	Magnoliopsida	Asterales	Asteraceae	Hypochaeris	NCBI_LINEAGE
Z93835.1	Hypochoeris glabra	Hypochaeris glabra	Hypochaeris glabra	Streptophyta	Magnoliopsida	Asterales	Asteraceae	Hypochaeris	NCBI_LINEAGE
Z93838.1	Hypochoeris maculata	Hypochaeris maculata	Hypochaeris maculata	Streptophyta	Magnoliopsida	Asterales	Asteraceae	Hypochaeris	NCBI_LINEAGE
EF107656.1	Hypochoeris radicata	Hypochaeris radicata	Hypochaeris radicata	Streptophyta	Magnoliopsida	Asterales	Asteraceae	Hypochaeris	NCBI_LINEAGE
GU011987.1	Hypochoeris radicata	Hypochaeris radicata	Hypochaeris radicata	Streptophyta	Magnoliopsida	Asterales	Asteraceae	Hypochaeris	NCBI_LINEAGE
HQ161932.1	Hypochoeris radicata	Hypochaeris radicata	Hypochaeris radicata	Streptophyta	Magnoliopsida	Asterales	Asteraceae	Hypochaeris	NCBI_LINEAGE
KU586726.1	Hypochoeris radicata	Hypochaeris radicata	Hypochaeris radicata	Streptophyta	Magnoliopsida	Asterales	Asteraceae	Hypochaeris	NCBI_LINEAGE
MF348989.1	Hypochoeris radicata	Hypochaeris radicata	Hypochaeris radicata	Streptophyta	Magnoliopsida	Asterales	Asteraceae	Hypochaeris	NCBI_LINEAGE
Z93843.1	Hypochoeris radicata	Hypochaeris radicata	Hypochaeris radicata	Streptophyta	Magnoliopsida	Asterales	Asteraceae	Hypochaeris	NCBI_LINEAGE
MF349141.1	Iberis sempervirens	Iberis sempervirens	Iberis sempervirens	Tracheophyta	Magnoliopsida	Brassicales	Brassicaceae	Iberis	BOLD_GENUS_BACKBONE
KJ638713.1	Imbribryum mildeanum	Imbribryum mildeanum	Imbribryum mildeanum	Bryophyta	Bryopsida	Bryales	Bryaceae	Imbribryum	BOLD_GENUS_BACKBONE
AY348749.1	Impatiens balsamina	Impatiens balsamina	Impatiens balsamina	Tracheophyta	Magnoliopsida	Ericales	Balsaminaceae	Impatiens	BOLD_GENUS_BACKBONE
GQ434400.1	Impatiens balsamina	Impatiens balsamina	Impatiens balsamina	Tracheophyta	Magnoliopsida	Ericales	Balsaminaceae	Impatiens	BOLD_GENUS_BACKBONE
KC905466.1	Impatiens balsamina	Impatiens balsamina	Impatiens balsamina	Tracheophyta	Magnoliopsida	Ericales	Balsaminaceae	Impatiens	BOLD_GENUS_BACKBONE
KT270927.1	Impatiens balsamina	Impatiens balsamina	Impatiens balsamina	Tracheophyta	Magnoliopsida	Ericales	Balsaminaceae	Impatiens	BOLD_GENUS_BACKBONE
KT270928.1	Impatiens balsamina	Impatiens balsamina	Impatiens balsamina	Tracheophyta	Magnoliopsida	Ericales	Balsaminaceae	Impatiens	BOLD_GENUS_BACKBONE
KT270929.1	Impatiens balsamina	Impatiens balsamina	Impatiens balsamina	Tracheophyta	Magnoliopsida	Ericales	Balsaminaceae	Impatiens	BOLD_GENUS_BACKBONE
KT270930.1	Impatiens balsamina	Impatiens balsamina	Impatiens balsamina	Tracheophyta	Magnoliopsida	Ericales	Balsaminaceae	Impatiens	BOLD_GENUS_BACKBONE
KT270931.1	Impatiens balsamina	Impatiens balsamina	Impatiens balsamina	Tracheophyta	Magnoliopsida	Ericales	Balsaminaceae	Impatiens	BOLD_GENUS_BACKBONE
KT582059.1	Impatiens balsamina	Impatiens balsamina	Impatiens balsamina	Tracheophyta	Magnoliopsida	Ericales	Balsaminaceae	Impatiens	BOLD_GENUS_BACKBONE
KT582060.1	Impatiens balsamina	Impatiens balsamina	Impatiens balsamina	Tracheophyta	Magnoliopsida	Ericales	Balsaminaceae	Impatiens	BOLD_GENUS_BACKBONE
KT582061.1	Impatiens balsamina	Impatiens balsamina	Impatiens balsamina	Tracheophyta	Magnoliopsida	Ericales	Balsaminaceae	Impatiens	BOLD_GENUS_BACKBONE
KT582062.1	Impatiens balsamina	Impatiens balsamina	Impatiens balsamina	Tracheophyta	Magnoliopsida	Ericales	Balsaminaceae	Impatiens	BOLD_GENUS_BACKBONE
KT898294.1	Impatiens balsamina	Impatiens balsamina	Impatiens balsamina	Tracheophyta	Magnoliopsida	Ericales	Balsaminaceae	Impatiens	BOLD_GENUS_BACKBONE
KU182885.1	Impatiens balsamina	Impatiens balsamina	Impatiens balsamina	Tracheophyta	Magnoliopsida	Ericales	Balsaminaceae	Impatiens	BOLD_GENUS_BACKBONE
KX261210.1	Impatiens balsamina	Impatiens balsamina var. micrantha	Impatiens balsamina	Tracheophyta	Magnoliopsida	Ericales	Balsaminaceae	Impatiens	BOLD_GENUS_BACKBONE
KY082768.1	Impatiens balsamina	Impatiens balsamina	Impatiens balsamina	Tracheophyta	Magnoliopsida	Ericales	Balsaminaceae	Impatiens	BOLD_GENUS_BACKBONE
AF228394.1	Inula britannica	Pentanema britannica	Pentanema britannica	Streptophyta	Magnoliopsida	Asterales	Asteraceae	Pentanema	NCBI_LINEAGE
GQ434511.1	Inula britannica	Pentanema britannica	Pentanema britannica	Streptophyta	Magnoliopsida	Asterales	Asteraceae	Pentanema	NCBI_LINEAGE
KJ405407.1	Inula britannica	Pentanema britannica	Pentanema britannica	Streptophyta	Magnoliopsida	Asterales	Asteraceae	Pentanema	NCBI_LINEAGE
KJ405408.1	Inula britannica	Pentanema britannica	Pentanema britannica	Streptophyta	Magnoliopsida	Asterales	Asteraceae	Pentanema	NCBI_LINEAGE
KJ405409.1	Inula britannica	Pentanema britannica	Pentanema britannica	Streptophyta	Magnoliopsida	Asterales	Asteraceae	Pentanema	NCBI_LINEAGE
AF228398.1	Inula crithmoides	Limbarda crithmoides	Limbarda crithmoides	Streptophyta	Magnoliopsida	Asterales	Asteraceae	Limbarda	NCBI_LINEAGE
KY397491.1	Inula ensifolia	Pentanema ensifolium	Pentanema ensifolium	Streptophyta	Magnoliopsida	Asterales	Asteraceae	Pentanema	NCBI_LINEAGE
AF130830.1	Iris germanica	Iris germanica	Iris germanica	Tracheophyta	Liliopsida	Asparagales	Iridaceae	Iris	BOLD_GENUS_BACKBONE
KP006782.1	Iris germanica	Iris germanica	Iris germanica	Tracheophyta	Liliopsida	Asparagales	Iridaceae	Iris	BOLD_GENUS_BACKBONE
KP006783.1	Iris germanica	Iris germanica	Iris germanica	Tracheophyta	Liliopsida	Asparagales	Iridaceae	Iris	BOLD_GENUS_BACKBONE
KP006784.1	Iris germanica	Iris germanica	Iris germanica	Tracheophyta	Liliopsida	Asparagales	Iridaceae	Iris	BOLD_GENUS_BACKBONE
KP006785.1	Iris germanica	Iris germanica	Iris germanica	Tracheophyta	Liliopsida	Asparagales	Iridaceae	Iris	BOLD_GENUS_BACKBONE
KP006786.1	Iris germanica	Iris germanica	Iris germanica	Tracheophyta	Liliopsida	Asparagales	Iridaceae	Iris	BOLD_GENUS_BACKBONE
EF437120.1	Isopyrum thalictroides	Isopyrum thalictroides	Isopyrum thalictroides	Streptophyta	Magnoliopsida	Ranunculales	Ranunculaceae	Isopyrum	NCBI_LINEAGE
AY737479.1	Isothecium myosuroides	Pseudisothecium myosuroides	Pseudisothecium myosuroides	Streptophyta	Bryopsida	Hypnales	Lembophyllaceae	Pseudisothecium	NCBI_LINEAGE
DQ294866.1	Isothecium myosuroides	Pseudisothecium myosuroides	Pseudisothecium myosuroides	Streptophyta	Bryopsida	Hypnales	Lembophyllaceae	Pseudisothecium	NCBI_LINEAGE
DQ294922.1	Isothecium myosuroides	Pseudisothecium myosuroides	Pseudisothecium myosuroides	Streptophyta	Bryopsida	Hypnales	Lembophyllaceae	Pseudisothecium	NCBI_LINEAGE
DQ294924.1	Isothecium myosuroides	Pseudisothecium myosuroides	Pseudisothecium myosuroides	Streptophyta	Bryopsida	Hypnales	Lembophyllaceae	Pseudisothecium	NCBI_LINEAGE
DQ294927.1	Isothecium myosuroides	Pseudisothecium myosuroides	Pseudisothecium myosuroides	Streptophyta	Bryopsida	Hypnales	Lembophyllaceae	Pseudisothecium	NCBI_LINEAGE
MK327347.1	Isothecium myosuroides	Pseudisothecium myosuroides	Pseudisothecium myosuroides	Streptophyta	Bryopsida	Hypnales	Lembophyllaceae	Pseudisothecium	NCBI_LINEAGE
KY215730.1	Iva xanthiifolia	Iva xanthiifolia	Iva xanthiifolia	Streptophyta	Magnoliopsida	Asterales	Asteraceae	Iva	NCBI_LINEAGE
OK244305.1	Jasminum fruticans	Chrysojasminum fruticans	Chrysojasminum fruticans	Streptophyta	Magnoliopsida	Lamiales	Oleaceae	Chrysojasminum	NCBI_LINEAGE
OK244354.1	Jasminum officinale	Jasminum officinale	Jasminum officinale	Streptophyta	Magnoliopsida	Lamiales	Oleaceae	Jasminum	NCBI_LINEAGE
KJ884136.1	Jovibarba arenaria	Jovibarba globifera subsp. arenaria	Jovibarba globifera	Streptophyta	Magnoliopsida	Saxifragales	Crassulaceae	Jovibarba	NCBI_LINEAGE
KJ884137.1	Jovibarba arenaria	Jovibarba globifera subsp. arenaria	Jovibarba globifera	Streptophyta	Magnoliopsida	Saxifragales	Crassulaceae	Jovibarba	NCBI_LINEAGE
AF179572.1	Juglans cinerea	Juglans cinerea	Juglans cinerea	Tracheophyta	Magnoliopsida	Fagales	Juglandaceae	Juglans	BOLD_GENUS_BACKBONE
AF303813.1	Juglans cinerea	Juglans cinerea	Juglans cinerea	Tracheophyta	Magnoliopsida	Fagales	Juglandaceae	Juglans	BOLD_GENUS_BACKBONE
AY727770.1	Juncus trifidus	Oreojuncus trifidus	Oreojuncus trifidus	Streptophyta	Magnoliopsida	Poales	Juncaceae	Oreojuncus	NCBI_LINEAGE
KJ206414.1	Jungermannia pumila	Jungermannia pumila	Jungermannia pumila	Marchantiophyta	Jungermanniopsida	Jungermanniales	Jungermanniaceae	Jungermannia	BOLD_GENUS_BACKBONE
AY780404.1	Jurinea mollis	Jurinea mollis	Jurinea mollis	Streptophyta	Magnoliopsida	Asterales	Asteraceae	Jurinea	NCBI_LINEAGE
EU434018.1	Klebsormidium flaccidum	Klebsormidium flaccidum	Klebsormidium flaccidum	Streptophyta	Klebsormidiophyceae	Klebsormidiales	Klebsormidiaceae	Klebsormidium	NCBI_LINEAGE
EU434019.1	Klebsormidium flaccidum	Klebsormidium flaccidum	Klebsormidium flaccidum	Streptophyta	Klebsormidiophyceae	Klebsormidiales	Klebsormidiaceae	Klebsormidium	NCBI_LINEAGE
EU434024.1	Klebsormidium flaccidum	Klebsormidium flaccidum	Klebsormidium flaccidum	Streptophyta	Klebsormidiophyceae	Klebsormidiales	Klebsormidiaceae	Klebsormidium	NCBI_LINEAGE
HQ654196.1	Klebsormidium flaccidum	Klebsormidium flaccidum	Klebsormidium flaccidum	Streptophyta	Klebsormidiophyceae	Klebsormidiales	Klebsormidiaceae	Klebsormidium	NCBI_LINEAGE
HQ654197.1	Klebsormidium flaccidum	Klebsormidium flaccidum	Klebsormidium flaccidum	Streptophyta	Klebsormidiophyceae	Klebsormidiales	Klebsormidiaceae	Klebsormidium	NCBI_LINEAGE
HQ654198.1	Klebsormidium flaccidum	Klebsormidium flaccidum	Klebsormidium flaccidum	Streptophyta	Klebsormidiophyceae	Klebsormidiales	Klebsormidiaceae	Klebsormidium	NCBI_LINEAGE
HQ654199.1	Klebsormidium flaccidum	Klebsormidium flaccidum	Klebsormidium flaccidum	Streptophyta	Klebsormidiophyceae	Klebsormidiales	Klebsormidiaceae	Klebsormidium	NCBI_LINEAGE
HQ654200.1	Klebsormidium flaccidum	Klebsormidium flaccidum	Klebsormidium flaccidum	Streptophyta	Klebsormidiophyceae	Klebsormidiales	Klebsormidiaceae	Klebsormidium	NCBI_LINEAGE
HQ654201.1	Klebsormidium flaccidum	Klebsormidium flaccidum	Klebsormidium flaccidum	Streptophyta	Klebsormidiophyceae	Klebsormidiales	Klebsormidiaceae	Klebsormidium	NCBI_LINEAGE
HQ654202.1	Klebsormidium flaccidum	Klebsormidium flaccidum	Klebsormidium flaccidum	Streptophyta	Klebsormidiophyceae	Klebsormidiales	Klebsormidiaceae	Klebsormidium	NCBI_LINEAGE
HQ654203.1	Klebsormidium flaccidum	Klebsormidium flaccidum	Klebsormidium flaccidum	Streptophyta	Klebsormidiophyceae	Klebsormidiales	Klebsormidiaceae	Klebsormidium	NCBI_LINEAGE
MK255310.1	Klebsormidium flaccidum	Klebsormidium flaccidum	Klebsormidium flaccidum	Streptophyta	Klebsormidiophyceae	Klebsormidiales	Klebsormidiaceae	Klebsormidium	NCBI_LINEAGE
HQ654220.1	Klebsormidium subtile	Klebsormidium subtile	Klebsormidium subtile	Streptophyta	Klebsormidiophyceae	Klebsormidiales	Klebsormidiaceae	Klebsormidium	NCBI_LINEAGE
HQ654221.1	Klebsormidium subtile	Klebsormidium subtile	Klebsormidium subtile	Streptophyta	Klebsormidiophyceae	Klebsormidiales	Klebsormidiaceae	Klebsormidium	NCBI_LINEAGE
KF993563.1	Knautia longifolia	Knautia longifolia	Knautia longifolia	Tracheophyta	Magnoliopsida	Dipsacales	Caprifoliaceae	Knautia	BOLD_GENUS_BACKBONE
KF993564.1	Knautia longifolia	Knautia longifolia	Knautia longifolia	Tracheophyta	Magnoliopsida	Dipsacales	Caprifoliaceae	Knautia	BOLD_GENUS_BACKBONE
KF993565.1	Knautia longifolia	Knautia longifolia	Knautia longifolia	Tracheophyta	Magnoliopsida	Dipsacales	Caprifoliaceae	Knautia	BOLD_GENUS_BACKBONE
KF993566.1	Knautia longifolia	Knautia longifolia	Knautia longifolia	Tracheophyta	Magnoliopsida	Dipsacales	Caprifoliaceae	Knautia	BOLD_GENUS_BACKBONE
KF993567.1	Knautia longifolia	Knautia longifolia	Knautia longifolia	Tracheophyta	Magnoliopsida	Dipsacales	Caprifoliaceae	Knautia	BOLD_GENUS_BACKBONE
KX873118.1	Koeleria lobata	Koeleria lobata	Koeleria lobata	Tracheophyta	Liliopsida	Poales	Poaceae	Koeleria	BOLD_GENUS_BACKBONE
KU883511.1	Koeleria pyramidata	Koeleria pyramidata	Koeleria pyramidata	Tracheophyta	Liliopsida	Poales	Poaceae	Koeleria	BOLD_GENUS_BACKBONE
Z96911.1	Koeleria pyramidata	Koeleria pyramidata	Koeleria pyramidata	Tracheophyta	Liliopsida	Poales	Poaceae	Koeleria	BOLD_GENUS_BACKBONE
Z96913.1	Koeleria pyramidata	Koeleria pyramidata	Koeleria pyramidata	Tracheophyta	Liliopsida	Poales	Poaceae	Koeleria	BOLD_GENUS_BACKBONE
AF201689.1	Lagerstroemia indica	Lagerstroemia indica	Lagerstroemia indica	Streptophyta	Magnoliopsida	Myrtales	Lythraceae	Lagerstroemia	NCBI_LINEAGE
MK161398.1	Lagerstroemia indica	Lagerstroemia indica	Lagerstroemia indica	Streptophyta	Magnoliopsida	Myrtales	Lythraceae	Lagerstroemia	NCBI_LINEAGE
AF041344.1	Larix kaempferi	Larix kaempferi	Larix kaempferi	Tracheophyta	Pinopsida	Pinales	Pinaceae	Larix	BOLD_GENUS_BACKBONE
AY523442.1	Larix kaempferi	Larix kaempferi	Larix kaempferi	Tracheophyta	Pinopsida	Pinales	Pinaceae	Larix	BOLD_GENUS_BACKBONE
AY523443.1	Larix kaempferi	Larix kaempferi	Larix kaempferi	Tracheophyta	Pinopsida	Pinales	Pinaceae	Larix	BOLD_GENUS_BACKBONE
AY523444.1	Larix kaempferi	Larix kaempferi	Larix kaempferi	Tracheophyta	Pinopsida	Pinales	Pinaceae	Larix	BOLD_GENUS_BACKBONE
AY523445.1	Larix kaempferi	Larix kaempferi	Larix kaempferi	Tracheophyta	Pinopsida	Pinales	Pinaceae	Larix	BOLD_GENUS_BACKBONE
AY523446.1	Larix kaempferi	Larix kaempferi	Larix kaempferi	Tracheophyta	Pinopsida	Pinales	Pinaceae	Larix	BOLD_GENUS_BACKBONE
AY523447.1	Larix kaempferi	Larix kaempferi	Larix kaempferi	Tracheophyta	Pinopsida	Pinales	Pinaceae	Larix	BOLD_GENUS_BACKBONE
AF041345.1	Larix sibirica	Larix sibirica	Larix sibirica	Tracheophyta	Pinopsida	Pinales	Pinaceae	Larix	BOLD_GENUS_BACKBONE
AY523450.1	Larix sibirica	Larix sibirica	Larix sibirica	Tracheophyta	Pinopsida	Pinales	Pinaceae	Larix	BOLD_GENUS_BACKBONE
AY523451.1	Larix sibirica	Larix sibirica	Larix sibirica	Tracheophyta	Pinopsida	Pinales	Pinaceae	Larix	BOLD_GENUS_BACKBONE
AY523452.1	Larix sibirica	Larix sibirica	Larix sibirica	Tracheophyta	Pinopsida	Pinales	Pinaceae	Larix	BOLD_GENUS_BACKBONE
AY523453.1	Larix sibirica	Larix sibirica	Larix sibirica	Tracheophyta	Pinopsida	Pinales	Pinaceae	Larix	BOLD_GENUS_BACKBONE
AY603173.1	Larix sibirica	Larix sibirica	Larix sibirica	Tracheophyta	Pinopsida	Pinales	Pinaceae	Larix	BOLD_GENUS_BACKBONE
AY603174.1	Larix sibirica	Larix sibirica	Larix sibirica	Tracheophyta	Pinopsida	Pinales	Pinaceae	Larix	BOLD_GENUS_BACKBONE
AY603175.1	Larix sibirica	Larix sibirica	Larix sibirica	Tracheophyta	Pinopsida	Pinales	Pinaceae	Larix	BOLD_GENUS_BACKBONE
AY603176.1	Larix sibirica	Larix sibirica	Larix sibirica	Tracheophyta	Pinopsida	Pinales	Pinaceae	Larix	BOLD_GENUS_BACKBONE
AY603177.1	Larix sibirica	Larix sibirica	Larix sibirica	Tracheophyta	Pinopsida	Pinales	Pinaceae	Larix	BOLD_GENUS_BACKBONE
AY603178.1	Larix sibirica	Larix sibirica	Larix sibirica	Tracheophyta	Pinopsida	Pinales	Pinaceae	Larix	BOLD_GENUS_BACKBONE
AY603179.1	Larix sibirica	Larix sibirica	Larix sibirica	Tracheophyta	Pinopsida	Pinales	Pinaceae	Larix	BOLD_GENUS_BACKBONE
AY603180.1	Larix sibirica	Larix sibirica	Larix sibirica	Tracheophyta	Pinopsida	Pinales	Pinaceae	Larix	BOLD_GENUS_BACKBONE
AY603181.1	Larix sibirica	Larix sibirica	Larix sibirica	Tracheophyta	Pinopsida	Pinales	Pinaceae	Larix	BOLD_GENUS_BACKBONE
EU441958.1	Larix sibirica	Larix sibirica	Larix sibirica	Tracheophyta	Pinopsida	Pinales	Pinaceae	Larix	BOLD_GENUS_BACKBONE
EU441965.1	Larix sibirica	Larix sibirica	Larix sibirica	Tracheophyta	Pinopsida	Pinales	Pinaceae	Larix	BOLD_GENUS_BACKBONE
EU441966.1	Larix sibirica	Larix sibirica	Larix sibirica	Tracheophyta	Pinopsida	Pinales	Pinaceae	Larix	BOLD_GENUS_BACKBONE
EU441967.1	Larix sibirica	Larix sibirica	Larix sibirica	Tracheophyta	Pinopsida	Pinales	Pinaceae	Larix	BOLD_GENUS_BACKBONE
EU441968.1	Larix sibirica	Larix sibirica	Larix sibirica	Tracheophyta	Pinopsida	Pinales	Pinaceae	Larix	BOLD_GENUS_BACKBONE
EU441969.1	Larix sibirica	Larix sibirica	Larix sibirica	Tracheophyta	Pinopsida	Pinales	Pinaceae	Larix	BOLD_GENUS_BACKBONE
EU441970.1	Larix sibirica	Larix sibirica	Larix sibirica	Tracheophyta	Pinopsida	Pinales	Pinaceae	Larix	BOLD_GENUS_BACKBONE
EU441971.1	Larix sibirica	Larix sibirica	Larix sibirica	Tracheophyta	Pinopsida	Pinales	Pinaceae	Larix	BOLD_GENUS_BACKBONE
EU441972.1	Larix sibirica	Larix sibirica	Larix sibirica	Tracheophyta	Pinopsida	Pinales	Pinaceae	Larix	BOLD_GENUS_BACKBONE
EU441973.1	Larix sibirica	Larix sibirica	Larix sibirica	Tracheophyta	Pinopsida	Pinales	Pinaceae	Larix	BOLD_GENUS_BACKBONE
EU441974.1	Larix sibirica	Larix sibirica	Larix sibirica	Tracheophyta	Pinopsida	Pinales	Pinaceae	Larix	BOLD_GENUS_BACKBONE
EU441975.1	Larix sibirica	Larix sibirica	Larix sibirica	Tracheophyta	Pinopsida	Pinales	Pinaceae	Larix	BOLD_GENUS_BACKBONE
EU441976.1	Larix sibirica	Larix sibirica	Larix sibirica	Tracheophyta	Pinopsida	Pinales	Pinaceae	Larix	BOLD_GENUS_BACKBONE
EU441977.1	Larix sibirica	Larix sibirica	Larix sibirica	Tracheophyta	Pinopsida	Pinales	Pinaceae	Larix	BOLD_GENUS_BACKBONE
EU441979.1	Larix sibirica	Larix sibirica	Larix sibirica	Tracheophyta	Pinopsida	Pinales	Pinaceae	Larix	BOLD_GENUS_BACKBONE
EU441983.1	Larix sibirica	Larix sibirica	Larix sibirica	Tracheophyta	Pinopsida	Pinales	Pinaceae	Larix	BOLD_GENUS_BACKBONE
AF009123.2	Laser trilobum	Laser trilobum	Laser trilobum	Streptophyta	Magnoliopsida	Apiales	Apiaceae	Laser	NCBI_LINEAGE
KF160678.1	Laser trilobum	Laser trilobum	Laser trilobum	Streptophyta	Magnoliopsida	Apiales	Apiaceae	Laser	NCBI_LINEAGE
KT347638.1	Laser trilobum	Laser trilobum	Laser trilobum	Streptophyta	Magnoliopsida	Apiales	Apiaceae	Laser	NCBI_LINEAGE
FJ415153.1	Laserpitium archangelica	Laser archangelica	Laser archangelica	Streptophyta	Magnoliopsida	Apiales	Apiaceae	Laser	NCBI_LINEAGE
DQ435249.1	Laserpitium peucedanoides	Bunium fontanesii	Bunium fontanesii	Tracheophyta	Magnoliopsida	Apiales	Apiaceae	Bunium	BOLD_GENUS_BACKBONE
DQ435259.1	Laserpitium peucedanoides	Bunium fontanesii	Bunium fontanesii	Tracheophyta	Magnoliopsida	Apiales	Apiaceae	Bunium	BOLD_GENUS_BACKBONE
DQ443725.1	Laserpitium peucedanoides	Bunium fontanesii	Bunium fontanesii	Tracheophyta	Magnoliopsida	Apiales	Apiaceae	Bunium	BOLD_GENUS_BACKBONE
FJ415133.1	Laserpitium peucedanoides	Laserpitium peucedanoides	Laserpitium peucedanoides	Tracheophyta	Magnoliopsida	Apiales	Apiaceae	Laserpitium	BOLD_GENUS_BACKBONE
DQ311967.1	Lathyrus laevigatus	Lathyrus laevigatus	Lathyrus laevigatus	Tracheophyta	Magnoliopsida	Fabales	Fabaceae	Lathyrus	BOLD_GENUS_BACKBONE
JX506093.1	Lathyrus laevigatus	Lathyrus laevigatus	Lathyrus laevigatus	Tracheophyta	Magnoliopsida	Fabales	Fabaceae	Lathyrus	BOLD_GENUS_BACKBONE
JX506113.1	Lathyrus pannonicus	Lathyrus pannonicus	Lathyrus pannonicus	Tracheophyta	Magnoliopsida	Fabales	Fabaceae	Lathyrus	BOLD_GENUS_BACKBONE
JX506137.1	Lathyrus setifolius	Lathyrus setifolius	Lathyrus setifolius	Tracheophyta	Magnoliopsida	Fabales	Fabaceae	Lathyrus	BOLD_GENUS_BACKBONE
JX506138.1	Lathyrus setifolius	Lathyrus setifolius	Lathyrus setifolius	Tracheophyta	Magnoliopsida	Fabales	Fabaceae	Lathyrus	BOLD_GENUS_BACKBONE
JX506153.1	Lathyrus venetus	Lathyrus venetus	Lathyrus venetus	Tracheophyta	Magnoliopsida	Fabales	Fabaceae	Lathyrus	BOLD_GENUS_BACKBONE
AY331478.1	Legousia speculum-veneris	Legousia speculum-veneris	Legousia speculum-veneris	Tracheophyta	Magnoliopsida	Asterales	Campanulaceae	Legousia	BOLD_GENUS_BACKBONE
DQ289654.1	Lembotropis nigricans	Cytisus nigricans	Cytisus nigricans	Tracheophyta	Magnoliopsida	Fabales	Fabaceae	Cytisus	BOLD_GENUS_BACKBONE
EF457700.1	Lembotropis nigricans	Cytisus nigricans	Cytisus nigricans	Tracheophyta	Magnoliopsida	Fabales	Fabaceae	Cytisus	BOLD_GENUS_BACKBONE
Z72245.1	Lembotropis nigricans	Cytisus nigricans	Cytisus nigricans	Tracheophyta	Magnoliopsida	Fabales	Fabaceae	Cytisus	BOLD_GENUS_BACKBONE
KJ400887.1	Lemna minor	Lemna minor	Lemna minor	Tracheophyta	Liliopsida	Alismatales	Araceae	Lemna	BOLD_GENUS_BACKBONE
KJ400888.1	Lemna minor	Lemna minor	Lemna minor	Tracheophyta	Liliopsida	Alismatales	Araceae	Lemna	BOLD_GENUS_BACKBONE
KJ400892.1	Lemna minuta	Lemna minuta	Lemna minuta	Tracheophyta	Liliopsida	Alismatales	Araceae	Lemna	BOLD_GENUS_BACKBONE
KJ400893.1	Lemna minuta	Lemna minuta	Lemna minuta	Tracheophyta	Liliopsida	Alismatales	Araceae	Lemna	BOLD_GENUS_BACKBONE
AF335222.1	Lens culinaris	Lens culinaris	Lens culinaris	Tracheophyta	Magnoliopsida	Fabales	Fabaceae	Lens	BOLD_GENUS_BACKBONE
AF432169.1	Lens culinaris	Lens culinaris subsp. tomentosus	Lens culinaris	Tracheophyta	Magnoliopsida	Fabales	Fabaceae	Lens	BOLD_GENUS_BACKBONE
JX506157.1	Lens culinaris	Lens culinaris	Lens culinaris	Tracheophyta	Magnoliopsida	Fabales	Fabaceae	Lens	BOLD_GENUS_BACKBONE
PX387166.1	Lens culinaris	Lens culinaris	Lens culinaris	Tracheophyta	Magnoliopsida	Fabales	Fabaceae	Lens	BOLD_GENUS_BACKBONE
GQ494881.1	Leontodon autumnalis	Scorzoneroides autumnalis	Scorzoneroides autumnalis	Streptophyta	Magnoliopsida	Asterales	Asteraceae	Scorzoneroides	NCBI_LINEAGE
GQ494882.1	Leontodon autumnalis	Scorzoneroides autumnalis	Scorzoneroides autumnalis	Streptophyta	Magnoliopsida	Asterales	Asteraceae	Scorzoneroides	NCBI_LINEAGE
KT249821.1	Leontodon autumnalis	Scorzoneroides autumnalis	Scorzoneroides autumnalis	Streptophyta	Magnoliopsida	Asterales	Asteraceae	Scorzoneroides	NCBI_LINEAGE
KT249822.1	Leontodon autumnalis	Scorzoneroides autumnalis	Scorzoneroides autumnalis	Streptophyta	Magnoliopsida	Asterales	Asteraceae	Scorzoneroides	NCBI_LINEAGE
KT249823.1	Leontodon autumnalis	Scorzoneroides autumnalis	Scorzoneroides autumnalis	Streptophyta	Magnoliopsida	Asterales	Asteraceae	Scorzoneroides	NCBI_LINEAGE
GQ494899.1	Leontodon montanus	Scorzoneroides montana	Scorzoneroides montana	Streptophyta	Magnoliopsida	Asterales	Asteraceae	Scorzoneroides	NCBI_LINEAGE
GQ494900.1	Leontodon montanus	Scorzoneroides montana	Scorzoneroides montana	Streptophyta	Magnoliopsida	Asterales	Asteraceae	Scorzoneroides	NCBI_LINEAGE
AM991722.1	Lepidium graminifolium	Lepidium graminifolium	Lepidium graminifolium	Tracheophyta	Magnoliopsida	Brassicales	Brassicaceae	Lepidium	BOLD_GENUS_BACKBONE
AF516155.1	Lescuraea plicata	Lescuraea plicata	Lescuraea plicata	Bryophyta	Bryopsida	Hypnales	Pseudoleskeaceae	Lescuraea	BOLD_GENUS_BACKBONE
KT862261.1	Lewinskya acuminata	Lewinskya acuminata	Lewinskya acuminata	Bryophyta	Bryopsida	Orthotrichales	Orthotrichaceae	Lewinskya	BOLD_GENUS_BACKBONE
KT862262.1	Lewinskya acuminata	Lewinskya acuminata	Lewinskya acuminata	Bryophyta	Bryopsida	Orthotrichales	Orthotrichaceae	Lewinskya	BOLD_GENUS_BACKBONE
KT862263.1	Lewinskya acuminata	Lewinskya acuminata	Lewinskya acuminata	Bryophyta	Bryopsida	Orthotrichales	Orthotrichaceae	Lewinskya	BOLD_GENUS_BACKBONE
KT862264.1	Lewinskya acuminata	Lewinskya acuminata	Lewinskya acuminata	Bryophyta	Bryopsida	Orthotrichales	Orthotrichaceae	Lewinskya	BOLD_GENUS_BACKBONE
KT862265.1	Lewinskya acuminata	Lewinskya acuminata	Lewinskya acuminata	Bryophyta	Bryopsida	Orthotrichales	Orthotrichaceae	Lewinskya	BOLD_GENUS_BACKBONE
KT862266.1	Lewinskya acuminata	Lewinskya acuminata	Lewinskya acuminata	Bryophyta	Bryopsida	Orthotrichales	Orthotrichaceae	Lewinskya	BOLD_GENUS_BACKBONE
KT862267.1	Lewinskya acuminata	Lewinskya acuminata	Lewinskya acuminata	Bryophyta	Bryopsida	Orthotrichales	Orthotrichaceae	Lewinskya	BOLD_GENUS_BACKBONE
KT862268.1	Lewinskya acuminata	Lewinskya acuminata	Lewinskya acuminata	Bryophyta	Bryopsida	Orthotrichales	Orthotrichaceae	Lewinskya	BOLD_GENUS_BACKBONE
KT862269.1	Lewinskya acuminata	Lewinskya acuminata	Lewinskya acuminata	Bryophyta	Bryopsida	Orthotrichales	Orthotrichaceae	Lewinskya	BOLD_GENUS_BACKBONE
KT862270.1	Lewinskya acuminata	Lewinskya acuminata	Lewinskya acuminata	Bryophyta	Bryopsida	Orthotrichales	Orthotrichaceae	Lewinskya	BOLD_GENUS_BACKBONE
KT862271.1	Lewinskya acuminata	Lewinskya acuminata	Lewinskya acuminata	Bryophyta	Bryopsida	Orthotrichales	Orthotrichaceae	Lewinskya	BOLD_GENUS_BACKBONE
KT862272.1	Lewinskya acuminata	Lewinskya acuminata	Lewinskya acuminata	Bryophyta	Bryopsida	Orthotrichales	Orthotrichaceae	Lewinskya	BOLD_GENUS_BACKBONE
KT862273.1	Lewinskya acuminata	Lewinskya acuminata	Lewinskya acuminata	Bryophyta	Bryopsida	Orthotrichales	Orthotrichaceae	Lewinskya	BOLD_GENUS_BACKBONE
KT862274.1	Lewinskya acuminata	Lewinskya acuminata	Lewinskya acuminata	Bryophyta	Bryopsida	Orthotrichales	Orthotrichaceae	Lewinskya	BOLD_GENUS_BACKBONE
KT862275.1	Lewinskya acuminata	Lewinskya acuminata	Lewinskya acuminata	Bryophyta	Bryopsida	Orthotrichales	Orthotrichaceae	Lewinskya	BOLD_GENUS_BACKBONE
JX481133.1	Linaria angustissima	Linaria angustissima	Linaria angustissima	Tracheophyta	Magnoliopsida	Lamiales	Plantaginaceae	Linaria	BOLD_GENUS_BACKBONE
EU307117.1	Linum usitatissimum	Linum usitatissimum	Linum usitatissimum	Tracheophyta	Magnoliopsida	Malpighiales	Linaceae	Linum	BOLD_GENUS_BACKBONE
MF096454.1	Linum usitatissimum	Linum usitatissimum	Linum usitatissimum	Tracheophyta	Magnoliopsida	Malpighiales	Linaceae	Linum	BOLD_GENUS_BACKBONE
MF096455.1	Linum usitatissimum	Linum usitatissimum	Linum usitatissimum	Tracheophyta	Magnoliopsida	Malpighiales	Linaceae	Linum	BOLD_GENUS_BACKBONE
MF096456.1	Linum usitatissimum	Linum usitatissimum	Linum usitatissimum	Tracheophyta	Magnoliopsida	Malpighiales	Linaceae	Linum	BOLD_GENUS_BACKBONE
MF096457.1	Linum usitatissimum	Linum usitatissimum	Linum usitatissimum	Tracheophyta	Magnoliopsida	Malpighiales	Linaceae	Linum	BOLD_GENUS_BACKBONE
MF096458.1	Linum usitatissimum	Linum usitatissimum	Linum usitatissimum	Tracheophyta	Magnoliopsida	Malpighiales	Linaceae	Linum	BOLD_GENUS_BACKBONE
MF802942.1	Linum usitatissimum	Linum usitatissimum	Linum usitatissimum	Tracheophyta	Magnoliopsida	Malpighiales	Linaceae	Linum	BOLD_GENUS_BACKBONE
MF802943.1	Linum usitatissimum	Linum usitatissimum	Linum usitatissimum	Tracheophyta	Magnoliopsida	Malpighiales	Linaceae	Linum	BOLD_GENUS_BACKBONE
MF802944.1	Linum usitatissimum	Linum usitatissimum	Linum usitatissimum	Tracheophyta	Magnoliopsida	Malpighiales	Linaceae	Linum	BOLD_GENUS_BACKBONE
PX387174.1	Linum usitatissimum	Linum usitatissimum	Linum usitatissimum	Tracheophyta	Magnoliopsida	Malpighiales	Linaceae	Linum	BOLD_GENUS_BACKBONE
KF516109.1	Liochlaena subulata	Liochlaena subulata	Liochlaena subulata	Marchantiophyta	Jungermanniopsida	Jungermanniales	Jungermanniaceae	Liochlaena	BOLD_GENUS_BACKBONE
KF516110.1	Liochlaena subulata	Liochlaena subulata	Liochlaena subulata	Marchantiophyta	Jungermanniopsida	Jungermanniales	Jungermanniaceae	Liochlaena	BOLD_GENUS_BACKBONE
KF516111.1	Liochlaena subulata	Liochlaena subulata	Liochlaena subulata	Marchantiophyta	Jungermanniopsida	Jungermanniales	Jungermanniaceae	Liochlaena	BOLD_GENUS_BACKBONE
KF516112.1	Liochlaena subulata	Liochlaena subulata	Liochlaena subulata	Marchantiophyta	Jungermanniopsida	Jungermanniales	Jungermanniaceae	Liochlaena	BOLD_GENUS_BACKBONE
KF516113.1	Liochlaena subulata	Liochlaena subulata	Liochlaena subulata	Marchantiophyta	Jungermanniopsida	Jungermanniales	Jungermanniaceae	Liochlaena	BOLD_GENUS_BACKBONE
KF516114.1	Liochlaena subulata	Liochlaena subulata	Liochlaena subulata	Marchantiophyta	Jungermanniopsida	Jungermanniales	Jungermanniaceae	Liochlaena	BOLD_GENUS_BACKBONE
KF516115.1	Liochlaena subulata	Liochlaena subulata	Liochlaena subulata	Marchantiophyta	Jungermanniopsida	Jungermanniales	Jungermanniaceae	Liochlaena	BOLD_GENUS_BACKBONE
KF516131.1	Liochlaena subulata	Liochlaena subulata	Liochlaena subulata	Marchantiophyta	Jungermanniopsida	Jungermanniales	Jungermanniaceae	Liochlaena	BOLD_GENUS_BACKBONE
KF516132.1	Liochlaena subulata	Liochlaena subulata	Liochlaena subulata	Marchantiophyta	Jungermanniopsida	Jungermanniales	Jungermanniaceae	Liochlaena	BOLD_GENUS_BACKBONE
KJ206419.1	Liochlaena subulata	Liochlaena subulata	Liochlaena subulata	Marchantiophyta	Jungermanniopsida	Jungermanniales	Jungermanniaceae	Liochlaena	BOLD_GENUS_BACKBONE
AF055886.1	Liquidambar styraciflua	Liquidambar styraciflua	Liquidambar styraciflua	Streptophyta	Magnoliopsida	Saxifragales	Altingiaceae	Liquidambar	NCBI_LINEAGE
AF133227.1	Liquidambar styraciflua	Liquidambar styraciflua	Liquidambar styraciflua	Streptophyta	Magnoliopsida	Saxifragales	Altingiaceae	Liquidambar	NCBI_LINEAGE
AF133228.1	Liquidambar styraciflua	Liquidambar styraciflua	Liquidambar styraciflua	Streptophyta	Magnoliopsida	Saxifragales	Altingiaceae	Liquidambar	NCBI_LINEAGE
EU646183.1	Liquidambar styraciflua	Liquidambar styraciflua	Liquidambar styraciflua	Streptophyta	Magnoliopsida	Saxifragales	Altingiaceae	Liquidambar	NCBI_LINEAGE
JN999304.1	Listera cordata	Neottia cordata	Neottia cordata	Tracheophyta	Liliopsida	Asparagales	Orchidaceae	Neottia	BOLD_GENUS_BACKBONE
EU912092.1	Lloydia serotina	Gagea serotina	Gagea serotina	Tracheophyta	Liliopsida	Liliales	Liliaceae	Gagea	BOLD_GENUS_BACKBONE
JN999279.1	Loiseleuria procumbens	Kalmia procumbens	Kalmia procumbens	Streptophyta	Magnoliopsida	Ericales	Ericaceae	Kalmia	NCBI_LINEAGE
DQ166226.1	Lotus borbasii	Lotus borbasii	Lotus borbasii	Tracheophyta	Magnoliopsida	Fabales	Fabaceae	Lotus	BOLD_GENUS_BACKBONE
KT250893.1	Lotus ornithopodioides	Lotus ornithopodioides	Lotus ornithopodioides	Tracheophyta	Magnoliopsida	Fabales	Fabaceae	Lotus	BOLD_GENUS_BACKBONE
DQ160273.1	Lotus uliginosus	Lotus uliginosus	Lotus uliginosus	Tracheophyta	Magnoliopsida	Fabales	Fabaceae	Lotus	BOLD_GENUS_BACKBONE
KT250922.1	Lotus uliginosus	Lotus uliginosus	Lotus uliginosus	Tracheophyta	Magnoliopsida	Fabales	Fabaceae	Lotus	BOLD_GENUS_BACKBONE
KT250923.1	Lotus uliginosus	Lotus uliginosus	Lotus uliginosus	Tracheophyta	Magnoliopsida	Fabales	Fabaceae	Lotus	BOLD_GENUS_BACKBONE
GQ424543.1	Lunaria rediviva	Lunaria rediviva	Lunaria rediviva	Tracheophyta	Magnoliopsida	Brassicales	Brassicaceae	Lunaria	BOLD_GENUS_BACKBONE
KJ918497.1	Lychnis flos-cuculi	Silene flos-cuculi	Silene flos-cuculi	Tracheophyta	Magnoliopsida	Caryophyllales	Caryophyllaceae	Silene	BOLD_GENUS_BACKBONE
U30983.1	Lychnis flos-cuculi	Silene flos-cuculi	Silene flos-cuculi	Tracheophyta	Magnoliopsida	Caryophyllales	Caryophyllaceae	Silene	BOLD_GENUS_BACKBONE
AF338755.1	Lycopodium annotinum	Spinulum annotinum	Spinulum annotinum	Streptophyta	Lycopodiopsida	Lycopodiales	Lycopodiaceae	Spinulum	NCBI_LINEAGE
KF977441.1	Lycopodium annotinum	Spinulum annotinum	Spinulum annotinum	Streptophyta	Lycopodiopsida	Lycopodiales	Lycopodiaceae	Spinulum	NCBI_LINEAGE
MN990522.1	Magnolia grandiflora	Magnolia grandiflora	Magnolia grandiflora	Streptophyta	Magnoliopsida	Magnoliales	Magnoliaceae	Magnolia	NCBI_LINEAGE
MN990563.1	Magnolia kobus	Magnolia kobus	Magnolia kobus	Streptophyta	Magnoliopsida	Magnoliales	Magnoliaceae	Magnolia	NCBI_LINEAGE
MN990498.1	Magnolia obovata	Magnolia obovata	Magnolia obovata	Streptophyta	Magnoliopsida	Magnoliales	Magnoliaceae	Magnolia	NCBI_LINEAGE
KP056802.1	Mahonia bealei	Berberis bealei	Berberis bealei	Tracheophyta	Magnoliopsida	Ranunculales	Berberidaceae	Berberis	BOLD_GENUS_BACKBONE
KP056803.1	Mahonia bealei	Berberis bealei	Berberis bealei	Tracheophyta	Magnoliopsida	Ranunculales	Berberidaceae	Berberis	BOLD_GENUS_BACKBONE
KP056804.1	Mahonia bealei	Berberis bealei	Berberis bealei	Tracheophyta	Magnoliopsida	Ranunculales	Berberidaceae	Berberis	BOLD_GENUS_BACKBONE
KP056805.1	Mahonia bealei	Berberis bealei	Berberis bealei	Tracheophyta	Magnoliopsida	Ranunculales	Berberidaceae	Berberis	BOLD_GENUS_BACKBONE
KP056806.1	Mahonia bealei	Berberis bealei	Berberis bealei	Tracheophyta	Magnoliopsida	Ranunculales	Berberidaceae	Berberis	BOLD_GENUS_BACKBONE
KT972671.1	Mahonia bealei	Berberis bealei	Berberis bealei	Tracheophyta	Magnoliopsida	Ranunculales	Berberidaceae	Berberis	BOLD_GENUS_BACKBONE
KT972672.1	Mahonia bealei	Berberis bealei	Berberis bealei	Tracheophyta	Magnoliopsida	Ranunculales	Berberidaceae	Berberis	BOLD_GENUS_BACKBONE
KT972673.1	Mahonia bealei	Berberis bealei	Berberis bealei	Tracheophyta	Magnoliopsida	Ranunculales	Berberidaceae	Berberis	BOLD_GENUS_BACKBONE
KT972674.1	Mahonia bealei	Berberis bealei	Berberis bealei	Tracheophyta	Magnoliopsida	Ranunculales	Berberidaceae	Berberis	BOLD_GENUS_BACKBONE
KT972675.1	Mahonia bealei	Berberis bealei	Berberis bealei	Tracheophyta	Magnoliopsida	Ranunculales	Berberidaceae	Berberis	BOLD_GENUS_BACKBONE
KT972676.1	Mahonia bealei	Berberis bealei	Berberis bealei	Tracheophyta	Magnoliopsida	Ranunculales	Berberidaceae	Berberis	BOLD_GENUS_BACKBONE
KT972677.1	Mahonia bealei	Berberis bealei	Berberis bealei	Tracheophyta	Magnoliopsida	Ranunculales	Berberidaceae	Berberis	BOLD_GENUS_BACKBONE
KT972678.1	Mahonia bealei	Berberis bealei	Berberis bealei	Tracheophyta	Magnoliopsida	Ranunculales	Berberidaceae	Berberis	BOLD_GENUS_BACKBONE
KT972679.1	Mahonia bealei	Berberis bealei	Berberis bealei	Tracheophyta	Magnoliopsida	Ranunculales	Berberidaceae	Berberis	BOLD_GENUS_BACKBONE
KX549413.1	Mahonia bealei	Berberis bealei	Berberis bealei	Tracheophyta	Magnoliopsida	Ranunculales	Berberidaceae	Berberis	BOLD_GENUS_BACKBONE
KX810053.1	Mahonia bealei	Berberis bealei	Berberis bealei	Tracheophyta	Magnoliopsida	Ranunculales	Berberidaceae	Berberis	BOLD_GENUS_BACKBONE
KY223642.1	Mahonia bealei	Berberis bealei	Berberis bealei	Tracheophyta	Magnoliopsida	Ranunculales	Berberidaceae	Berberis	BOLD_GENUS_BACKBONE
MF349117.1	Mahonia bealei	Berberis bealei	Berberis bealei	Tracheophyta	Magnoliopsida	Ranunculales	Berberidaceae	Berberis	BOLD_GENUS_BACKBONE
MK524266.1	Mahonia bealei	Berberis bealei	Berberis bealei	Tracheophyta	Magnoliopsida	Ranunculales	Berberidaceae	Berberis	BOLD_GENUS_BACKBONE
AF448792.1	Marsilea quadrifolia	Marsilea quadrifolia	Marsilea quadrifolia	Streptophyta	Polypodiopsida	Salviniales	Marsileaceae	Marsilea	NCBI_LINEAGE
AB683338.1	Matricaria perforata	Tripleurospermum inodorum	Tripleurospermum inodorum	Streptophyta	Magnoliopsida	Asterales	Asteraceae	Tripleurospermum	NCBI_LINEAGE
AF155314.1	Matricaria perforata	Tripleurospermum inodorum	Tripleurospermum inodorum	Streptophyta	Magnoliopsida	Asterales	Asteraceae	Tripleurospermum	NCBI_LINEAGE
JF907423.1	Matricaria perforata	Tripleurospermum inodorum	Tripleurospermum inodorum	Streptophyta	Magnoliopsida	Asterales	Asteraceae	Tripleurospermum	NCBI_LINEAGE
AJ628340.1	Matthiola incana	Matthiola incana	Matthiola incana	Streptophyta	Magnoliopsida	Brassicales	Brassicaceae	Matthiola	NCBI_LINEAGE
KF022689.1	Matthiola incana	Matthiola incana	Matthiola incana	Streptophyta	Magnoliopsida	Brassicales	Brassicaceae	Matthiola	NCBI_LINEAGE
AF028437.1	Medicago carstiensis	Medicago carstiensis	Medicago carstiensis	Tracheophyta	Magnoliopsida	Fabales	Fabaceae	Medicago	BOLD_GENUS_BACKBONE
Z99226.1	Medicago carstiensis	Medicago carstiensis	Medicago carstiensis	Tracheophyta	Magnoliopsida	Fabales	Fabaceae	Medicago	BOLD_GENUS_BACKBONE
AF028456.1	Medicago orbicularis	Medicago orbicularis	Medicago orbicularis	Tracheophyta	Magnoliopsida	Fabales	Fabaceae	Medicago	BOLD_GENUS_BACKBONE
Z97691.1	Medicago orbicularis	Medicago orbicularis	Medicago orbicularis	Tracheophyta	Magnoliopsida	Fabales	Fabaceae	Medicago	BOLD_GENUS_BACKBONE
AF028462.1	Medicago prostrata	Medicago prostrata	Medicago prostrata	Tracheophyta	Magnoliopsida	Fabales	Fabaceae	Medicago	BOLD_GENUS_BACKBONE
AF028466.1	Medicago rigidula	Medicago rigidula	Medicago rigidula	Tracheophyta	Magnoliopsida	Fabales	Fabaceae	Medicago	BOLD_GENUS_BACKBONE
KX027582.1	Medicago rigidula	Medicago rigidula	Medicago rigidula	Tracheophyta	Magnoliopsida	Fabales	Fabaceae	Medicago	BOLD_GENUS_BACKBONE
KX027589.1	Medicago rigidula	Medicago rigidula	Medicago rigidula	Tracheophyta	Magnoliopsida	Fabales	Fabaceae	Medicago	BOLD_GENUS_BACKBONE
Z92933.1	Medicago rigidula	Medicago rigidula	Medicago rigidula	Tracheophyta	Magnoliopsida	Fabales	Fabaceae	Medicago	BOLD_GENUS_BACKBONE
AF028424.1	Medicago truncatula	Medicago truncatula	Medicago truncatula	Tracheophyta	Magnoliopsida	Fabales	Fabaceae	Medicago	BOLD_GENUS_BACKBONE
AF074399.1	Medicago truncatula	Medicago truncatula	Medicago truncatula	Tracheophyta	Magnoliopsida	Fabales	Fabaceae	Medicago	BOLD_GENUS_BACKBONE
AF233339.1	Medicago truncatula	Medicago truncatula	Medicago truncatula	Tracheophyta	Magnoliopsida	Fabales	Fabaceae	Medicago	BOLD_GENUS_BACKBONE
AF246139.1	Medicago truncatula	Medicago truncatula	Medicago truncatula	Tracheophyta	Magnoliopsida	Fabales	Fabaceae	Medicago	BOLD_GENUS_BACKBONE
AF246140.1	Medicago truncatula	Medicago truncatula	Medicago truncatula	Tracheophyta	Magnoliopsida	Fabales	Fabaceae	Medicago	BOLD_GENUS_BACKBONE
DQ311983.1	Medicago truncatula	Medicago truncatula	Medicago truncatula	Tracheophyta	Magnoliopsida	Fabales	Fabaceae	Medicago	BOLD_GENUS_BACKBONE
JQ858260.1	Medicago truncatula	Medicago truncatula	Medicago truncatula	Tracheophyta	Magnoliopsida	Fabales	Fabaceae	Medicago	BOLD_GENUS_BACKBONE
Z92936.1	Medicago truncatula	Medicago truncatula	Medicago truncatula	Tracheophyta	Magnoliopsida	Fabales	Fabaceae	Medicago	BOLD_GENUS_BACKBONE
JN832685.1	Melica picta	Melica picta	Melica picta	Tracheophyta	Liliopsida	Poales	Poaceae	Melica	BOLD_GENUS_BACKBONE
Z97688.1	Melilotus italicus	Melilotus italicus	Melilotus italicus	Tracheophyta	Magnoliopsida	Fabales	Fabaceae	Melilotus	BOLD_GENUS_BACKBONE
EU791841.1	Mesoptychia badensis	Mesoptychia badensis	Mesoptychia badensis	Marchantiophyta	Jungermanniopsida	Jungermanniales	Jungermanniaceae	Mesoptychia	BOLD_GENUS_BACKBONE
KJ206387.1	Mesoptychia badensis	Mesoptychia badensis	Mesoptychia badensis	Marchantiophyta	Jungermanniopsida	Jungermanniales	Jungermanniaceae	Mesoptychia	BOLD_GENUS_BACKBONE
KJ206383.1	Mesoptychia collaris	Mesoptychia collaris	Mesoptychia collaris	Marchantiophyta	Jungermanniopsida	Jungermanniales	Jungermanniaceae	Mesoptychia	BOLD_GENUS_BACKBONE
KJ206384.1	Mesoptychia collaris	Mesoptychia collaris	Mesoptychia collaris	Marchantiophyta	Jungermanniopsida	Jungermanniales	Jungermanniaceae	Mesoptychia	BOLD_GENUS_BACKBONE
KJ206385.1	Mesoptychia collaris	Mesoptychia collaris	Mesoptychia collaris	Marchantiophyta	Jungermanniopsida	Jungermanniales	Jungermanniaceae	Mesoptychia	BOLD_GENUS_BACKBONE
KJ206386.1	Mesoptychia collaris	Mesoptychia collaris	Mesoptychia collaris	Marchantiophyta	Jungermanniopsida	Jungermanniales	Jungermanniaceae	Mesoptychia	BOLD_GENUS_BACKBONE
KC173735.1	Mespilus germanica	Mespilus germanica	Mespilus germanica	Streptophyta	Magnoliopsida	Rosales	Rosaceae	Mespilus	NCBI_LINEAGE
KC173736.1	Mespilus germanica	Mespilus germanica	Mespilus germanica	Streptophyta	Magnoliopsida	Rosales	Rosaceae	Mespilus	NCBI_LINEAGE
KC173737.1	Mespilus germanica	Mespilus germanica	Mespilus germanica	Streptophyta	Magnoliopsida	Rosales	Rosaceae	Mespilus	NCBI_LINEAGE
KC173738.1	Mespilus germanica	Mespilus germanica	Mespilus germanica	Streptophyta	Magnoliopsida	Rosales	Rosaceae	Mespilus	NCBI_LINEAGE
KC173739.1	Mespilus germanica	Mespilus germanica	Mespilus germanica	Streptophyta	Magnoliopsida	Rosales	Rosaceae	Mespilus	NCBI_LINEAGE
KC173740.1	Mespilus germanica	Mespilus germanica	Mespilus germanica	Streptophyta	Magnoliopsida	Rosales	Rosaceae	Mespilus	NCBI_LINEAGE
KC173741.1	Mespilus germanica	Mespilus germanica	Mespilus germanica	Streptophyta	Magnoliopsida	Rosales	Rosaceae	Mespilus	NCBI_LINEAGE
KC173742.1	Mespilus germanica	Mespilus germanica	Mespilus germanica	Streptophyta	Magnoliopsida	Rosales	Rosaceae	Mespilus	NCBI_LINEAGE
KC173743.1	Mespilus germanica	Mespilus germanica	Mespilus germanica	Streptophyta	Magnoliopsida	Rosales	Rosaceae	Mespilus	NCBI_LINEAGE
KC173744.1	Mespilus germanica	Mespilus germanica	Mespilus germanica	Streptophyta	Magnoliopsida	Rosales	Rosaceae	Mespilus	NCBI_LINEAGE
KC173745.1	Mespilus germanica	Mespilus germanica	Mespilus germanica	Streptophyta	Magnoliopsida	Rosales	Rosaceae	Mespilus	NCBI_LINEAGE
MN215986.1	Mespilus germanica	Mespilus germanica	Mespilus germanica	Streptophyta	Magnoliopsida	Rosales	Rosaceae	Mespilus	NCBI_LINEAGE
AF387526.1	Metasequoia glyptostroboides	Metasequoia glyptostroboides	Metasequoia glyptostroboides	Streptophyta	Pinopsida	Cupressales	Cupressaceae	Metasequoia	NCBI_LINEAGE
AF387527.1	Metasequoia glyptostroboides	Metasequoia glyptostroboides	Metasequoia glyptostroboides	Streptophyta	Pinopsida	Cupressales	Cupressaceae	Metasequoia	NCBI_LINEAGE
AF387528.1	Metasequoia glyptostroboides	Metasequoia glyptostroboides	Metasequoia glyptostroboides	Streptophyta	Pinopsida	Cupressales	Cupressaceae	Metasequoia	NCBI_LINEAGE
AF387529.1	Metasequoia glyptostroboides	Metasequoia glyptostroboides	Metasequoia glyptostroboides	Streptophyta	Pinopsida	Cupressales	Cupressaceae	Metasequoia	NCBI_LINEAGE
AF387530.1	Metasequoia glyptostroboides	Metasequoia glyptostroboides	Metasequoia glyptostroboides	Streptophyta	Pinopsida	Cupressales	Cupressaceae	Metasequoia	NCBI_LINEAGE
MF348973.1	Metasequoia glyptostroboides	Metasequoia glyptostroboides	Metasequoia glyptostroboides	Streptophyta	Pinopsida	Cupressales	Cupressaceae	Metasequoia	NCBI_LINEAGE
MH613459.1	Microhypnum sauteri	Microhypnum sauteri	Microhypnum sauteri	Streptophyta	Bryopsida	Hypnales	Amblystegiaceae	Microhypnum	NCBI_LINEAGE
MH613460.1	Microhypnum sauteri	Microhypnum sauteri	Microhypnum sauteri	Streptophyta	Bryopsida	Hypnales	Amblystegiaceae	Microhypnum	NCBI_LINEAGE
MK211872.1	Microhypnum sauteri	Microhypnum sauteri	Microhypnum sauteri	Streptophyta	Bryopsida	Hypnales	Amblystegiaceae	Microhypnum	NCBI_LINEAGE
MK095641.1	Microrrhinum litorale	Microrrhinum litorale	Microrrhinum litorale	Streptophyta	Magnoliopsida	Lamiales	Plantaginaceae	Microrrhinum	NCBI_LINEAGE
AY880227.1	Microrrhinum minus	Chaenorhinum minus	Chaenorhinum minus	Streptophyta	Magnoliopsida	Lamiales	Plantaginaceae	Chaenorhinum	NCBI_LINEAGE
KX061032.1	Microrrhinum minus	Chaenorhinum minus	Chaenorhinum minus	Streptophyta	Magnoliopsida	Lamiales	Plantaginaceae	Chaenorhinum	NCBI_LINEAGE
AF478927.1	Mimulus guttatus	Erythranthe guttata	Erythranthe guttata	Streptophyta	Magnoliopsida	Lamiales	Phrymaceae	Erythranthe	NCBI_LINEAGE
AY575439.1	Mimulus guttatus	Erythranthe guttata	Erythranthe guttata	Streptophyta	Magnoliopsida	Lamiales	Phrymaceae	Erythranthe	NCBI_LINEAGE
AY575428.1	Mimulus moschatus	Erythranthe moschata	Erythranthe moschata	Streptophyta	Magnoliopsida	Lamiales	Phrymaceae	Erythranthe	NCBI_LINEAGE
KF737443.1	Minuartia austriaca	Sabulina austriaca	Sabulina austriaca	Streptophyta	Magnoliopsida	Caryophyllales	Caryophyllaceae	Sabulina	NCBI_LINEAGE
KF737508.1	Minuartia austriaca	Sabulina austriaca	Sabulina austriaca	Streptophyta	Magnoliopsida	Caryophyllales	Caryophyllaceae	Sabulina	NCBI_LINEAGE
KC958801.1	Minuartia capillacea	Cherleria capillacea	Cherleria capillacea	Streptophyta	Magnoliopsida	Caryophyllales	Caryophyllaceae	Cherleria	NCBI_LINEAGE
KC958802.1	Minuartia capillacea	Cherleria capillacea	Cherleria capillacea	Streptophyta	Magnoliopsida	Caryophyllales	Caryophyllaceae	Cherleria	NCBI_LINEAGE
KC958803.1	Minuartia capillacea	Cherleria capillacea	Cherleria capillacea	Streptophyta	Magnoliopsida	Caryophyllales	Caryophyllaceae	Cherleria	NCBI_LINEAGE
KC958804.1	Minuartia capillacea	Cherleria capillacea	Cherleria capillacea	Streptophyta	Magnoliopsida	Caryophyllales	Caryophyllaceae	Cherleria	NCBI_LINEAGE
KC958805.1	Minuartia capillacea	Cherleria capillacea	Cherleria capillacea	Streptophyta	Magnoliopsida	Caryophyllales	Caryophyllaceae	Cherleria	NCBI_LINEAGE
KC958806.1	Minuartia capillacea	Cherleria capillacea	Cherleria capillacea	Streptophyta	Magnoliopsida	Caryophyllales	Caryophyllaceae	Cherleria	NCBI_LINEAGE
KF737519.1	Minuartia glaucina	Sabulina glaucina	Sabulina glaucina	Streptophyta	Magnoliopsida	Caryophyllales	Caryophyllaceae	Sabulina	NCBI_LINEAGE
KF737532.1	Minuartia glaucina	Sabulina glaucina	Sabulina glaucina	Streptophyta	Magnoliopsida	Caryophyllales	Caryophyllaceae	Sabulina	NCBI_LINEAGE
KF737553.1	Minuartia glaucina	Sabulina glaucina	Sabulina glaucina	Streptophyta	Magnoliopsida	Caryophyllales	Caryophyllaceae	Sabulina	NCBI_LINEAGE
KF737417.1	Minuartia hybrida	Sabulina tenuifolia	Sabulina tenuifolia	Streptophyta	Magnoliopsida	Caryophyllales	Caryophyllaceae	Sabulina	NCBI_LINEAGE
KF737419.1	Minuartia hybrida	Sabulina tenuifolia	Sabulina tenuifolia	Streptophyta	Magnoliopsida	Caryophyllales	Caryophyllaceae	Sabulina	NCBI_LINEAGE
KF737505.1	Minuartia hybrida	Sabulina tenuifolia	Sabulina tenuifolia	Streptophyta	Magnoliopsida	Caryophyllales	Caryophyllaceae	Sabulina	NCBI_LINEAGE
KF737510.1	Minuartia hybrida	Sabulina tenuifolia	Sabulina tenuifolia	Streptophyta	Magnoliopsida	Caryophyllales	Caryophyllaceae	Sabulina	NCBI_LINEAGE
AY936237.1	Minuartia rupestris	Facchinia rupestris	Facchinia rupestris	Streptophyta	Magnoliopsida	Caryophyllales	Caryophyllaceae	Facchinia	NCBI_LINEAGE
KY817662.1	Minuartia rupestris	Facchinia rupestris	Facchinia rupestris	Streptophyta	Magnoliopsida	Caryophyllales	Caryophyllaceae	Facchinia	NCBI_LINEAGE
KY817663.1	Minuartia rupestris	Facchinia rupestris	Facchinia rupestris	Streptophyta	Magnoliopsida	Caryophyllales	Caryophyllaceae	Facchinia	NCBI_LINEAGE
KC958857.1	Minuartia sedoides	Cherleria sedoides	Cherleria sedoides	Streptophyta	Magnoliopsida	Caryophyllales	Caryophyllaceae	Cherleria	NCBI_LINEAGE
KC958858.1	Minuartia sedoides	Cherleria sedoides	Cherleria sedoides	Streptophyta	Magnoliopsida	Caryophyllales	Caryophyllaceae	Cherleria	NCBI_LINEAGE
KP777075.1	Minuartia sedoides	Cherleria sedoides	Cherleria sedoides	Streptophyta	Magnoliopsida	Caryophyllales	Caryophyllaceae	Cherleria	NCBI_LINEAGE
KP777076.1	Minuartia sedoides	Cherleria sedoides	Cherleria sedoides	Streptophyta	Magnoliopsida	Caryophyllales	Caryophyllaceae	Cherleria	NCBI_LINEAGE
KP777077.1	Minuartia sedoides	Cherleria sedoides	Cherleria sedoides	Streptophyta	Magnoliopsida	Caryophyllales	Caryophyllaceae	Cherleria	NCBI_LINEAGE
KP777078.1	Minuartia sedoides	Cherleria sedoides	Cherleria sedoides	Streptophyta	Magnoliopsida	Caryophyllales	Caryophyllaceae	Cherleria	NCBI_LINEAGE
KP777079.1	Minuartia sedoides	Cherleria sedoides	Cherleria sedoides	Streptophyta	Magnoliopsida	Caryophyllales	Caryophyllaceae	Cherleria	NCBI_LINEAGE
KP777080.1	Minuartia sedoides	Cherleria sedoides	Cherleria sedoides	Streptophyta	Magnoliopsida	Caryophyllales	Caryophyllaceae	Cherleria	NCBI_LINEAGE
KP777081.1	Minuartia sedoides	Cherleria sedoides	Cherleria sedoides	Streptophyta	Magnoliopsida	Caryophyllales	Caryophyllaceae	Cherleria	NCBI_LINEAGE
KP777082.1	Minuartia sedoides	Cherleria sedoides	Cherleria sedoides	Streptophyta	Magnoliopsida	Caryophyllales	Caryophyllaceae	Cherleria	NCBI_LINEAGE
KP777083.1	Minuartia sedoides	Cherleria sedoides	Cherleria sedoides	Streptophyta	Magnoliopsida	Caryophyllales	Caryophyllaceae	Cherleria	NCBI_LINEAGE
KP777084.1	Minuartia sedoides	Cherleria sedoides	Cherleria sedoides	Streptophyta	Magnoliopsida	Caryophyllales	Caryophyllaceae	Cherleria	NCBI_LINEAGE
KP777085.1	Minuartia sedoides	Cherleria sedoides	Cherleria sedoides	Streptophyta	Magnoliopsida	Caryophyllales	Caryophyllaceae	Cherleria	NCBI_LINEAGE
KP777086.1	Minuartia sedoides	Cherleria sedoides	Cherleria sedoides	Streptophyta	Magnoliopsida	Caryophyllales	Caryophyllaceae	Cherleria	NCBI_LINEAGE
KP777087.1	Minuartia sedoides	Cherleria sedoides	Cherleria sedoides	Streptophyta	Magnoliopsida	Caryophyllales	Caryophyllaceae	Cherleria	NCBI_LINEAGE
KP777088.1	Minuartia sedoides	Cherleria sedoides	Cherleria sedoides	Streptophyta	Magnoliopsida	Caryophyllales	Caryophyllaceae	Cherleria	NCBI_LINEAGE
KP777089.1	Minuartia sedoides	Cherleria sedoides	Cherleria sedoides	Streptophyta	Magnoliopsida	Caryophyllales	Caryophyllaceae	Cherleria	NCBI_LINEAGE
KP777090.1	Minuartia sedoides	Cherleria sedoides	Cherleria sedoides	Streptophyta	Magnoliopsida	Caryophyllales	Caryophyllaceae	Cherleria	NCBI_LINEAGE
KP777091.1	Minuartia sedoides	Cherleria sedoides	Cherleria sedoides	Streptophyta	Magnoliopsida	Caryophyllales	Caryophyllaceae	Cherleria	NCBI_LINEAGE
KP777092.1	Minuartia sedoides	Cherleria sedoides	Cherleria sedoides	Streptophyta	Magnoliopsida	Caryophyllales	Caryophyllaceae	Cherleria	NCBI_LINEAGE
KP777093.1	Minuartia sedoides	Cherleria sedoides	Cherleria sedoides	Streptophyta	Magnoliopsida	Caryophyllales	Caryophyllaceae	Cherleria	NCBI_LINEAGE
KP777094.1	Minuartia sedoides	Cherleria sedoides	Cherleria sedoides	Streptophyta	Magnoliopsida	Caryophyllales	Caryophyllaceae	Cherleria	NCBI_LINEAGE
KP777095.1	Minuartia sedoides	Cherleria sedoides	Cherleria sedoides	Streptophyta	Magnoliopsida	Caryophyllales	Caryophyllaceae	Cherleria	NCBI_LINEAGE
KP777096.1	Minuartia sedoides	Cherleria sedoides	Cherleria sedoides	Streptophyta	Magnoliopsida	Caryophyllales	Caryophyllaceae	Cherleria	NCBI_LINEAGE
KP777097.1	Minuartia sedoides	Cherleria sedoides	Cherleria sedoides	Streptophyta	Magnoliopsida	Caryophyllales	Caryophyllaceae	Cherleria	NCBI_LINEAGE
KP777098.1	Minuartia sedoides	Cherleria sedoides	Cherleria sedoides	Streptophyta	Magnoliopsida	Caryophyllales	Caryophyllaceae	Cherleria	NCBI_LINEAGE
KP777099.1	Minuartia sedoides	Cherleria sedoides	Cherleria sedoides	Streptophyta	Magnoliopsida	Caryophyllales	Caryophyllaceae	Cherleria	NCBI_LINEAGE
KP777100.1	Minuartia sedoides	Cherleria sedoides	Cherleria sedoides	Streptophyta	Magnoliopsida	Caryophyllales	Caryophyllaceae	Cherleria	NCBI_LINEAGE
KP777101.1	Minuartia sedoides	Cherleria sedoides	Cherleria sedoides	Streptophyta	Magnoliopsida	Caryophyllales	Caryophyllaceae	Cherleria	NCBI_LINEAGE
KP777102.1	Minuartia sedoides	Cherleria sedoides	Cherleria sedoides	Streptophyta	Magnoliopsida	Caryophyllales	Caryophyllaceae	Cherleria	NCBI_LINEAGE
KP777103.1	Minuartia sedoides	Cherleria sedoides	Cherleria sedoides	Streptophyta	Magnoliopsida	Caryophyllales	Caryophyllaceae	Cherleria	NCBI_LINEAGE
KP777104.1	Minuartia sedoides	Cherleria sedoides	Cherleria sedoides	Streptophyta	Magnoliopsida	Caryophyllales	Caryophyllaceae	Cherleria	NCBI_LINEAGE
KP777105.1	Minuartia sedoides	Cherleria sedoides	Cherleria sedoides	Streptophyta	Magnoliopsida	Caryophyllales	Caryophyllaceae	Cherleria	NCBI_LINEAGE
KP777106.1	Minuartia sedoides	Cherleria sedoides	Cherleria sedoides	Streptophyta	Magnoliopsida	Caryophyllales	Caryophyllaceae	Cherleria	NCBI_LINEAGE
KP777107.1	Minuartia sedoides	Cherleria sedoides	Cherleria sedoides	Streptophyta	Magnoliopsida	Caryophyllales	Caryophyllaceae	Cherleria	NCBI_LINEAGE
KP777108.1	Minuartia sedoides	Cherleria sedoides	Cherleria sedoides	Streptophyta	Magnoliopsida	Caryophyllales	Caryophyllaceae	Cherleria	NCBI_LINEAGE
KP777109.1	Minuartia sedoides	Cherleria sedoides	Cherleria sedoides	Streptophyta	Magnoliopsida	Caryophyllales	Caryophyllaceae	Cherleria	NCBI_LINEAGE
KP777110.1	Minuartia sedoides	Cherleria sedoides	Cherleria sedoides	Streptophyta	Magnoliopsida	Caryophyllales	Caryophyllaceae	Cherleria	NCBI_LINEAGE
KP777111.1	Minuartia sedoides	Cherleria sedoides	Cherleria sedoides	Streptophyta	Magnoliopsida	Caryophyllales	Caryophyllaceae	Cherleria	NCBI_LINEAGE
KP777112.1	Minuartia sedoides	Cherleria sedoides	Cherleria sedoides	Streptophyta	Magnoliopsida	Caryophyllales	Caryophyllaceae	Cherleria	NCBI_LINEAGE
KP777113.1	Minuartia sedoides	Cherleria sedoides	Cherleria sedoides	Streptophyta	Magnoliopsida	Caryophyllales	Caryophyllaceae	Cherleria	NCBI_LINEAGE
KP777114.1	Minuartia sedoides	Cherleria sedoides	Cherleria sedoides	Streptophyta	Magnoliopsida	Caryophyllales	Caryophyllaceae	Cherleria	NCBI_LINEAGE
KP777115.1	Minuartia sedoides	Cherleria sedoides	Cherleria sedoides	Streptophyta	Magnoliopsida	Caryophyllales	Caryophyllaceae	Cherleria	NCBI_LINEAGE
KP777116.1	Minuartia sedoides	Cherleria sedoides	Cherleria sedoides	Streptophyta	Magnoliopsida	Caryophyllales	Caryophyllaceae	Cherleria	NCBI_LINEAGE
KP777117.1	Minuartia sedoides	Cherleria sedoides	Cherleria sedoides	Streptophyta	Magnoliopsida	Caryophyllales	Caryophyllaceae	Cherleria	NCBI_LINEAGE
KP777118.1	Minuartia sedoides	Cherleria sedoides	Cherleria sedoides	Streptophyta	Magnoliopsida	Caryophyllales	Caryophyllaceae	Cherleria	NCBI_LINEAGE
KP777119.1	Minuartia sedoides	Cherleria sedoides	Cherleria sedoides	Streptophyta	Magnoliopsida	Caryophyllales	Caryophyllaceae	Cherleria	NCBI_LINEAGE
KP777120.1	Minuartia sedoides	Cherleria sedoides	Cherleria sedoides	Streptophyta	Magnoliopsida	Caryophyllales	Caryophyllaceae	Cherleria	NCBI_LINEAGE
KP777121.1	Minuartia sedoides	Cherleria sedoides	Cherleria sedoides	Streptophyta	Magnoliopsida	Caryophyllales	Caryophyllaceae	Cherleria	NCBI_LINEAGE
KP777122.1	Minuartia sedoides	Cherleria sedoides	Cherleria sedoides	Streptophyta	Magnoliopsida	Caryophyllales	Caryophyllaceae	Cherleria	NCBI_LINEAGE
KP777123.1	Minuartia sedoides	Cherleria sedoides	Cherleria sedoides	Streptophyta	Magnoliopsida	Caryophyllales	Caryophyllaceae	Cherleria	NCBI_LINEAGE
KP777124.1	Minuartia sedoides	Cherleria sedoides	Cherleria sedoides	Streptophyta	Magnoliopsida	Caryophyllales	Caryophyllaceae	Cherleria	NCBI_LINEAGE
KP777125.1	Minuartia sedoides	Cherleria sedoides	Cherleria sedoides	Streptophyta	Magnoliopsida	Caryophyllales	Caryophyllaceae	Cherleria	NCBI_LINEAGE
AF074336.1	Molopospermum peloponnesiacum	Molopospermum peloponnesiacum	Molopospermum peloponnesiacum	Streptophyta	Magnoliopsida	Apiales	Apiaceae	Molopospermum	NCBI_LINEAGE
AY577726.1	Monactinus simplex	Monactinus simplex	Monactinus simplex	Chlorophyta	Chlorophyceae	Sphaeropleales	Hydrodictyaceae	Monactinus	NCBI_LINEAGE
AY780655.1	Monactinus simplex	Monactinus simplex	Monactinus simplex	Chlorophyta	Chlorophyceae	Sphaeropleales	Hydrodictyaceae	Monactinus	NCBI_LINEAGE
AF351978.1	Monotropa hypopitys	Monotropa hypopitys	Monotropa hypopitys	Streptophyta	Magnoliopsida	Ericales	Ericaceae	Monotropa	NCBI_LINEAGE
AF351979.1	Monotropa hypopitys	Monotropa hypopitys	Monotropa hypopitys	Streptophyta	Magnoliopsida	Ericales	Ericaceae	Monotropa	NCBI_LINEAGE
AF351980.1	Monotropa hypopitys	Monotropa hypopitys	Monotropa hypopitys	Streptophyta	Magnoliopsida	Ericales	Ericaceae	Monotropa	NCBI_LINEAGE
AF351981.1	Monotropa hypopitys	Monotropa hypopitys	Monotropa hypopitys	Streptophyta	Magnoliopsida	Ericales	Ericaceae	Monotropa	NCBI_LINEAGE
AF351982.1	Monotropa hypopitys	Monotropa hypopitys	Monotropa hypopitys	Streptophyta	Magnoliopsida	Ericales	Ericaceae	Monotropa	NCBI_LINEAGE
AF351983.1	Monotropa hypopitys	Monotropa hypopitys	Monotropa hypopitys	Streptophyta	Magnoliopsida	Ericales	Ericaceae	Monotropa	NCBI_LINEAGE
AF351985.1	Monotropa hypopitys	Monotropa hypopitys	Monotropa hypopitys	Streptophyta	Magnoliopsida	Ericales	Ericaceae	Monotropa	NCBI_LINEAGE
AF351986.1	Monotropa hypopitys	Monotropa hypopitys	Monotropa hypopitys	Streptophyta	Magnoliopsida	Ericales	Ericaceae	Monotropa	NCBI_LINEAGE
AF351987.1	Monotropa hypopitys	Monotropa hypopitys	Monotropa hypopitys	Streptophyta	Magnoliopsida	Ericales	Ericaceae	Monotropa	NCBI_LINEAGE
AF351988.1	Monotropa hypopitys	Monotropa hypopitys	Monotropa hypopitys	Streptophyta	Magnoliopsida	Ericales	Ericaceae	Monotropa	NCBI_LINEAGE
AF351989.1	Monotropa hypopitys	Monotropa hypopitys	Monotropa hypopitys	Streptophyta	Magnoliopsida	Ericales	Ericaceae	Monotropa	NCBI_LINEAGE
AF351990.1	Monotropa hypopitys	Monotropa hypopitys	Monotropa hypopitys	Streptophyta	Magnoliopsida	Ericales	Ericaceae	Monotropa	NCBI_LINEAGE
AF351991.1	Monotropa hypopitys	Monotropa hypopitys	Monotropa hypopitys	Streptophyta	Magnoliopsida	Ericales	Ericaceae	Monotropa	NCBI_LINEAGE
HQ864707.1	Monotropa hypopitys	Monotropa hypopitys	Monotropa hypopitys	Streptophyta	Magnoliopsida	Ericales	Ericaceae	Monotropa	NCBI_LINEAGE
HQ864708.1	Monotropa hypopitys	Monotropa hypopitys	Monotropa hypopitys	Streptophyta	Magnoliopsida	Ericales	Ericaceae	Monotropa	NCBI_LINEAGE
HQ864709.1	Monotropa hypopitys	Monotropa hypopitys	Monotropa hypopitys	Streptophyta	Magnoliopsida	Ericales	Ericaceae	Monotropa	NCBI_LINEAGE
JF441032.1	Monotropa hypopitys	Monotropa hypopitys	Monotropa hypopitys	Streptophyta	Magnoliopsida	Ericales	Ericaceae	Monotropa	NCBI_LINEAGE
JF441033.1	Monotropa hypopitys	Monotropa hypopitys	Monotropa hypopitys	Streptophyta	Magnoliopsida	Ericales	Ericaceae	Monotropa	NCBI_LINEAGE
JF441034.1	Monotropa hypopitys	Monotropa hypopitys	Monotropa hypopitys	Streptophyta	Magnoliopsida	Ericales	Ericaceae	Monotropa	NCBI_LINEAGE
JF441035.1	Monotropa hypopitys	Monotropa hypopitys	Monotropa hypopitys	Streptophyta	Magnoliopsida	Ericales	Ericaceae	Monotropa	NCBI_LINEAGE
JF441036.1	Monotropa hypopitys	Monotropa hypopitys	Monotropa hypopitys	Streptophyta	Magnoliopsida	Ericales	Ericaceae	Monotropa	NCBI_LINEAGE
JF441037.1	Monotropa hypopitys	Monotropa hypopitys	Monotropa hypopitys	Streptophyta	Magnoliopsida	Ericales	Ericaceae	Monotropa	NCBI_LINEAGE
JF441038.1	Monotropa hypopitys	Monotropa hypopitys	Monotropa hypopitys	Streptophyta	Magnoliopsida	Ericales	Ericaceae	Monotropa	NCBI_LINEAGE
JF441039.1	Monotropa hypopitys	Monotropa hypopitys	Monotropa hypopitys	Streptophyta	Magnoliopsida	Ericales	Ericaceae	Monotropa	NCBI_LINEAGE
JF441040.1	Monotropa hypopitys	Monotropa hypopitys	Monotropa hypopitys	Streptophyta	Magnoliopsida	Ericales	Ericaceae	Monotropa	NCBI_LINEAGE
JF441041.1	Monotropa hypopitys	Monotropa hypopitys	Monotropa hypopitys	Streptophyta	Magnoliopsida	Ericales	Ericaceae	Monotropa	NCBI_LINEAGE
JF441042.1	Monotropa hypopitys	Monotropa hypopitys	Monotropa hypopitys	Streptophyta	Magnoliopsida	Ericales	Ericaceae	Monotropa	NCBI_LINEAGE
JF441043.1	Monotropa hypopitys	Monotropa hypopitys	Monotropa hypopitys	Streptophyta	Magnoliopsida	Ericales	Ericaceae	Monotropa	NCBI_LINEAGE
JF441044.1	Monotropa hypopitys	Monotropa hypopitys	Monotropa hypopitys	Streptophyta	Magnoliopsida	Ericales	Ericaceae	Monotropa	NCBI_LINEAGE
JF441045.1	Monotropa hypopitys	Monotropa hypopitys	Monotropa hypopitys	Streptophyta	Magnoliopsida	Ericales	Ericaceae	Monotropa	NCBI_LINEAGE
JF441046.1	Monotropa hypopitys	Monotropa hypopitys	Monotropa hypopitys	Streptophyta	Magnoliopsida	Ericales	Ericaceae	Monotropa	NCBI_LINEAGE
JF441047.1	Monotropa hypopitys	Monotropa hypopitys	Monotropa hypopitys	Streptophyta	Magnoliopsida	Ericales	Ericaceae	Monotropa	NCBI_LINEAGE
JF441048.1	Monotropa hypopitys	Monotropa hypopitys	Monotropa hypopitys	Streptophyta	Magnoliopsida	Ericales	Ericaceae	Monotropa	NCBI_LINEAGE
JF441049.1	Monotropa hypopitys	Monotropa hypopitys	Monotropa hypopitys	Streptophyta	Magnoliopsida	Ericales	Ericaceae	Monotropa	NCBI_LINEAGE
JF441050.1	Monotropa hypopitys	Monotropa hypopitys	Monotropa hypopitys	Streptophyta	Magnoliopsida	Ericales	Ericaceae	Monotropa	NCBI_LINEAGE
JF441051.1	Monotropa hypopitys	Monotropa hypopitys	Monotropa hypopitys	Streptophyta	Magnoliopsida	Ericales	Ericaceae	Monotropa	NCBI_LINEAGE
JF441052.1	Monotropa hypopitys	Monotropa hypopitys	Monotropa hypopitys	Streptophyta	Magnoliopsida	Ericales	Ericaceae	Monotropa	NCBI_LINEAGE
JF441053.1	Monotropa hypopitys	Monotropa hypopitys	Monotropa hypopitys	Streptophyta	Magnoliopsida	Ericales	Ericaceae	Monotropa	NCBI_LINEAGE
KF707563.1	Monotropa hypopitys	Monotropa hypopitys	Monotropa hypopitys	Streptophyta	Magnoliopsida	Ericales	Ericaceae	Monotropa	NCBI_LINEAGE
KU350177.1	Monotropa hypopitys	Monotropa hypopitys var. americana	Monotropa hypopitys	Streptophyta	Magnoliopsida	Ericales	Ericaceae	Monotropa	NCBI_LINEAGE
GQ424547.1	Myagrum perfoliatum	Myagrum perfoliatum	Myagrum perfoliatum	Streptophyta	Magnoliopsida	Brassicales	Brassicaceae	Myagrum	NCBI_LINEAGE
EU791847.1	Mylia taylori	Mylia taylorii	Mylia taylorii	Marchantiophyta	Jungermanniopsida	Myliales	Myliaceae	Mylia	BOLD_GENUS_BACKBONE
MF989963.1	Mylia taylori	Mylia taylorii	Mylia taylorii	Marchantiophyta	Jungermanniopsida	Myliales	Myliaceae	Mylia	BOLD_GENUS_BACKBONE
MF989964.1	Mylia taylori	Mylia taylorii	Mylia taylorii	Marchantiophyta	Jungermanniopsida	Myliales	Myliaceae	Mylia	BOLD_GENUS_BACKBONE
MF989965.1	Mylia taylori	Mylia taylorii	Mylia taylorii	Marchantiophyta	Jungermanniopsida	Myliales	Myliaceae	Mylia	BOLD_GENUS_BACKBONE
AY092918.1	Myosotis decumbens	Myosotis decumbens subsp. decumbens	Myosotis decumbens	Tracheophyta	Magnoliopsida	Boraginales	Boraginaceae	Myosotis	BOLD_GENUS_BACKBONE
KF737439.1	Myosoton aquaticum	Myosoton aquaticum	Myosoton aquaticum	Streptophyta	Magnoliopsida	Caryophyllales	Caryophyllaceae	Myosoton	NCBI_LINEAGE
MF349189.1	Narcissus poeticus	Narcissus poeticus var. plenus	Narcissus poeticus	Tracheophyta	Liliopsida	Asparagales	Amaryllidaceae	Narcissus	BOLD_GENUS_BACKBONE
HQ657132.1	Neotinea tridentata	Neotinea tridentata	Neotinea tridentata	Tracheophyta	Liliopsida	Asparagales	Orchidaceae	Neotinea	BOLD_GENUS_BACKBONE
KU697372.1	Neotinea tridentata	Neotinea tridentata	Neotinea tridentata	Tracheophyta	Liliopsida	Asparagales	Orchidaceae	Neotinea	BOLD_GENUS_BACKBONE
Z94114.1	Neotinea tridentata	Neotinea tridentata	Neotinea tridentata	Tracheophyta	Liliopsida	Asparagales	Orchidaceae	Neotinea	BOLD_GENUS_BACKBONE
AJ606130.1	Nigritella nigra	Gymnadenia nigra	Gymnadenia nigra	Tracheophyta	Liliopsida	Asparagales	Orchidaceae	Gymnadenia	BOLD_GENUS_BACKBONE
KP225184.1	Nigritella rhellicani	Gymnadenia rhellicani	Gymnadenia rhellicani	Tracheophyta	Liliopsida	Asparagales	Orchidaceae	Gymnadenia	BOLD_GENUS_BACKBONE
KP225185.1	Nigritella rhellicani	Gymnadenia rhellicani	Gymnadenia rhellicani	Tracheophyta	Liliopsida	Asparagales	Orchidaceae	Gymnadenia	BOLD_GENUS_BACKBONE
KR080225.1	Nitellopsis obtusa	Nitellopsis obtusa	Nitellopsis obtusa	Streptophyta	Charophyceae	Charales	Characeae	Nitellopsis	NCBI_LINEAGE
KP163806.1	Noccaea praecox	Thlaspi praecox	Thlaspi praecox	Tracheophyta	Magnoliopsida	Brassicales	Brassicaceae	Thlaspi	BOLD_GENUS_BACKBONE
KT220627.1	Noccaea praecox	Thlaspi praecox	Thlaspi praecox	Tracheophyta	Magnoliopsida	Brassicales	Brassicaceae	Thlaspi	BOLD_GENUS_BACKBONE
KT220628.1	Noccaea praecox	Thlaspi praecox	Thlaspi praecox	Tracheophyta	Magnoliopsida	Brassicales	Brassicaceae	Thlaspi	BOLD_GENUS_BACKBONE
KT220629.1	Noccaea praecox	Thlaspi praecox	Thlaspi praecox	Tracheophyta	Magnoliopsida	Brassicales	Brassicaceae	Thlaspi	BOLD_GENUS_BACKBONE
KX958511.1	Odontites luteus	Odontites luteus subsp. luteus	Odontites luteus	Tracheophyta	Magnoliopsida	Lamiales	Orobanchaceae	Odontites	BOLD_GENUS_BACKBONE
KX958512.1	Odontites luteus	Odontites luteus subsp. luteus	Odontites luteus	Tracheophyta	Magnoliopsida	Lamiales	Orobanchaceae	Odontites	BOLD_GENUS_BACKBONE
KX958555.1	Odontites luteus	Odontites luteus subsp. luteus	Odontites luteus	Tracheophyta	Magnoliopsida	Lamiales	Orobanchaceae	Odontites	BOLD_GENUS_BACKBONE
KX958556.1	Odontites luteus	Odontites luteus subsp. luteus	Odontites luteus	Tracheophyta	Magnoliopsida	Lamiales	Orobanchaceae	Odontites	BOLD_GENUS_BACKBONE
KX958557.1	Odontites luteus	Odontites luteus subsp. luteus	Odontites luteus	Tracheophyta	Magnoliopsida	Lamiales	Orobanchaceae	Odontites	BOLD_GENUS_BACKBONE
KX958558.1	Odontites luteus	Odontites luteus subsp. luteus	Odontites luteus	Tracheophyta	Magnoliopsida	Lamiales	Orobanchaceae	Odontites	BOLD_GENUS_BACKBONE
KX958591.1	Odontites luteus	Odontites luteus subsp. luteus	Odontites luteus	Tracheophyta	Magnoliopsida	Lamiales	Orobanchaceae	Odontites	BOLD_GENUS_BACKBONE
KX958592.1	Odontites luteus	Odontites luteus subsp. luteus	Odontites luteus	Tracheophyta	Magnoliopsida	Lamiales	Orobanchaceae	Odontites	BOLD_GENUS_BACKBONE
KX958631.1	Odontites luteus	Odontites luteus subsp. luteus	Odontites luteus	Tracheophyta	Magnoliopsida	Lamiales	Orobanchaceae	Odontites	BOLD_GENUS_BACKBONE
KX958632.1	Odontites luteus	Odontites luteus subsp. luteus	Odontites luteus	Tracheophyta	Magnoliopsida	Lamiales	Orobanchaceae	Odontites	BOLD_GENUS_BACKBONE
KX958647.1	Odontites luteus	Odontites luteus subsp. luteus	Odontites luteus	Tracheophyta	Magnoliopsida	Lamiales	Orobanchaceae	Odontites	BOLD_GENUS_BACKBONE
KX958648.1	Odontites luteus	Odontites luteus subsp. luteus	Odontites luteus	Tracheophyta	Magnoliopsida	Lamiales	Orobanchaceae	Odontites	BOLD_GENUS_BACKBONE
KX958649.1	Odontites luteus	Odontites luteus subsp. luteus	Odontites luteus	Tracheophyta	Magnoliopsida	Lamiales	Orobanchaceae	Odontites	BOLD_GENUS_BACKBONE
KX958650.1	Odontites luteus	Odontites luteus subsp. luteus	Odontites luteus	Tracheophyta	Magnoliopsida	Lamiales	Orobanchaceae	Odontites	BOLD_GENUS_BACKBONE
KX958651.1	Odontites luteus	Odontites luteus subsp. luteus	Odontites luteus	Tracheophyta	Magnoliopsida	Lamiales	Orobanchaceae	Odontites	BOLD_GENUS_BACKBONE
KX958652.1	Odontites luteus	Odontites luteus subsp. luteus	Odontites luteus	Tracheophyta	Magnoliopsida	Lamiales	Orobanchaceae	Odontites	BOLD_GENUS_BACKBONE
KX958653.1	Odontites luteus	Odontites luteus subsp. luteus	Odontites luteus	Tracheophyta	Magnoliopsida	Lamiales	Orobanchaceae	Odontites	BOLD_GENUS_BACKBONE
KX958654.1	Odontites luteus	Odontites luteus subsp. luteus	Odontites luteus	Tracheophyta	Magnoliopsida	Lamiales	Orobanchaceae	Odontites	BOLD_GENUS_BACKBONE
KX958655.1	Odontites luteus	Odontites luteus subsp. luteus	Odontites luteus	Tracheophyta	Magnoliopsida	Lamiales	Orobanchaceae	Odontites	BOLD_GENUS_BACKBONE
KX958668.1	Odontites luteus	Odontites luteus subsp. provincialis	Odontites luteus	Tracheophyta	Magnoliopsida	Lamiales	Orobanchaceae	Odontites	BOLD_GENUS_BACKBONE
KX958669.1	Odontites luteus	Odontites luteus subsp. provincialis	Odontites luteus	Tracheophyta	Magnoliopsida	Lamiales	Orobanchaceae	Odontites	BOLD_GENUS_BACKBONE
KX958670.1	Odontites luteus	Odontites luteus subsp. provincialis	Odontites luteus	Tracheophyta	Magnoliopsida	Lamiales	Orobanchaceae	Odontites	BOLD_GENUS_BACKBONE
KX958671.1	Odontites luteus	Odontites luteus subsp. provincialis	Odontites luteus	Tracheophyta	Magnoliopsida	Lamiales	Orobanchaceae	Odontites	BOLD_GENUS_BACKBONE
KX958716.1	Odontites luteus	Odontites luteus subsp. luteus	Odontites luteus	Tracheophyta	Magnoliopsida	Lamiales	Orobanchaceae	Odontites	BOLD_GENUS_BACKBONE
KX958717.1	Odontites luteus	Odontites luteus subsp. luteus	Odontites luteus	Tracheophyta	Magnoliopsida	Lamiales	Orobanchaceae	Odontites	BOLD_GENUS_BACKBONE
KX958718.1	Odontites luteus	Odontites luteus subsp. luteus	Odontites luteus	Tracheophyta	Magnoliopsida	Lamiales	Orobanchaceae	Odontites	BOLD_GENUS_BACKBONE
KX958719.1	Odontites luteus	Odontites luteus subsp. luteus	Odontites luteus	Tracheophyta	Magnoliopsida	Lamiales	Orobanchaceae	Odontites	BOLD_GENUS_BACKBONE
KX958721.1	Odontites luteus	Odontites luteus subsp. provincialis	Odontites luteus	Tracheophyta	Magnoliopsida	Lamiales	Orobanchaceae	Odontites	BOLD_GENUS_BACKBONE
AY962670.1	Oedogonium borisianum	Oedogonium borisianum	Oedogonium borisianum	Chlorophyta	Chlorophyceae	Oedogoniales	Oedogoniaceae	Oedogonium	NCBI_LINEAGE
KF849120.1	Omphalodes scorpioides	Memoremea scorpioides	Memoremea scorpioides	Streptophyta	Magnoliopsida	Boraginales	Boraginaceae	Memoremea	NCBI_LINEAGE
KF849121.1	Omphalodes scorpioides	Memoremea scorpioides	Memoremea scorpioides	Streptophyta	Magnoliopsida	Boraginales	Boraginaceae	Memoremea	NCBI_LINEAGE
KF849102.1	Omphalodes verna	Omphalodes verna	Omphalodes verna	Streptophyta	Magnoliopsida	Boraginales	Boraginaceae	Omphalodes	NCBI_LINEAGE
KF849103.1	Omphalodes verna	Omphalodes verna	Omphalodes verna	Streptophyta	Magnoliopsida	Boraginales	Boraginaceae	Omphalodes	NCBI_LINEAGE
AF140794.1	Oncophorus virens	Oncophorus virens	Oncophorus virens	Streptophyta	Bryopsida	Dicranales	Rhabdoweisiaceae	Oncophorus	NCBI_LINEAGE
KF530295.1	Onobrychis arenaria	Onobrychis arenaria subsp. arenaria	Onobrychis arenaria	Tracheophyta	Magnoliopsida	Fabales	Fabaceae	Onobrychis	BOLD_GENUS_BACKBONE
KY366167.1	Onobrychis arenaria	Onobrychis arenaria	Onobrychis arenaria	Tracheophyta	Magnoliopsida	Fabales	Fabaceae	Onobrychis	BOLD_GENUS_BACKBONE
KX942202.1	Onobrychis caput-galli	Onobrychis caput-galli	Onobrychis caput-galli	Tracheophyta	Magnoliopsida	Fabales	Fabaceae	Onobrychis	BOLD_GENUS_BACKBONE
GQ488510.1	Ononis pusilla	Ononis pusilla subsp. saxicola	Ononis pusilla	Tracheophyta	Magnoliopsida	Fabales	Fabaceae	Ononis	BOLD_GENUS_BACKBONE
AY780406.1	Onopordum illyricum	Onopordum illyricum	Onopordum illyricum	Tracheophyta	Magnoliopsida	Asterales	Asteraceae	Onopordum	BOLD_GENUS_BACKBONE
EU919601.1	Onosma echioides	Onosma echioides	Onosma echioides	Tracheophyta	Magnoliopsida	Boraginales	Boraginaceae	Onosma	BOLD_GENUS_BACKBONE
HM368214.1	Onosma echioides	Onosma echioides subsp. dalmatica	Onosma echioides	Tracheophyta	Magnoliopsida	Boraginales	Boraginaceae	Onosma	BOLD_GENUS_BACKBONE
HM368215.1	Onosma echioides	Onosma echioides subsp. canescens	Onosma echioides	Tracheophyta	Magnoliopsida	Boraginales	Boraginaceae	Onosma	BOLD_GENUS_BACKBONE
HM368216.1	Onosma echioides	Onosma echioides subsp. angustifolia	Onosma echioides	Tracheophyta	Magnoliopsida	Boraginales	Boraginaceae	Onosma	BOLD_GENUS_BACKBONE
HM368217.1	Onosma echioides	Onosma echioides subsp. echioides	Onosma echioides	Tracheophyta	Magnoliopsida	Boraginales	Boraginaceae	Onosma	BOLD_GENUS_BACKBONE
HM368218.1	Onosma echioides	Onosma echioides var. veronensis	Onosma echioides	Tracheophyta	Magnoliopsida	Boraginales	Boraginaceae	Onosma	BOLD_GENUS_BACKBONE
AY014514.1	Ophrys sphegodes	Ophrys sphegodes subsp. helenae	Ophrys sphegodes	Tracheophyta	Liliopsida	Asparagales	Orchidaceae	Ophrys	BOLD_GENUS_BACKBONE
AY014516.1	Ophrys sphegodes	Ophrys sphegodes subsp. araneola	Ophrys sphegodes	Tracheophyta	Liliopsida	Asparagales	Orchidaceae	Ophrys	BOLD_GENUS_BACKBONE
AY014519.1	Ophrys sphegodes	Ophrys sphegodes subsp. aveyronensis	Ophrys sphegodes	Tracheophyta	Liliopsida	Asparagales	Orchidaceae	Ophrys	BOLD_GENUS_BACKBONE
AY014537.1	Ophrys sphegodes	Ophrys sphegodes subsp. mammosa	Ophrys sphegodes	Tracheophyta	Liliopsida	Asparagales	Orchidaceae	Ophrys	BOLD_GENUS_BACKBONE
AY014542.1	Ophrys sphegodes	Ophrys sphegodes	Ophrys sphegodes	Tracheophyta	Liliopsida	Asparagales	Orchidaceae	Ophrys	BOLD_GENUS_BACKBONE
AY014544.1	Ophrys sphegodes	Ophrys sphegodes subsp. spruneri	Ophrys sphegodes	Tracheophyta	Liliopsida	Asparagales	Orchidaceae	Ophrys	BOLD_GENUS_BACKBONE
AY699949.1	Ophrys sphegodes	Ophrys sphegodes subsp. passionis	Ophrys sphegodes	Tracheophyta	Liliopsida	Asparagales	Orchidaceae	Ophrys	BOLD_GENUS_BACKBONE
AY699974.1	Ophrys sphegodes	Ophrys sphegodes	Ophrys sphegodes	Tracheophyta	Liliopsida	Asparagales	Orchidaceae	Ophrys	BOLD_GENUS_BACKBONE
KT318277.1	Orchis pallens	Orchis pallens	Orchis pallens	Tracheophyta	Liliopsida	Asparagales	Orchidaceae	Orchis	BOLD_GENUS_BACKBONE
Z94100.1	Orchis provincialis	Orchis provincialis subsp. pauciflora	Orchis provincialis	Tracheophyta	Liliopsida	Asparagales	Orchidaceae	Orchis	BOLD_GENUS_BACKBONE
Z94102.1	Orchis provincialis	Orchis provincialis	Orchis provincialis	Tracheophyta	Liliopsida	Asparagales	Orchidaceae	Orchis	BOLD_GENUS_BACKBONE
KU697369.1	Orchis simia	Orchis simia	Orchis simia	Tracheophyta	Liliopsida	Asparagales	Orchidaceae	Orchis	BOLD_GENUS_BACKBONE
Z94108.1	Orchis simia	Orchis simia	Orchis simia	Tracheophyta	Liliopsida	Asparagales	Orchidaceae	Orchis	BOLD_GENUS_BACKBONE
AF077797.2	Orlaya daucoides	Orlaya daucoides	Orlaya daucoides	Tracheophyta	Magnoliopsida	Apiales	Apiaceae	Orlaya	BOLD_GENUS_BACKBONE
KF160682.1	Orlaya daucoides	Orlaya daucoides	Orlaya daucoides	Tracheophyta	Magnoliopsida	Apiales	Apiaceae	Orlaya	BOLD_GENUS_BACKBONE
KT347643.1	Orlaya daucoides	Orlaya daucoides	Orlaya daucoides	Tracheophyta	Magnoliopsida	Apiales	Apiaceae	Orlaya	BOLD_GENUS_BACKBONE
KT347644.1	Orlaya daucoides	Orlaya daucoides	Orlaya daucoides	Tracheophyta	Magnoliopsida	Apiales	Apiaceae	Orlaya	BOLD_GENUS_BACKBONE
KT347645.1	Orlaya daucoides	Orlaya daucoides	Orlaya daucoides	Tracheophyta	Magnoliopsida	Apiales	Apiaceae	Orlaya	BOLD_GENUS_BACKBONE
AF077113.2	Orlaya daucorlaya	Orlaya daucorlaya	Orlaya daucorlaya	Tracheophyta	Magnoliopsida	Apiales	Apiaceae	Orlaya	BOLD_GENUS_BACKBONE
AB305009.1	Ornithogalum umbellatum	Ornithogalum umbellatum	Ornithogalum umbellatum	Tracheophyta	Liliopsida	Asparagales	Asparagaceae	Ornithogalum	BOLD_GENUS_BACKBONE
AY209264.1	Orobanche artemisiae-campestris	Orobanche artemisiae-campestris	Orobanche artemisiae-campestris	Tracheophyta	Magnoliopsida	Lamiales	Orobanchaceae	Orobanche	BOLD_GENUS_BACKBONE
KR260921.1	Orobanche artemisiae-campestris	Orobanche artemisiae-campestris	Orobanche artemisiae-campestris	Tracheophyta	Magnoliopsida	Lamiales	Orobanchaceae	Orobanche	BOLD_GENUS_BACKBONE
AY209269.1	Orobanche picridis	Orobanche picridis	Orobanche picridis	Tracheophyta	Magnoliopsida	Lamiales	Orobanchaceae	Orobanche	BOLD_GENUS_BACKBONE
KR260920.1	Orobanche picridis	Orobanche picridis	Orobanche picridis	Tracheophyta	Magnoliopsida	Lamiales	Orobanchaceae	Orobanche	BOLD_GENUS_BACKBONE
KR260922.1	Orobanche picridis	Orobanche picridis	Orobanche picridis	Tracheophyta	Magnoliopsida	Lamiales	Orobanchaceae	Orobanche	BOLD_GENUS_BACKBONE
AY209315.1	Orobanche ramosa	Phelipanche ramosa	Phelipanche ramosa	Streptophyta	Magnoliopsida	Lamiales	Orobanchaceae	Phelipanche	NCBI_LINEAGE
DQ003027.1	Orobanche ramosa	Phelipanche ramosa	Phelipanche ramosa	Streptophyta	Magnoliopsida	Lamiales	Orobanchaceae	Phelipanche	NCBI_LINEAGE
EU581794.1	Orobanche ramosa	Phelipanche ramosa	Phelipanche ramosa	Streptophyta	Magnoliopsida	Lamiales	Orobanchaceae	Phelipanche	NCBI_LINEAGE
EU581801.1	Orobanche ramosa	Phelipanche ramosa	Phelipanche ramosa	Streptophyta	Magnoliopsida	Lamiales	Orobanchaceae	Phelipanche	NCBI_LINEAGE
EU581802.1	Orobanche ramosa	Phelipanche ramosa	Phelipanche ramosa	Streptophyta	Magnoliopsida	Lamiales	Orobanchaceae	Phelipanche	NCBI_LINEAGE
PQ479106.1	Orobanche ramosa	Phelipanche ramosa	Phelipanche ramosa	Streptophyta	Magnoliopsida	Lamiales	Orobanchaceae	Phelipanche	NCBI_LINEAGE
PQ479107.1	Orobanche ramosa	Phelipanche ramosa	Phelipanche ramosa	Streptophyta	Magnoliopsida	Lamiales	Orobanchaceae	Phelipanche	NCBI_LINEAGE
PQ479108.1	Orobanche ramosa	Phelipanche ramosa	Phelipanche ramosa	Streptophyta	Magnoliopsida	Lamiales	Orobanchaceae	Phelipanche	NCBI_LINEAGE
PQ479109.1	Orobanche ramosa	Phelipanche ramosa	Phelipanche ramosa	Streptophyta	Magnoliopsida	Lamiales	Orobanchaceae	Phelipanche	NCBI_LINEAGE
PQ479110.1	Orobanche ramosa	Phelipanche ramosa	Phelipanche ramosa	Streptophyta	Magnoliopsida	Lamiales	Orobanchaceae	Phelipanche	NCBI_LINEAGE
PQ479111.1	Orobanche ramosa	Phelipanche ramosa	Phelipanche ramosa	Streptophyta	Magnoliopsida	Lamiales	Orobanchaceae	Phelipanche	NCBI_LINEAGE
PQ479112.1	Orobanche ramosa	Phelipanche ramosa	Phelipanche ramosa	Streptophyta	Magnoliopsida	Lamiales	Orobanchaceae	Phelipanche	NCBI_LINEAGE
PQ479113.1	Orobanche ramosa	Phelipanche ramosa	Phelipanche ramosa	Streptophyta	Magnoliopsida	Lamiales	Orobanchaceae	Phelipanche	NCBI_LINEAGE
PQ479114.1	Orobanche ramosa	Phelipanche ramosa	Phelipanche ramosa	Streptophyta	Magnoliopsida	Lamiales	Orobanchaceae	Phelipanche	NCBI_LINEAGE
PQ479115.1	Orobanche ramosa	Phelipanche ramosa	Phelipanche ramosa	Streptophyta	Magnoliopsida	Lamiales	Orobanchaceae	Phelipanche	NCBI_LINEAGE
PQ479116.1	Orobanche ramosa	Phelipanche ramosa	Phelipanche ramosa	Streptophyta	Magnoliopsida	Lamiales	Orobanchaceae	Phelipanche	NCBI_LINEAGE
PQ479117.1	Orobanche ramosa	Phelipanche ramosa	Phelipanche ramosa	Streptophyta	Magnoliopsida	Lamiales	Orobanchaceae	Phelipanche	NCBI_LINEAGE
PQ479118.1	Orobanche ramosa	Phelipanche ramosa	Phelipanche ramosa	Streptophyta	Magnoliopsida	Lamiales	Orobanchaceae	Phelipanche	NCBI_LINEAGE
PQ479119.1	Orobanche ramosa	Phelipanche ramosa	Phelipanche ramosa	Streptophyta	Magnoliopsida	Lamiales	Orobanchaceae	Phelipanche	NCBI_LINEAGE
PQ479120.1	Orobanche ramosa	Phelipanche ramosa	Phelipanche ramosa	Streptophyta	Magnoliopsida	Lamiales	Orobanchaceae	Phelipanche	NCBI_LINEAGE
PQ479121.1	Orobanche ramosa	Phelipanche ramosa	Phelipanche ramosa	Streptophyta	Magnoliopsida	Lamiales	Orobanchaceae	Phelipanche	NCBI_LINEAGE
PQ479122.1	Orobanche ramosa	Phelipanche ramosa	Phelipanche ramosa	Streptophyta	Magnoliopsida	Lamiales	Orobanchaceae	Phelipanche	NCBI_LINEAGE
PQ479123.1	Orobanche ramosa	Phelipanche ramosa	Phelipanche ramosa	Streptophyta	Magnoliopsida	Lamiales	Orobanchaceae	Phelipanche	NCBI_LINEAGE
PQ479124.1	Orobanche ramosa	Phelipanche ramosa	Phelipanche ramosa	Streptophyta	Magnoliopsida	Lamiales	Orobanchaceae	Phelipanche	NCBI_LINEAGE
PQ479125.1	Orobanche ramosa	Phelipanche ramosa	Phelipanche ramosa	Streptophyta	Magnoliopsida	Lamiales	Orobanchaceae	Phelipanche	NCBI_LINEAGE
PQ479126.1	Orobanche ramosa	Phelipanche ramosa	Phelipanche ramosa	Streptophyta	Magnoliopsida	Lamiales	Orobanchaceae	Phelipanche	NCBI_LINEAGE
PQ479127.1	Orobanche ramosa	Phelipanche ramosa	Phelipanche ramosa	Streptophyta	Magnoliopsida	Lamiales	Orobanchaceae	Phelipanche	NCBI_LINEAGE
PQ479128.1	Orobanche ramosa	Phelipanche ramosa	Phelipanche ramosa	Streptophyta	Magnoliopsida	Lamiales	Orobanchaceae	Phelipanche	NCBI_LINEAGE
PQ479129.1	Orobanche ramosa	Phelipanche ramosa	Phelipanche ramosa	Streptophyta	Magnoliopsida	Lamiales	Orobanchaceae	Phelipanche	NCBI_LINEAGE
PQ479130.1	Orobanche ramosa	Phelipanche ramosa	Phelipanche ramosa	Streptophyta	Magnoliopsida	Lamiales	Orobanchaceae	Phelipanche	NCBI_LINEAGE
PQ479132.1	Orobanche ramosa	Phelipanche ramosa	Phelipanche ramosa	Streptophyta	Magnoliopsida	Lamiales	Orobanchaceae	Phelipanche	NCBI_LINEAGE
PQ479133.1	Orobanche ramosa	Phelipanche ramosa	Phelipanche ramosa	Streptophyta	Magnoliopsida	Lamiales	Orobanchaceae	Phelipanche	NCBI_LINEAGE
PQ479134.1	Orobanche ramosa	Phelipanche ramosa	Phelipanche ramosa	Streptophyta	Magnoliopsida	Lamiales	Orobanchaceae	Phelipanche	NCBI_LINEAGE
PQ479135.1	Orobanche ramosa	Phelipanche ramosa	Phelipanche ramosa	Streptophyta	Magnoliopsida	Lamiales	Orobanchaceae	Phelipanche	NCBI_LINEAGE
PQ479136.1	Orobanche ramosa	Phelipanche ramosa	Phelipanche ramosa	Streptophyta	Magnoliopsida	Lamiales	Orobanchaceae	Phelipanche	NCBI_LINEAGE
AY209252.1	Orobanche salviae	Orobanche salviae	Orobanche salviae	Tracheophyta	Magnoliopsida	Lamiales	Orobanchaceae	Orobanche	BOLD_GENUS_BACKBONE
JQ795975.1	Orthothecium chryseon	Orthothecium chryseon	Orthothecium chryseon	Bryophyta	Bryopsida	Hypnales	Plagiotheciaceae	Orthothecium	BOLD_GENUS_BACKBONE
MH275483.1	Orthotrichum pulchellum	Orthotrichum pulchellum	Orthotrichum pulchellum	Bryophyta	Bryopsida	Orthotrichales	Orthotrichaceae	Orthotrichum	BOLD_GENUS_BACKBONE
MH275484.1	Orthotrichum pulchellum	Orthotrichum pulchellum	Orthotrichum pulchellum	Bryophyta	Bryopsida	Orthotrichales	Orthotrichaceae	Orthotrichum	BOLD_GENUS_BACKBONE
MH275485.1	Orthotrichum scanicum	Orthotrichum scanicum	Orthotrichum scanicum	Bryophyta	Bryopsida	Orthotrichales	Orthotrichaceae	Orthotrichum	BOLD_GENUS_BACKBONE
MH275486.1	Orthotrichum schimperi	Orthotrichum schimperi	Orthotrichum schimperi	Bryophyta	Bryopsida	Orthotrichales	Orthotrichaceae	Orthotrichum	BOLD_GENUS_BACKBONE
MH275487.1	Orthotrichum schimperi	Orthotrichum schimperi	Orthotrichum schimperi	Bryophyta	Bryopsida	Orthotrichales	Orthotrichaceae	Orthotrichum	BOLD_GENUS_BACKBONE
JN618506.1	Oxalis articulata	Oxalis articulata f. crassipes	Oxalis articulata	Tracheophyta	Magnoliopsida	Oxalidales	Oxalidaceae	Oxalis	BOLD_GENUS_BACKBONE
JN618507.1	Oxalis articulata	Oxalis articulata subsp. rubra	Oxalis articulata	Tracheophyta	Magnoliopsida	Oxalidales	Oxalidaceae	Oxalis	BOLD_GENUS_BACKBONE
KX249607.1	Oxalis articulata	Oxalis articulata subsp. articulata	Oxalis articulata	Tracheophyta	Magnoliopsida	Oxalidales	Oxalidaceae	Oxalis	BOLD_GENUS_BACKBONE
KX249608.1	Oxalis articulata	Oxalis articulata subsp. articulata	Oxalis articulata	Tracheophyta	Magnoliopsida	Oxalidales	Oxalidaceae	Oxalis	BOLD_GENUS_BACKBONE
KX249609.1	Oxalis articulata	Oxalis articulata subsp. articulata	Oxalis articulata	Tracheophyta	Magnoliopsida	Oxalidales	Oxalidaceae	Oxalis	BOLD_GENUS_BACKBONE
KX249610.1	Oxalis articulata	Oxalis articulata subsp. articulata	Oxalis articulata	Tracheophyta	Magnoliopsida	Oxalidales	Oxalidaceae	Oxalis	BOLD_GENUS_BACKBONE
KX249611.1	Oxalis articulata	Oxalis articulata subsp. articulata	Oxalis articulata	Tracheophyta	Magnoliopsida	Oxalidales	Oxalidaceae	Oxalis	BOLD_GENUS_BACKBONE
KX249612.1	Oxalis articulata	Oxalis articulata subsp. articulata	Oxalis articulata	Tracheophyta	Magnoliopsida	Oxalidales	Oxalidaceae	Oxalis	BOLD_GENUS_BACKBONE
KX249613.1	Oxalis articulata	Oxalis articulata subsp. articulata	Oxalis articulata	Tracheophyta	Magnoliopsida	Oxalidales	Oxalidaceae	Oxalis	BOLD_GENUS_BACKBONE
KX249614.1	Oxalis articulata	Oxalis articulata subsp. articulata	Oxalis articulata	Tracheophyta	Magnoliopsida	Oxalidales	Oxalidaceae	Oxalis	BOLD_GENUS_BACKBONE
KX249615.1	Oxalis articulata	Oxalis articulata subsp. rubra	Oxalis articulata	Tracheophyta	Magnoliopsida	Oxalidales	Oxalidaceae	Oxalis	BOLD_GENUS_BACKBONE
KX249616.1	Oxalis articulata	Oxalis articulata subsp. rubra	Oxalis articulata	Tracheophyta	Magnoliopsida	Oxalidales	Oxalidaceae	Oxalis	BOLD_GENUS_BACKBONE
KX249617.1	Oxalis articulata	Oxalis articulata subsp. rubra	Oxalis articulata	Tracheophyta	Magnoliopsida	Oxalidales	Oxalidaceae	Oxalis	BOLD_GENUS_BACKBONE
U74265.1	Oxalis articulata	Oxalis articulata f. crassipes	Oxalis articulata	Tracheophyta	Magnoliopsida	Oxalidales	Oxalidaceae	Oxalis	BOLD_GENUS_BACKBONE
EU274620.1	Oxalis fontana	Oxalis stricta	Oxalis stricta	Tracheophyta	Magnoliopsida	Oxalidales	Oxalidaceae	Oxalis	BOLD_GENUS_BACKBONE
EU274621.1	Oxalis fontana	Oxalis stricta	Oxalis stricta	Tracheophyta	Magnoliopsida	Oxalidales	Oxalidaceae	Oxalis	BOLD_GENUS_BACKBONE
EU274622.1	Oxalis fontana	Oxalis stricta	Oxalis stricta	Tracheophyta	Magnoliopsida	Oxalidales	Oxalidaceae	Oxalis	BOLD_GENUS_BACKBONE
EU436869.1	Oxalis fontana	Oxalis stricta	Oxalis stricta	Tracheophyta	Magnoliopsida	Oxalidales	Oxalidaceae	Oxalis	BOLD_GENUS_BACKBONE
KC481648.1	Oxalis fontana	Oxalis stricta	Oxalis stricta	Tracheophyta	Magnoliopsida	Oxalidales	Oxalidaceae	Oxalis	BOLD_GENUS_BACKBONE
KC481649.1	Oxalis fontana	Oxalis stricta	Oxalis stricta	Tracheophyta	Magnoliopsida	Oxalidales	Oxalidaceae	Oxalis	BOLD_GENUS_BACKBONE
KC481650.1	Oxalis fontana	Oxalis stricta	Oxalis stricta	Tracheophyta	Magnoliopsida	Oxalidales	Oxalidaceae	Oxalis	BOLD_GENUS_BACKBONE
MW145408.1	Oxalis fontana	Oxalis stricta	Oxalis stricta	Tracheophyta	Magnoliopsida	Oxalidales	Oxalidaceae	Oxalis	BOLD_GENUS_BACKBONE
JN999345.1	Oxycoccus microcarpus	Vaccinium microcarpum	Vaccinium microcarpum	Tracheophyta	Magnoliopsida	Ericales	Ericaceae	Vaccinium	BOLD_GENUS_BACKBONE
JN999346.1	Oxycoccus microcarpus	Vaccinium microcarpum	Vaccinium microcarpum	Tracheophyta	Magnoliopsida	Ericales	Ericaceae	Vaccinium	BOLD_GENUS_BACKBONE
KM209461.1	Oxycoccus palustris	Vaccinium oxycoccos	Vaccinium oxycoccos	Tracheophyta	Magnoliopsida	Ericales	Ericaceae	Vaccinium	BOLD_GENUS_BACKBONE
AF509812.1	Paederota bonarota	Paederota bonarota	Paederota bonarota	Streptophyta	Magnoliopsida	Lamiales	Plantaginaceae	Paederota	NCBI_LINEAGE
AF313024.1	Paederota lutea	Paederota lutea	Paederota lutea	Streptophyta	Magnoliopsida	Lamiales	Plantaginaceae	Paederota	NCBI_LINEAGE
U27684.1	Paeonia mascula	Paeonia mascula subsp. hellenica	Paeonia mascula	Tracheophyta	Magnoliopsida	Saxifragales	Paeoniaceae	Paeonia	BOLD_GENUS_BACKBONE
U27686.1	Paeonia mascula	Paeonia mascula subsp. mascula	Paeonia mascula	Tracheophyta	Magnoliopsida	Saxifragales	Paeoniaceae	Paeonia	BOLD_GENUS_BACKBONE
U27691.1	Paeonia mascula	Paeonia mascula subsp. russoi	Paeonia mascula	Tracheophyta	Magnoliopsida	Saxifragales	Paeoniaceae	Paeonia	BOLD_GENUS_BACKBONE
KX610973.1	Paliurus spina-christi	Paliurus spina-christi	Paliurus spina-christi	Streptophyta	Magnoliopsida	Rosales	Rhamnaceae	Paliurus	NCBI_LINEAGE
KX610974.1	Paliurus spina-christi	Paliurus spina-christi	Paliurus spina-christi	Streptophyta	Magnoliopsida	Rosales	Rhamnaceae	Paliurus	NCBI_LINEAGE
GU237169.1	Palustriella decipiens	Palustriella decipiens	Palustriella decipiens	Bryophyta	Bryopsida	Hypnales	Amblystegiaceae	Palustriella	BOLD_GENUS_BACKBONE
AF053682.1	Pandorina morum	Pandorina morum	Pandorina morum	Chlorophyta	Chlorophyceae	Chlamydomonadales	Volvocaceae	Pandorina	NCBI_LINEAGE
AF053683.1	Pandorina morum	Pandorina morum	Pandorina morum	Chlorophyta	Chlorophyceae	Chlamydomonadales	Volvocaceae	Pandorina	NCBI_LINEAGE
AF098182.1	Pandorina morum	Pandorina morum	Pandorina morum	Chlorophyta	Chlorophyceae	Chlamydomonadales	Volvocaceae	Pandorina	NCBI_LINEAGE
AF098183.1	Pandorina morum	Pandorina morum	Pandorina morum	Chlorophyta	Chlorophyceae	Chlamydomonadales	Volvocaceae	Pandorina	NCBI_LINEAGE
AF098184.1	Pandorina morum	Pandorina morum	Pandorina morum	Chlorophyta	Chlorophyceae	Chlamydomonadales	Volvocaceae	Pandorina	NCBI_LINEAGE
AF098185.1	Pandorina morum	Pandorina morum	Pandorina morum	Chlorophyta	Chlorophyceae	Chlamydomonadales	Volvocaceae	Pandorina	NCBI_LINEAGE
AF098186.1	Pandorina morum	Pandorina morum	Pandorina morum	Chlorophyta	Chlorophyceae	Chlamydomonadales	Volvocaceae	Pandorina	NCBI_LINEAGE
AF098188.1	Pandorina morum	Pandorina morum	Pandorina morum	Chlorophyta	Chlorophyceae	Chlamydomonadales	Volvocaceae	Pandorina	NCBI_LINEAGE
AF098189.1	Pandorina morum	Pandorina morum	Pandorina morum	Chlorophyta	Chlorophyceae	Chlamydomonadales	Volvocaceae	Pandorina	NCBI_LINEAGE
AF098190.1	Pandorina morum	Pandorina morum	Pandorina morum	Chlorophyta	Chlorophyceae	Chlamydomonadales	Volvocaceae	Pandorina	NCBI_LINEAGE
AF098191.2	Pandorina morum	Pandorina morum	Pandorina morum	Chlorophyta	Chlorophyceae	Chlamydomonadales	Volvocaceae	Pandorina	NCBI_LINEAGE
AF098192.1	Pandorina morum	Pandorina morum	Pandorina morum	Chlorophyta	Chlorophyceae	Chlamydomonadales	Volvocaceae	Pandorina	NCBI_LINEAGE
AF098193.1	Pandorina morum	Pandorina morum	Pandorina morum	Chlorophyta	Chlorophyceae	Chlamydomonadales	Volvocaceae	Pandorina	NCBI_LINEAGE
AF098194.1	Pandorina morum	Pandorina morum	Pandorina morum	Chlorophyta	Chlorophyceae	Chlamydomonadales	Volvocaceae	Pandorina	NCBI_LINEAGE
AF098195.1	Pandorina morum	Pandorina morum	Pandorina morum	Chlorophyta	Chlorophyceae	Chlamydomonadales	Volvocaceae	Pandorina	NCBI_LINEAGE
AF098196.1	Pandorina morum	Pandorina morum	Pandorina morum	Chlorophyta	Chlorophyceae	Chlamydomonadales	Volvocaceae	Pandorina	NCBI_LINEAGE
AF098197.1	Pandorina morum	Pandorina morum	Pandorina morum	Chlorophyta	Chlorophyceae	Chlamydomonadales	Volvocaceae	Pandorina	NCBI_LINEAGE
AF098199.1	Pandorina morum	Pandorina morum	Pandorina morum	Chlorophyta	Chlorophyceae	Chlamydomonadales	Volvocaceae	Pandorina	NCBI_LINEAGE
AF098200.1	Pandorina morum	Pandorina morum	Pandorina morum	Chlorophyta	Chlorophyceae	Chlamydomonadales	Volvocaceae	Pandorina	NCBI_LINEAGE
AF098201.1	Pandorina morum	Pandorina morum	Pandorina morum	Chlorophyta	Chlorophyceae	Chlamydomonadales	Volvocaceae	Pandorina	NCBI_LINEAGE
AF098787.1	Pandorina morum	Pandorina morum	Pandorina morum	Chlorophyta	Chlorophyceae	Chlamydomonadales	Volvocaceae	Pandorina	NCBI_LINEAGE
AF100903.1	Pandorina morum	Pandorina morum	Pandorina morum	Chlorophyta	Chlorophyceae	Chlamydomonadales	Volvocaceae	Pandorina	NCBI_LINEAGE
AF182433.1	Pandorina morum	Pandorina morum	Pandorina morum	Chlorophyta	Chlorophyceae	Chlamydomonadales	Volvocaceae	Pandorina	NCBI_LINEAGE
AF182434.1	Pandorina morum	Pandorina morum	Pandorina morum	Chlorophyta	Chlorophyceae	Chlamydomonadales	Volvocaceae	Pandorina	NCBI_LINEAGE
AF376727.1	Pandorina morum	Pandorina morum	Pandorina morum	Chlorophyta	Chlorophyceae	Chlamydomonadales	Volvocaceae	Pandorina	NCBI_LINEAGE
AF376728.1	Pandorina morum	Pandorina morum	Pandorina morum	Chlorophyta	Chlorophyceae	Chlamydomonadales	Volvocaceae	Pandorina	NCBI_LINEAGE
AF376729.1	Pandorina morum	Pandorina morum	Pandorina morum	Chlorophyta	Chlorophyceae	Chlamydomonadales	Volvocaceae	Pandorina	NCBI_LINEAGE
AF376730.1	Pandorina morum	Pandorina morum	Pandorina morum	Chlorophyta	Chlorophyceae	Chlamydomonadales	Volvocaceae	Pandorina	NCBI_LINEAGE
AF376731.1	Pandorina morum	Pandorina morum	Pandorina morum	Chlorophyta	Chlorophyceae	Chlamydomonadales	Volvocaceae	Pandorina	NCBI_LINEAGE
AF376732.1	Pandorina morum	Pandorina morum	Pandorina morum	Chlorophyta	Chlorophyceae	Chlamydomonadales	Volvocaceae	Pandorina	NCBI_LINEAGE
AF376733.1	Pandorina morum	Pandorina morum	Pandorina morum	Chlorophyta	Chlorophyceae	Chlamydomonadales	Volvocaceae	Pandorina	NCBI_LINEAGE
AF376734.1	Pandorina morum	Pandorina morum	Pandorina morum	Chlorophyta	Chlorophyceae	Chlamydomonadales	Volvocaceae	Pandorina	NCBI_LINEAGE
AF376735.1	Pandorina morum	Pandorina morum	Pandorina morum	Chlorophyta	Chlorophyceae	Chlamydomonadales	Volvocaceae	Pandorina	NCBI_LINEAGE
AF376736.1	Pandorina morum	Pandorina morum	Pandorina morum	Chlorophyta	Chlorophyceae	Chlamydomonadales	Volvocaceae	Pandorina	NCBI_LINEAGE
AF376737.1	Pandorina morum	Pandorina morum	Pandorina morum	Chlorophyta	Chlorophyceae	Chlamydomonadales	Volvocaceae	Pandorina	NCBI_LINEAGE
AF376738.1	Pandorina morum	Pandorina morum	Pandorina morum	Chlorophyta	Chlorophyceae	Chlamydomonadales	Volvocaceae	Pandorina	NCBI_LINEAGE
AF376739.1	Pandorina morum	Pandorina morum	Pandorina morum	Chlorophyta	Chlorophyceae	Chlamydomonadales	Volvocaceae	Pandorina	NCBI_LINEAGE
AF376740.1	Pandorina morum	Pandorina morum	Pandorina morum	Chlorophyta	Chlorophyceae	Chlamydomonadales	Volvocaceae	Pandorina	NCBI_LINEAGE
AF376741.1	Pandorina morum	Pandorina morum	Pandorina morum	Chlorophyta	Chlorophyceae	Chlamydomonadales	Volvocaceae	Pandorina	NCBI_LINEAGE
AF376742.1	Pandorina morum	Pandorina morum	Pandorina morum	Chlorophyta	Chlorophyceae	Chlamydomonadales	Volvocaceae	Pandorina	NCBI_LINEAGE
AF376743.1	Pandorina morum	Pandorina morum	Pandorina morum	Chlorophyta	Chlorophyceae	Chlamydomonadales	Volvocaceae	Pandorina	NCBI_LINEAGE
AF376744.1	Pandorina morum	Pandorina morum	Pandorina morum	Chlorophyta	Chlorophyceae	Chlamydomonadales	Volvocaceae	Pandorina	NCBI_LINEAGE
AF376745.1	Pandorina morum	Pandorina morum	Pandorina morum	Chlorophyta	Chlorophyceae	Chlamydomonadales	Volvocaceae	Pandorina	NCBI_LINEAGE
AF378357.1	Pandorina morum	Pandorina morum	Pandorina morum	Chlorophyta	Chlorophyceae	Chlamydomonadales	Volvocaceae	Pandorina	NCBI_LINEAGE
AF378358.1	Pandorina morum	Pandorina morum	Pandorina morum	Chlorophyta	Chlorophyceae	Chlamydomonadales	Volvocaceae	Pandorina	NCBI_LINEAGE
AF378359.1	Pandorina morum	Pandorina morum	Pandorina morum	Chlorophyta	Chlorophyceae	Chlamydomonadales	Volvocaceae	Pandorina	NCBI_LINEAGE
AF378360.1	Pandorina morum	Pandorina morum	Pandorina morum	Chlorophyta	Chlorophyceae	Chlamydomonadales	Volvocaceae	Pandorina	NCBI_LINEAGE
AF378361.1	Pandorina morum	Pandorina morum	Pandorina morum	Chlorophyta	Chlorophyceae	Chlamydomonadales	Volvocaceae	Pandorina	NCBI_LINEAGE
AF378362.1	Pandorina morum	Pandorina morum	Pandorina morum	Chlorophyta	Chlorophyceae	Chlamydomonadales	Volvocaceae	Pandorina	NCBI_LINEAGE
U66987.1	Pandorina morum	Pandorina morum	Pandorina morum	Chlorophyta	Chlorophyceae	Chlamydomonadales	Volvocaceae	Pandorina	NCBI_LINEAGE
KP296082.1	Panicum capillare	Panicum capillare	Panicum capillare	Tracheophyta	Liliopsida	Poales	Poaceae	Panicum	BOLD_GENUS_BACKBONE
KJ598946.1	Parapholis strigosa	Parapholis strigosa	Parapholis strigosa	Tracheophyta	Liliopsida	Poales	Poaceae	Parapholis	BOLD_GENUS_BACKBONE
MH317236.1	Parietaria officinalis	Parietaria officinalis	Parietaria officinalis	Tracheophyta	Magnoliopsida	Rosales	Urticaceae	Parietaria	BOLD_GENUS_BACKBONE
MH317272.1	Parietaria officinalis	Parietaria officinalis	Parietaria officinalis	Tracheophyta	Magnoliopsida	Rosales	Urticaceae	Parietaria	BOLD_GENUS_BACKBONE
MH317273.1	Parietaria officinalis	Parietaria officinalis	Parietaria officinalis	Tracheophyta	Magnoliopsida	Rosales	Urticaceae	Parietaria	BOLD_GENUS_BACKBONE
MH317274.1	Parietaria officinalis	Parietaria officinalis	Parietaria officinalis	Tracheophyta	Magnoliopsida	Rosales	Urticaceae	Parietaria	BOLD_GENUS_BACKBONE
MH317275.1	Parietaria officinalis	Parietaria officinalis	Parietaria officinalis	Tracheophyta	Magnoliopsida	Rosales	Urticaceae	Parietaria	BOLD_GENUS_BACKBONE
AY936247.1	Paronychia kapela	Paronychia kapela	Paronychia kapela	Streptophyta	Magnoliopsida	Caryophyllales	Caryophyllaceae	Paronychia	NCBI_LINEAGE
AF015443.1	Parrotia persica	Parrotia persica	Parrotia persica	Streptophyta	Magnoliopsida	Saxifragales	Hamamelidaceae	Parrotia	NCBI_LINEAGE
AF128803.1	Parrotia persica	Parrotia persica	Parrotia persica	Streptophyta	Magnoliopsida	Saxifragales	Hamamelidaceae	Parrotia	NCBI_LINEAGE
AF128804.1	Parrotia persica	Parrotia persica	Parrotia persica	Streptophyta	Magnoliopsida	Saxifragales	Hamamelidaceae	Parrotia	NCBI_LINEAGE
MF349116.1	Parrotia persica	Parrotia persica	Parrotia persica	Streptophyta	Magnoliopsida	Saxifragales	Hamamelidaceae	Parrotia	NCBI_LINEAGE
AF478941.1	Paulownia tomentosa	Paulownia tomentosa	Paulownia tomentosa	Streptophyta	Magnoliopsida	Lamiales	Paulowniaceae	Paulownia	NCBI_LINEAGE
KP718625.1	Paulownia tomentosa	Paulownia tomentosa	Paulownia tomentosa	Streptophyta	Magnoliopsida	Lamiales	Paulowniaceae	Paulownia	NCBI_LINEAGE
KX663337.1	Paulownia tomentosa	Paulownia tomentosa	Paulownia tomentosa	Streptophyta	Magnoliopsida	Lamiales	Paulowniaceae	Paulownia	NCBI_LINEAGE
AY577731.1	Pediastrum boryanum	Pseudopediastrum boryanum	Pseudopediastrum boryanum	Chlorophyta	Chlorophyceae	Sphaeropleales	Hydrodictyaceae	Pseudopediastrum	NCBI_LINEAGE
AY577741.1	Pediastrum boryanum	Pseudopediastrum boryanum	Pseudopediastrum boryanum	Chlorophyta	Chlorophyceae	Sphaeropleales	Hydrodictyaceae	Pseudopediastrum	NCBI_LINEAGE
AY780652.1	Pediastrum boryanum	Pseudopediastrum boryanum	Pseudopediastrum boryanum	Chlorophyta	Chlorophyceae	Sphaeropleales	Hydrodictyaceae	Pseudopediastrum	NCBI_LINEAGE
HM021306.1	Pediastrum boryanum	Pseudopediastrum boryanum	Pseudopediastrum boryanum	Chlorophyta	Chlorophyceae	Sphaeropleales	Hydrodictyaceae	Pseudopediastrum	NCBI_LINEAGE
HM021307.1	Pediastrum boryanum	Pseudopediastrum boryanum	Pseudopediastrum boryanum	Chlorophyta	Chlorophyceae	Sphaeropleales	Hydrodictyaceae	Pseudopediastrum	NCBI_LINEAGE
KU595572.1	Pediastrum boryanum	Pseudopediastrum boryanum	Pseudopediastrum boryanum	Chlorophyta	Chlorophyceae	Sphaeropleales	Hydrodictyaceae	Pseudopediastrum	NCBI_LINEAGE
KU595573.1	Pediastrum boryanum	Pseudopediastrum boryanum	Pseudopediastrum boryanum	Chlorophyta	Chlorophyceae	Sphaeropleales	Hydrodictyaceae	Pseudopediastrum	NCBI_LINEAGE
KU595574.1	Pediastrum boryanum	Pseudopediastrum boryanum	Pseudopediastrum boryanum	Chlorophyta	Chlorophyceae	Sphaeropleales	Hydrodictyaceae	Pseudopediastrum	NCBI_LINEAGE
KU595575.1	Pediastrum boryanum	Pseudopediastrum boryanum	Pseudopediastrum boryanum	Chlorophyta	Chlorophyceae	Sphaeropleales	Hydrodictyaceae	Pseudopediastrum	NCBI_LINEAGE
KX396262.1	Pelekium minutulum	Pelekium minutulum	Pelekium minutulum	Streptophyta	Bryopsida	Hypnales	Thuidiaceae	Pelekium	NCBI_LINEAGE
KX396265.1	Pelekium minutulum	Pelekium minutulum	Pelekium minutulum	Streptophyta	Bryopsida	Hypnales	Thuidiaceae	Pelekium	NCBI_LINEAGE
KF022717.1	Peltaria alliacea	Peltaria alliacea	Peltaria alliacea	Streptophyta	Magnoliopsida	Brassicales	Brassicaceae	Peltaria	NCBI_LINEAGE
AY035751.1	Peplis portula	Lythrum portula	Lythrum portula	Tracheophyta	Magnoliopsida	Myrtales	Lythraceae	Lythrum	BOLD_GENUS_BACKBONE
GQ339919.1	Persicaria vivipara	Bistorta vivipara	Bistorta vivipara	Streptophyta	Magnoliopsida	Caryophyllales	Polygonaceae	Bistorta	NCBI_LINEAGE
JN998980.1	Persicaria vivipara	Bistorta vivipara	Bistorta vivipara	Streptophyta	Magnoliopsida	Caryophyllales	Polygonaceae	Bistorta	NCBI_LINEAGE
JN998981.1	Persicaria vivipara	Bistorta vivipara	Bistorta vivipara	Streptophyta	Magnoliopsida	Caryophyllales	Polygonaceae	Bistorta	NCBI_LINEAGE
JN998982.1	Persicaria vivipara	Bistorta vivipara	Bistorta vivipara	Streptophyta	Magnoliopsida	Caryophyllales	Polygonaceae	Bistorta	NCBI_LINEAGE
KT960065.1	Persicaria vivipara	Bistorta vivipara	Bistorta vivipara	Streptophyta	Magnoliopsida	Caryophyllales	Polygonaceae	Bistorta	NCBI_LINEAGE
KT960246.1	Persicaria vivipara	Bistorta vivipara	Bistorta vivipara	Streptophyta	Magnoliopsida	Caryophyllales	Polygonaceae	Bistorta	NCBI_LINEAGE
KU570793.1	Petasites paradoxus	Petasites paradoxus	Petasites paradoxus	Tracheophyta	Magnoliopsida	Asterales	Asteraceae	Petasites	BOLD_GENUS_BACKBONE
KU570794.1	Petasites paradoxus	Petasites paradoxus	Petasites paradoxus	Tracheophyta	Magnoliopsida	Asterales	Asteraceae	Petasites	BOLD_GENUS_BACKBONE
GQ497871.1	Petrocallis pyrenaica	Petrocallis pyrenaica	Petrocallis pyrenaica	Streptophyta	Magnoliopsida	Brassicales	Brassicaceae	Petrocallis	NCBI_LINEAGE
AF009087.1	Peucedanum cervaria	Peucedanum cervaria	Peucedanum cervaria	Streptophyta	Magnoliopsida	Apiales	Apiaceae	Peucedanum	NCBI_LINEAGE
AF077896.1	Peucedanum ostruthium	Peucedanum ostruthium	Peucedanum ostruthium	Streptophyta	Magnoliopsida	Apiales	Apiaceae	Peucedanum	NCBI_LINEAGE
KF160674.1	Peucedanum ostruthium	Peucedanum ostruthium	Peucedanum ostruthium	Streptophyta	Magnoliopsida	Apiales	Apiaceae	Peucedanum	NCBI_LINEAGE
U78463.1	Peucedanum ostruthium	Peucedanum ostruthium	Peucedanum ostruthium	Streptophyta	Magnoliopsida	Apiales	Apiaceae	Peucedanum	NCBI_LINEAGE
AF426182.1	Phaeoceros carolinianus	Phaeoceros carolinianus	Phaeoceros carolinianus	Anthocerotophyta	Anthocerotopsida	Anthocerotales	Anthocerotaceae	Phaeoceros	BOLD_GENUS_BACKBONE
JQ954563.1	Phedimus kamtschaticus	Phedimus kamtschaticus	Phedimus kamtschaticus	Streptophyta	Magnoliopsida	Saxifragales	Crassulaceae	Phedimus	NCBI_LINEAGE
MN908958.1	Phedimus kamtschaticus	Phedimus kamtschaticus	Phedimus kamtschaticus	Streptophyta	Magnoliopsida	Saxifragales	Crassulaceae	Phedimus	NCBI_LINEAGE
MN908959.1	Phedimus kamtschaticus	Phedimus kamtschaticus	Phedimus kamtschaticus	Streptophyta	Magnoliopsida	Saxifragales	Crassulaceae	Phedimus	NCBI_LINEAGE
MN908960.1	Phedimus kamtschaticus	Phedimus kamtschaticus	Phedimus kamtschaticus	Streptophyta	Magnoliopsida	Saxifragales	Crassulaceae	Phedimus	NCBI_LINEAGE
MN908962.1	Phedimus kamtschaticus	Phedimus kamtschaticus	Phedimus kamtschaticus	Streptophyta	Magnoliopsida	Saxifragales	Crassulaceae	Phedimus	NCBI_LINEAGE
MN908963.1	Phedimus kamtschaticus	Phedimus kamtschaticus	Phedimus kamtschaticus	Streptophyta	Magnoliopsida	Saxifragales	Crassulaceae	Phedimus	NCBI_LINEAGE
MN908964.1	Phedimus kamtschaticus	Phedimus kamtschaticus	Phedimus kamtschaticus	Streptophyta	Magnoliopsida	Saxifragales	Crassulaceae	Phedimus	NCBI_LINEAGE
MN908965.1	Phedimus kamtschaticus	Phedimus kamtschaticus	Phedimus kamtschaticus	Streptophyta	Magnoliopsida	Saxifragales	Crassulaceae	Phedimus	NCBI_LINEAGE
MN908966.1	Phedimus kamtschaticus	Phedimus kamtschaticus	Phedimus kamtschaticus	Streptophyta	Magnoliopsida	Saxifragales	Crassulaceae	Phedimus	NCBI_LINEAGE
MN908967.1	Phedimus kamtschaticus	Phedimus kamtschaticus	Phedimus kamtschaticus	Streptophyta	Magnoliopsida	Saxifragales	Crassulaceae	Phedimus	NCBI_LINEAGE
MN908968.1	Phedimus kamtschaticus	Phedimus kamtschaticus	Phedimus kamtschaticus	Streptophyta	Magnoliopsida	Saxifragales	Crassulaceae	Phedimus	NCBI_LINEAGE
MN908969.1	Phedimus kamtschaticus	Phedimus kamtschaticus	Phedimus kamtschaticus	Streptophyta	Magnoliopsida	Saxifragales	Crassulaceae	Phedimus	NCBI_LINEAGE
MN908970.1	Phedimus kamtschaticus	Phedimus kamtschaticus	Phedimus kamtschaticus	Streptophyta	Magnoliopsida	Saxifragales	Crassulaceae	Phedimus	NCBI_LINEAGE
MN908971.1	Phedimus kamtschaticus	Phedimus kamtschaticus	Phedimus kamtschaticus	Streptophyta	Magnoliopsida	Saxifragales	Crassulaceae	Phedimus	NCBI_LINEAGE
KP711083.1	Phleum paniculatum	Phleum paniculatum	Phleum paniculatum	Tracheophyta	Liliopsida	Poales	Poaceae	Phleum	BOLD_GENUS_BACKBONE
KM523797.1	Phleum subulatum	Phleum subulatum	Phleum subulatum	Tracheophyta	Liliopsida	Poales	Poaceae	Phleum	BOLD_GENUS_BACKBONE
MN577898.1	Photinia serratifolia	Photinia serratifolia	Photinia serratifolia	Streptophyta	Magnoliopsida	Rosales	Rosaceae	Photinia	NCBI_LINEAGE
MN216009.1	Photinia villosa	Pourthiaea villosa	Pourthiaea villosa	Streptophyta	Magnoliopsida	Rosales	Rosaceae	Pourthiaea	NCBI_LINEAGE
MT249070.1	Photinia villosa	Pourthiaea villosa	Pourthiaea villosa	Streptophyta	Magnoliopsida	Rosales	Rosaceae	Pourthiaea	NCBI_LINEAGE
MT249071.1	Photinia villosa	Pourthiaea villosa	Pourthiaea villosa	Streptophyta	Magnoliopsida	Rosales	Rosaceae	Pourthiaea	NCBI_LINEAGE
MT249073.1	Photinia villosa	Pourthiaea villosa	Pourthiaea villosa	Streptophyta	Magnoliopsida	Rosales	Rosaceae	Pourthiaea	NCBI_LINEAGE
MT249077.1	Photinia villosa	Pourthiaea villosa	Pourthiaea villosa	Streptophyta	Magnoliopsida	Rosales	Rosaceae	Pourthiaea	NCBI_LINEAGE
MT249081.1	Photinia villosa	Pourthiaea villosa	Pourthiaea villosa	Streptophyta	Magnoliopsida	Rosales	Rosaceae	Pourthiaea	NCBI_LINEAGE
MT249082.1	Photinia villosa	Pourthiaea villosa	Pourthiaea villosa	Streptophyta	Magnoliopsida	Rosales	Rosaceae	Pourthiaea	NCBI_LINEAGE
MT249084.1	Photinia villosa	Pourthiaea villosa	Pourthiaea villosa	Streptophyta	Magnoliopsida	Rosales	Rosaceae	Pourthiaea	NCBI_LINEAGE
MT249091.1	Photinia villosa	Pourthiaea villosa	Pourthiaea villosa	Streptophyta	Magnoliopsida	Rosales	Rosaceae	Pourthiaea	NCBI_LINEAGE
MT249097.1	Photinia villosa	Pourthiaea villosa	Pourthiaea villosa	Streptophyta	Magnoliopsida	Rosales	Rosaceae	Pourthiaea	NCBI_LINEAGE
MT249098.1	Photinia villosa	Pourthiaea villosa	Pourthiaea villosa	Streptophyta	Magnoliopsida	Rosales	Rosaceae	Pourthiaea	NCBI_LINEAGE
MT249099.1	Photinia villosa	Pourthiaea villosa	Pourthiaea villosa	Streptophyta	Magnoliopsida	Rosales	Rosaceae	Pourthiaea	NCBI_LINEAGE
MT249104.1	Photinia villosa	Pourthiaea villosa	Pourthiaea villosa	Streptophyta	Magnoliopsida	Rosales	Rosaceae	Pourthiaea	NCBI_LINEAGE
MT249105.1	Photinia villosa	Pourthiaea villosa	Pourthiaea villosa	Streptophyta	Magnoliopsida	Rosales	Rosaceae	Pourthiaea	NCBI_LINEAGE
PQ117736.1	Photinia villosa	Pourthiaea villosa	Pourthiaea villosa	Streptophyta	Magnoliopsida	Rosales	Rosaceae	Pourthiaea	NCBI_LINEAGE
JX475162.1	Phyllitis scolopendrium	Asplenium scolopendrium	Asplenium scolopendrium	Tracheophyta	Polypodiopsida	Polypodiales	Aspleniaceae	Asplenium	BOLD_GENUS_BACKBONE
JX475163.1	Phyllitis scolopendrium	Asplenium scolopendrium	Asplenium scolopendrium	Tracheophyta	Polypodiopsida	Polypodiales	Aspleniaceae	Asplenium	BOLD_GENUS_BACKBONE
MN433602.1	Phyllostachys bambusoides	Phyllostachys bambusoides	Phyllostachys bambusoides	Streptophyta	Magnoliopsida	Poales	Poaceae	Phyllostachys	NCBI_LINEAGE
AF244711.1	Physalis alkekengi	Alkekengi officinarum	Alkekengi officinarum	Streptophyta	Magnoliopsida	Solanales	Solanaceae	Alkekengi	NCBI_LINEAGE
AY665849.1	Physalis alkekengi	Alkekengi officinarum	Alkekengi officinarum	Streptophyta	Magnoliopsida	Solanales	Solanaceae	Alkekengi	NCBI_LINEAGE
AY665850.1	Physalis alkekengi	Alkekengi officinarum	Alkekengi officinarum	Streptophyta	Magnoliopsida	Solanales	Solanaceae	Alkekengi	NCBI_LINEAGE
KP893949.1	Physalis alkekengi	Alkekengi officinarum	Alkekengi officinarum	Streptophyta	Magnoliopsida	Solanales	Solanaceae	Alkekengi	NCBI_LINEAGE
KP893950.1	Physalis alkekengi	Alkekengi officinarum	Alkekengi officinarum	Streptophyta	Magnoliopsida	Solanales	Solanaceae	Alkekengi	NCBI_LINEAGE
KP893951.1	Physalis alkekengi	Alkekengi officinarum	Alkekengi officinarum	Streptophyta	Magnoliopsida	Solanales	Solanaceae	Alkekengi	NCBI_LINEAGE
KP893952.1	Physalis alkekengi	Alkekengi officinarum	Alkekengi officinarum	Streptophyta	Magnoliopsida	Solanales	Solanaceae	Alkekengi	NCBI_LINEAGE
KP893953.1	Physalis alkekengi	Alkekengi officinarum	Alkekengi officinarum	Streptophyta	Magnoliopsida	Solanales	Solanaceae	Alkekengi	NCBI_LINEAGE
KP893954.1	Physalis alkekengi	Alkekengi officinarum	Alkekengi officinarum	Streptophyta	Magnoliopsida	Solanales	Solanaceae	Alkekengi	NCBI_LINEAGE
KX171667.1	Physalis alkekengi	Alkekengi officinarum	Alkekengi officinarum	Streptophyta	Magnoliopsida	Solanales	Solanaceae	Alkekengi	NCBI_LINEAGE
KC455569.1	Phyteuma ovatum	Phyteuma ovatum	Phyteuma ovatum	Tracheophyta	Magnoliopsida	Asterales	Campanulaceae	Phyteuma	BOLD_GENUS_BACKBONE
KC455592.1	Phyteuma ovatum	Phyteuma ovatum	Phyteuma ovatum	Tracheophyta	Magnoliopsida	Asterales	Campanulaceae	Phyteuma	BOLD_GENUS_BACKBONE
KC455603.1	Phyteuma scheuchzeri	Phyteuma scheuchzeri subsp. columnae	Phyteuma scheuchzeri	Tracheophyta	Magnoliopsida	Asterales	Campanulaceae	Phyteuma	BOLD_GENUS_BACKBONE
KC455628.1	Phyteuma scheuchzeri	Phyteuma scheuchzeri subsp. columnae	Phyteuma scheuchzeri	Tracheophyta	Magnoliopsida	Asterales	Campanulaceae	Phyteuma	BOLD_GENUS_BACKBONE
KC455629.1	Phyteuma scheuchzeri	Phyteuma scheuchzeri subsp. columnae	Phyteuma scheuchzeri	Tracheophyta	Magnoliopsida	Asterales	Campanulaceae	Phyteuma	BOLD_GENUS_BACKBONE
KC455630.1	Phyteuma scheuchzeri	Phyteuma scheuchzeri subsp. scheuchzeri	Phyteuma scheuchzeri	Tracheophyta	Magnoliopsida	Asterales	Campanulaceae	Phyteuma	BOLD_GENUS_BACKBONE
KC455631.1	Phyteuma scheuchzeri	Phyteuma scheuchzeri subsp. columnae	Phyteuma scheuchzeri	Tracheophyta	Magnoliopsida	Asterales	Campanulaceae	Phyteuma	BOLD_GENUS_BACKBONE
KC455632.1	Phyteuma scheuchzeri	Phyteuma scheuchzeri subsp. columnae	Phyteuma scheuchzeri	Tracheophyta	Magnoliopsida	Asterales	Campanulaceae	Phyteuma	BOLD_GENUS_BACKBONE
KC455633.1	Phyteuma scheuchzeri	Phyteuma scheuchzeri subsp. columnae	Phyteuma scheuchzeri	Tracheophyta	Magnoliopsida	Asterales	Campanulaceae	Phyteuma	BOLD_GENUS_BACKBONE
KC455634.1	Phyteuma scheuchzeri	Phyteuma scheuchzeri subsp. scheuchzeri	Phyteuma scheuchzeri	Tracheophyta	Magnoliopsida	Asterales	Campanulaceae	Phyteuma	BOLD_GENUS_BACKBONE
KC455635.1	Phyteuma scheuchzeri	Phyteuma scheuchzeri subsp. scheuchzeri	Phyteuma scheuchzeri	Tracheophyta	Magnoliopsida	Asterales	Campanulaceae	Phyteuma	BOLD_GENUS_BACKBONE
KC455636.1	Phyteuma scheuchzeri	Phyteuma scheuchzeri subsp. scheuchzeri	Phyteuma scheuchzeri	Tracheophyta	Magnoliopsida	Asterales	Campanulaceae	Phyteuma	BOLD_GENUS_BACKBONE
KC455643.1	Phyteuma scheuchzeri	Phyteuma scheuchzeri subsp. columnae	Phyteuma scheuchzeri	Tracheophyta	Magnoliopsida	Asterales	Campanulaceae	Phyteuma	BOLD_GENUS_BACKBONE
KC455644.1	Phyteuma scheuchzeri	Phyteuma scheuchzeri subsp. scheuchzeri	Phyteuma scheuchzeri	Tracheophyta	Magnoliopsida	Asterales	Campanulaceae	Phyteuma	BOLD_GENUS_BACKBONE
KC455645.1	Phyteuma scheuchzeri	Phyteuma scheuchzeri subsp. scheuchzeri	Phyteuma scheuchzeri	Tracheophyta	Magnoliopsida	Asterales	Campanulaceae	Phyteuma	BOLD_GENUS_BACKBONE
AF422123.1	Picris echioides	Helminthotheca echioides	Helminthotheca echioides	Streptophyta	Magnoliopsida	Asterales	Asteraceae	Helminthotheca	NCBI_LINEAGE
KR052987.1	Pinus heldreichii	Pinus heldreichii	Pinus heldreichii	Tracheophyta	Pinopsida	Pinales	Pinaceae	Pinus	BOLD_GENUS_BACKBONE
KR052988.1	Pinus heldreichii	Pinus heldreichii	Pinus heldreichii	Tracheophyta	Pinopsida	Pinales	Pinaceae	Pinus	BOLD_GENUS_BACKBONE
KR052989.1	Pinus heldreichii	Pinus heldreichii	Pinus heldreichii	Tracheophyta	Pinopsida	Pinales	Pinaceae	Pinus	BOLD_GENUS_BACKBONE
KR052990.1	Pinus heldreichii	Pinus heldreichii	Pinus heldreichii	Tracheophyta	Pinopsida	Pinales	Pinaceae	Pinus	BOLD_GENUS_BACKBONE
KR052991.1	Pinus heldreichii	Pinus heldreichii	Pinus heldreichii	Tracheophyta	Pinopsida	Pinales	Pinaceae	Pinus	BOLD_GENUS_BACKBONE
GU254643.1	Piptatherum miliaceum	Oloptum miliaceum	Oloptum miliaceum	Streptophyta	Magnoliopsida	Poales	Poaceae	Oloptum	NCBI_LINEAGE
KP296090.1	Piptatherum miliaceum	Oloptum miliaceum	Oloptum miliaceum	Streptophyta	Magnoliopsida	Poales	Poaceae	Oloptum	NCBI_LINEAGE
AF305922.1	Pisum arvense	Lathyrus oleraceus var. arvensis	Lathyrus oleraceus	Tracheophyta	Magnoliopsida	Fabales	Fabaceae	Lathyrus	BOLD_GENUS_BACKBONE
AF305923.1	Pisum arvense	Lathyrus oleraceus var. arvensis	Lathyrus oleraceus	Tracheophyta	Magnoliopsida	Fabales	Fabaceae	Lathyrus	BOLD_GENUS_BACKBONE
AF305924.1	Pisum arvense	Lathyrus oleraceus var. arvensis	Lathyrus oleraceus	Tracheophyta	Magnoliopsida	Fabales	Fabaceae	Lathyrus	BOLD_GENUS_BACKBONE
AF305925.1	Pisum arvense	Lathyrus oleraceus var. arvensis	Lathyrus oleraceus	Tracheophyta	Magnoliopsida	Fabales	Fabaceae	Lathyrus	BOLD_GENUS_BACKBONE
AY143436.1	Pisum arvense	Lathyrus oleraceus var. arvensis	Lathyrus oleraceus	Tracheophyta	Magnoliopsida	Fabales	Fabaceae	Lathyrus	BOLD_GENUS_BACKBONE
AY143437.1	Pisum arvense	Lathyrus oleraceus var. arvensis	Lathyrus oleraceus	Tracheophyta	Magnoliopsida	Fabales	Fabaceae	Lathyrus	BOLD_GENUS_BACKBONE
AY143449.1	Pisum arvense	Lathyrus oleraceus var. arvensis	Lathyrus oleraceus	Tracheophyta	Magnoliopsida	Fabales	Fabaceae	Lathyrus	BOLD_GENUS_BACKBONE
AY143459.1	Pisum arvense	Lathyrus oleraceus var. arvensis	Lathyrus oleraceus	Tracheophyta	Magnoliopsida	Fabales	Fabaceae	Lathyrus	BOLD_GENUS_BACKBONE
AY143465.1	Pisum arvense	Lathyrus oleraceus var. arvensis	Lathyrus oleraceus	Tracheophyta	Magnoliopsida	Fabales	Fabaceae	Lathyrus	BOLD_GENUS_BACKBONE
AY143475.1	Pisum arvense	Lathyrus oleraceus var. arvensis	Lathyrus oleraceus	Tracheophyta	Magnoliopsida	Fabales	Fabaceae	Lathyrus	BOLD_GENUS_BACKBONE
AF305926.1	Pisum elatius	Lathyrus oleraceus subsp. biflorus	Lathyrus oleraceus	Tracheophyta	Magnoliopsida	Fabales	Fabaceae	Lathyrus	BOLD_GENUS_BACKBONE
AF305927.1	Pisum elatius	Lathyrus oleraceus subsp. biflorus	Lathyrus oleraceus	Tracheophyta	Magnoliopsida	Fabales	Fabaceae	Lathyrus	BOLD_GENUS_BACKBONE
AY143438.1	Pisum elatius	Lathyrus oleraceus subsp. biflorus	Lathyrus oleraceus	Tracheophyta	Magnoliopsida	Fabales	Fabaceae	Lathyrus	BOLD_GENUS_BACKBONE
AY143442.1	Pisum elatius	Lathyrus oleraceus subsp. biflorus	Lathyrus oleraceus	Tracheophyta	Magnoliopsida	Fabales	Fabaceae	Lathyrus	BOLD_GENUS_BACKBONE
AY143446.1	Pisum elatius	Lathyrus oleraceus subsp. biflorus	Lathyrus oleraceus	Tracheophyta	Magnoliopsida	Fabales	Fabaceae	Lathyrus	BOLD_GENUS_BACKBONE
AY143450.1	Pisum elatius	Lathyrus oleraceus subsp. biflorus	Lathyrus oleraceus	Tracheophyta	Magnoliopsida	Fabales	Fabaceae	Lathyrus	BOLD_GENUS_BACKBONE
AY143452.1	Pisum elatius	Lathyrus oleraceus subsp. biflorus	Lathyrus oleraceus	Tracheophyta	Magnoliopsida	Fabales	Fabaceae	Lathyrus	BOLD_GENUS_BACKBONE
AY143453.1	Pisum elatius	Lathyrus oleraceus subsp. biflorus	Lathyrus oleraceus	Tracheophyta	Magnoliopsida	Fabales	Fabaceae	Lathyrus	BOLD_GENUS_BACKBONE
AY143454.1	Pisum elatius	Lathyrus oleraceus subsp. biflorus	Lathyrus oleraceus	Tracheophyta	Magnoliopsida	Fabales	Fabaceae	Lathyrus	BOLD_GENUS_BACKBONE
AY143455.1	Pisum elatius	Lathyrus oleraceus subsp. biflorus	Lathyrus oleraceus	Tracheophyta	Magnoliopsida	Fabales	Fabaceae	Lathyrus	BOLD_GENUS_BACKBONE
FJ572377.1	Plagiothecium platyphyllum	Plagiothecium platyphyllum	Plagiothecium platyphyllum	Bryophyta	Bryopsida	Hypnales	Plagiotheciaceae	Plagiothecium	BOLD_GENUS_BACKBONE
FJ572378.1	Plagiothecium platyphyllum	Plagiothecium platyphyllum	Plagiothecium platyphyllum	Bryophyta	Bryopsida	Hypnales	Plagiotheciaceae	Plagiothecium	BOLD_GENUS_BACKBONE
KF882166.1	Plagiothecium platyphyllum	Plagiothecium platyphyllum	Plagiothecium platyphyllum	Bryophyta	Bryopsida	Hypnales	Plagiotheciaceae	Plagiothecium	BOLD_GENUS_BACKBONE
KF882241.1	Plagiothecium platyphyllum	Plagiothecium platyphyllum	Plagiothecium platyphyllum	Bryophyta	Bryopsida	Hypnales	Plagiotheciaceae	Plagiothecium	BOLD_GENUS_BACKBONE
KY550281.1	Plagiothecium platyphyllum	Plagiothecium platyphyllum	Plagiothecium platyphyllum	Bryophyta	Bryopsida	Hypnales	Plagiotheciaceae	Plagiothecium	BOLD_GENUS_BACKBONE
KY550316.1	Plagiothecium platyphyllum	Plagiothecium platyphyllum	Plagiothecium platyphyllum	Bryophyta	Bryopsida	Hypnales	Plagiotheciaceae	Plagiothecium	BOLD_GENUS_BACKBONE
AY101895.1	Plantago atrata	Plantago atrata	Plantago atrata	Tracheophyta	Magnoliopsida	Lamiales	Plantaginaceae	Plantago	BOLD_GENUS_BACKBONE
OK523409.1	Plantago atrata	Plantago atrata	Plantago atrata	Tracheophyta	Magnoliopsida	Lamiales	Plantaginaceae	Plantago	BOLD_GENUS_BACKBONE
AY101859.1	Plantago cornuti	Plantago cornuti	Plantago cornuti	Tracheophyta	Magnoliopsida	Lamiales	Plantaginaceae	Plantago	BOLD_GENUS_BACKBONE
MH898807.1	Poa cenisia	Poa cenisia subsp. contracta	Poa cenisia	Tracheophyta	Liliopsida	Poales	Poaceae	Poa	BOLD_GENUS_BACKBONE
GQ324515.1	Poa hybrida	Poa hybrida	Poa hybrida	Tracheophyta	Liliopsida	Poales	Poaceae	Poa	BOLD_GENUS_BACKBONE
EU792399.1	Poa laxa	Poa laxa subsp. fernaldiana	Poa laxa	Tracheophyta	Liliopsida	Poales	Poaceae	Poa	BOLD_GENUS_BACKBONE
KY944718.1	Poa laxa	Poa laxa subsp. fernaldiana	Poa laxa	Tracheophyta	Liliopsida	Poales	Poaceae	Poa	BOLD_GENUS_BACKBONE
KY944719.1	Poa laxa	Poa laxa subsp. fernaldiana	Poa laxa	Tracheophyta	Liliopsida	Poales	Poaceae	Poa	BOLD_GENUS_BACKBONE
KY944720.1	Poa laxa	Poa laxa subsp. fernaldiana	Poa laxa	Tracheophyta	Liliopsida	Poales	Poaceae	Poa	BOLD_GENUS_BACKBONE
KY944723.1	Poa laxa	Poa laxa subsp. laxa	Poa laxa	Tracheophyta	Liliopsida	Poales	Poaceae	Poa	BOLD_GENUS_BACKBONE
KY944724.1	Poa laxa	Poa laxa subsp. laxa	Poa laxa	Tracheophyta	Liliopsida	Poales	Poaceae	Poa	BOLD_GENUS_BACKBONE
KY944725.1	Poa laxa	Poa laxa subsp. laxa	Poa laxa	Tracheophyta	Liliopsida	Poales	Poaceae	Poa	BOLD_GENUS_BACKBONE
KY944726.1	Poa laxa	Poa laxa subsp. laxa	Poa laxa	Tracheophyta	Liliopsida	Poales	Poaceae	Poa	BOLD_GENUS_BACKBONE
EU792361.1	Poa variegata	Bellardiochloa variegata	Bellardiochloa variegata	Streptophyta	Magnoliopsida	Poales	Poaceae	Bellardiochloa	NCBI_LINEAGE
EU792362.1	Poa variegata	Bellardiochloa variegata	Bellardiochloa variegata	Streptophyta	Magnoliopsida	Poales	Poaceae	Bellardiochloa	NCBI_LINEAGE
AY396456.1	Pogonatum nanum	Pogonatum nanum	Pogonatum nanum	Bryophyta	Polytrichopsida	Polytrichales	Polytrichaceae	Pogonatum	BOLD_GENUS_BACKBONE
FJ362530.1	Polycnemum majus	Polycnemum majus	Polycnemum majus	Streptophyta	Magnoliopsida	Caryophyllales	Amaranthaceae	Polycnemum	NCBI_LINEAGE
GQ888924.1	Polygala amara	Polygala amara subsp. brachyptera	Polygala amara	Tracheophyta	Magnoliopsida	Fabales	Polygalaceae	Polygala	BOLD_GENUS_BACKBONE
KM982713.1	Polygala amara	Polygala amara	Polygala amara	Tracheophyta	Magnoliopsida	Fabales	Polygalaceae	Polygala	BOLD_GENUS_BACKBONE
KX375083.1	Polygonatum multiflorum	Polygonatum multiflorum	Polygonatum multiflorum	Tracheophyta	Liliopsida	Asparagales	Asparagaceae	Polygonatum	BOLD_GENUS_BACKBONE
MZ493127.1	Polygonatum multiflorum	Polygonatum multiflorum	Polygonatum multiflorum	Tracheophyta	Liliopsida	Asparagales	Asparagaceae	Polygonatum	BOLD_GENUS_BACKBONE
MZ493156.1	Polygonatum multiflorum	Polygonatum multiflorum	Polygonatum multiflorum	Tracheophyta	Liliopsida	Asparagales	Asparagaceae	Polygonatum	BOLD_GENUS_BACKBONE
EF653699.1	Polygonum amphibium	Persicaria amphibia	Persicaria amphibia	Tracheophyta	Magnoliopsida	Caryophyllales	Polygonaceae	Persicaria	BOLD_GENUS_BACKBONE
EF653700.1	Polygonum amphibium	Persicaria amphibia	Persicaria amphibia	Tracheophyta	Magnoliopsida	Caryophyllales	Polygonaceae	Persicaria	BOLD_GENUS_BACKBONE
MG236864.1	Polygonum amphibium	Persicaria amphibia	Persicaria amphibia	Tracheophyta	Magnoliopsida	Caryophyllales	Polygonaceae	Persicaria	BOLD_GENUS_BACKBONE
GQ339929.1	Polygonum bellardii	Polygonum bellardii	Polygonum bellardii	Tracheophyta	Magnoliopsida	Caryophyllales	Polygonaceae	Polygonum	BOLD_GENUS_BACKBONE
GQ339984.1	Polygonum bellardii	Polygonum bellardii	Polygonum bellardii	Tracheophyta	Magnoliopsida	Caryophyllales	Polygonaceae	Polygonum	BOLD_GENUS_BACKBONE
EU591968.1	Polygonum bistorta	Bistorta officinalis	Bistorta officinalis	Streptophyta	Magnoliopsida	Caryophyllales	Polygonaceae	Bistorta	NCBI_LINEAGE
FJ503009.1	Polygonum bistorta	Bistorta officinalis	Bistorta officinalis	Streptophyta	Magnoliopsida	Caryophyllales	Polygonaceae	Bistorta	NCBI_LINEAGE
GQ339918.1	Polygonum bistorta	Bistorta officinalis	Bistorta officinalis	Streptophyta	Magnoliopsida	Caryophyllales	Polygonaceae	Bistorta	NCBI_LINEAGE
GQ434560.1	Polygonum bistorta	Bistorta officinalis	Bistorta officinalis	Streptophyta	Magnoliopsida	Caryophyllales	Polygonaceae	Bistorta	NCBI_LINEAGE
EF653702.1	Polygonum hydropiper	Persicaria hydropiper	Persicaria hydropiper	Tracheophyta	Magnoliopsida	Caryophyllales	Polygonaceae	Persicaria	BOLD_GENUS_BACKBONE
EF653703.1	Polygonum hydropiper	Persicaria hydropiper	Persicaria hydropiper	Tracheophyta	Magnoliopsida	Caryophyllales	Polygonaceae	Persicaria	BOLD_GENUS_BACKBONE
HM357910.1	Polygonum hydropiper	Persicaria hydropiper	Persicaria hydropiper	Tracheophyta	Magnoliopsida	Caryophyllales	Polygonaceae	Persicaria	BOLD_GENUS_BACKBONE
JQ288748.1	Polygonum hydropiper	Persicaria hydropiper	Persicaria hydropiper	Tracheophyta	Magnoliopsida	Caryophyllales	Polygonaceae	Persicaria	BOLD_GENUS_BACKBONE
JX144666.1	Polygonum hydropiper	Persicaria hydropiper	Persicaria hydropiper	Tracheophyta	Magnoliopsida	Caryophyllales	Polygonaceae	Persicaria	BOLD_GENUS_BACKBONE
KJ939169.1	Polygonum hydropiper	Persicaria hydropiper	Persicaria hydropiper	Tracheophyta	Magnoliopsida	Caryophyllales	Polygonaceae	Persicaria	BOLD_GENUS_BACKBONE
KJ939170.1	Polygonum hydropiper	Persicaria hydropiper	Persicaria hydropiper	Tracheophyta	Magnoliopsida	Caryophyllales	Polygonaceae	Persicaria	BOLD_GENUS_BACKBONE
KJ939171.1	Polygonum hydropiper	Persicaria hydropiper	Persicaria hydropiper	Tracheophyta	Magnoliopsida	Caryophyllales	Polygonaceae	Persicaria	BOLD_GENUS_BACKBONE
KJ939172.1	Polygonum hydropiper	Persicaria hydropiper	Persicaria hydropiper	Tracheophyta	Magnoliopsida	Caryophyllales	Polygonaceae	Persicaria	BOLD_GENUS_BACKBONE
KJ939173.1	Polygonum hydropiper	Persicaria hydropiper	Persicaria hydropiper	Tracheophyta	Magnoliopsida	Caryophyllales	Polygonaceae	Persicaria	BOLD_GENUS_BACKBONE
KT695270.1	Polygonum hydropiper	Persicaria hydropiper	Persicaria hydropiper	Tracheophyta	Magnoliopsida	Caryophyllales	Polygonaceae	Persicaria	BOLD_GENUS_BACKBONE
KU743137.1	Polygonum hydropiper	Persicaria hydropiper	Persicaria hydropiper	Tracheophyta	Magnoliopsida	Caryophyllales	Polygonaceae	Persicaria	BOLD_GENUS_BACKBONE
U51275.1	Polygonum hydropiper	Persicaria hydropiper	Persicaria hydropiper	Tracheophyta	Magnoliopsida	Caryophyllales	Polygonaceae	Persicaria	BOLD_GENUS_BACKBONE
EF653704.1	Polygonum lapathifolium	Persicaria lapathifolia	Persicaria lapathifolia	Tracheophyta	Magnoliopsida	Caryophyllales	Polygonaceae	Persicaria	BOLD_GENUS_BACKBONE
EU196887.1	Polygonum lapathifolium	Persicaria lapathifolia	Persicaria lapathifolia	Tracheophyta	Magnoliopsida	Caryophyllales	Polygonaceae	Persicaria	BOLD_GENUS_BACKBONE
EU196888.1	Polygonum lapathifolium	Persicaria lapathifolia	Persicaria lapathifolia	Tracheophyta	Magnoliopsida	Caryophyllales	Polygonaceae	Persicaria	BOLD_GENUS_BACKBONE
FJ503013.1	Polygonum lapathifolium	Persicaria lapathifolia	Persicaria lapathifolia	Tracheophyta	Magnoliopsida	Caryophyllales	Polygonaceae	Persicaria	BOLD_GENUS_BACKBONE
GQ339920.1	Polygonum lapathifolium	Persicaria lapathifolia	Persicaria lapathifolia	Tracheophyta	Magnoliopsida	Caryophyllales	Polygonaceae	Persicaria	BOLD_GENUS_BACKBONE
GQ434848.1	Polygonum lapathifolium	Persicaria lapathifolia	Persicaria lapathifolia	Tracheophyta	Magnoliopsida	Caryophyllales	Polygonaceae	Persicaria	BOLD_GENUS_BACKBONE
HM357911.1	Polygonum lapathifolium	Persicaria lapathifolia	Persicaria lapathifolia	Tracheophyta	Magnoliopsida	Caryophyllales	Polygonaceae	Persicaria	BOLD_GENUS_BACKBONE
KR424450.1	Polygonum lapathifolium	Persicaria lapathifolia	Persicaria lapathifolia	Tracheophyta	Magnoliopsida	Caryophyllales	Polygonaceae	Persicaria	BOLD_GENUS_BACKBONE
MK951946.1	Polygonum lapathifolium	Persicaria lapathifolia	Persicaria lapathifolia	Tracheophyta	Magnoliopsida	Caryophyllales	Polygonaceae	Persicaria	BOLD_GENUS_BACKBONE
EU196894.1	Polygonum minus	Persicaria minor	Persicaria minor	Tracheophyta	Magnoliopsida	Caryophyllales	Polygonaceae	Persicaria	BOLD_GENUS_BACKBONE
EU196895.1	Polygonum minus	Persicaria minor	Persicaria minor	Tracheophyta	Magnoliopsida	Caryophyllales	Polygonaceae	Persicaria	BOLD_GENUS_BACKBONE
JQ288747.1	Polygonum minus	Persicaria minor	Persicaria minor	Tracheophyta	Magnoliopsida	Caryophyllales	Polygonaceae	Persicaria	BOLD_GENUS_BACKBONE
DQ406631.1	Polygonum orientale	Persicaria orientalis	Persicaria orientalis	Tracheophyta	Magnoliopsida	Caryophyllales	Polygonaceae	Persicaria	BOLD_GENUS_BACKBONE
EU196898.1	Polygonum orientale	Persicaria orientalis	Persicaria orientalis	Tracheophyta	Magnoliopsida	Caryophyllales	Polygonaceae	Persicaria	BOLD_GENUS_BACKBONE
FJ503012.1	Polygonum orientale	Persicaria orientalis	Persicaria orientalis	Tracheophyta	Magnoliopsida	Caryophyllales	Polygonaceae	Persicaria	BOLD_GENUS_BACKBONE
FJ514498.1	Polygonum orientale	Persicaria orientalis	Persicaria orientalis	Tracheophyta	Magnoliopsida	Caryophyllales	Polygonaceae	Persicaria	BOLD_GENUS_BACKBONE
GQ434558.1	Polygonum orientale	Persicaria orientalis	Persicaria orientalis	Tracheophyta	Magnoliopsida	Caryophyllales	Polygonaceae	Persicaria	BOLD_GENUS_BACKBONE
JX144668.1	Polygonum orientale	Persicaria orientalis	Persicaria orientalis	Tracheophyta	Magnoliopsida	Caryophyllales	Polygonaceae	Persicaria	BOLD_GENUS_BACKBONE
KR424445.1	Polygonum orientale	Persicaria orientalis	Persicaria orientalis	Tracheophyta	Magnoliopsida	Caryophyllales	Polygonaceae	Persicaria	BOLD_GENUS_BACKBONE
KR424446.1	Polygonum orientale	Persicaria orientalis	Persicaria orientalis	Tracheophyta	Magnoliopsida	Caryophyllales	Polygonaceae	Persicaria	BOLD_GENUS_BACKBONE
KR424447.1	Polygonum orientale	Persicaria orientalis	Persicaria orientalis	Tracheophyta	Magnoliopsida	Caryophyllales	Polygonaceae	Persicaria	BOLD_GENUS_BACKBONE
KR424448.1	Polygonum orientale	Persicaria orientalis	Persicaria orientalis	Tracheophyta	Magnoliopsida	Caryophyllales	Polygonaceae	Persicaria	BOLD_GENUS_BACKBONE
KR424449.1	Polygonum orientale	Persicaria orientalis	Persicaria orientalis	Tracheophyta	Magnoliopsida	Caryophyllales	Polygonaceae	Persicaria	BOLD_GENUS_BACKBONE
KU243366.1	Polygonum orientale	Persicaria orientalis	Persicaria orientalis	Tracheophyta	Magnoliopsida	Caryophyllales	Polygonaceae	Persicaria	BOLD_GENUS_BACKBONE
KX184295.1	Polygonum orientale	Persicaria orientalis	Persicaria orientalis	Tracheophyta	Magnoliopsida	Caryophyllales	Polygonaceae	Persicaria	BOLD_GENUS_BACKBONE
KY123842.1	Polygonum orientale	Persicaria orientalis	Persicaria orientalis	Tracheophyta	Magnoliopsida	Caryophyllales	Polygonaceae	Persicaria	BOLD_GENUS_BACKBONE
MK999984.1	Polygonum orientale	Persicaria orientalis	Persicaria orientalis	Tracheophyta	Magnoliopsida	Caryophyllales	Polygonaceae	Persicaria	BOLD_GENUS_BACKBONE
GQ339943.1	Polygonum oxyspermum	Polygonum oxyspermum subsp. raii	Polygonum oxyspermum	Tracheophyta	Magnoliopsida	Caryophyllales	Polygonaceae	Polygonum	BOLD_GENUS_BACKBONE
GQ340026.1	Polygonum oxyspermum	Polygonum oxyspermum	Polygonum oxyspermum	Tracheophyta	Magnoliopsida	Caryophyllales	Polygonaceae	Polygonum	BOLD_GENUS_BACKBONE
GQ340027.1	Polygonum oxyspermum	Polygonum oxyspermum	Polygonum oxyspermum	Tracheophyta	Magnoliopsida	Caryophyllales	Polygonaceae	Polygonum	BOLD_GENUS_BACKBONE
GQ340028.1	Polygonum oxyspermum	Polygonum oxyspermum	Polygonum oxyspermum	Tracheophyta	Magnoliopsida	Caryophyllales	Polygonaceae	Polygonum	BOLD_GENUS_BACKBONE
AF174629.1	Populus deltoides	Populus deltoides	Populus deltoides	Tracheophyta	Magnoliopsida	Malpighiales	Salicaceae	Populus	BOLD_GENUS_BACKBONE
AF499014.1	Porella baueri	Porella baueri	Porella baueri	Marchantiophyta	Jungermanniopsida	Porellales	Porellaceae	Porella	BOLD_GENUS_BACKBONE
GQ927725.1	Posidonia oceanica	Posidonia oceanica	Posidonia oceanica	Streptophyta	Magnoliopsida	Alismatales	Posidoniaceae	Posidonia	NCBI_LINEAGE
DQ840331.1	Potamogeton filiformis	Stuckenia filiformis	Stuckenia filiformis	Streptophyta	Magnoliopsida	Alismatales	Potamogetonaceae	Stuckenia	NCBI_LINEAGE
DQ840332.1	Potamogeton filiformis	Stuckenia filiformis	Stuckenia filiformis	Streptophyta	Magnoliopsida	Alismatales	Potamogetonaceae	Stuckenia	NCBI_LINEAGE
DQ840333.1	Potamogeton filiformis	Stuckenia filiformis	Stuckenia filiformis	Streptophyta	Magnoliopsida	Alismatales	Potamogetonaceae	Stuckenia	NCBI_LINEAGE
DQ840334.1	Potamogeton filiformis	Stuckenia filiformis	Stuckenia filiformis	Streptophyta	Magnoliopsida	Alismatales	Potamogetonaceae	Stuckenia	NCBI_LINEAGE
JN999658.1	Potamogeton filiformis	Stuckenia filiformis	Stuckenia filiformis	Streptophyta	Magnoliopsida	Alismatales	Potamogetonaceae	Stuckenia	NCBI_LINEAGE
JN999659.1	Potamogeton filiformis	Stuckenia filiformis	Stuckenia filiformis	Streptophyta	Magnoliopsida	Alismatales	Potamogetonaceae	Stuckenia	NCBI_LINEAGE
JN999660.1	Potamogeton filiformis	Stuckenia filiformis	Stuckenia filiformis	Streptophyta	Magnoliopsida	Alismatales	Potamogetonaceae	Stuckenia	NCBI_LINEAGE
KT175311.1	Potamogeton filiformis	Stuckenia filiformis	Stuckenia filiformis	Streptophyta	Magnoliopsida	Alismatales	Potamogetonaceae	Stuckenia	NCBI_LINEAGE
DQ840276.1	Potamogeton pectinatus	Stuckenia pectinata	Stuckenia pectinata	Streptophyta	Magnoliopsida	Alismatales	Potamogetonaceae	Stuckenia	NCBI_LINEAGE
DQ840277.1	Potamogeton pectinatus	Stuckenia pectinata	Stuckenia pectinata	Streptophyta	Magnoliopsida	Alismatales	Potamogetonaceae	Stuckenia	NCBI_LINEAGE
DQ840278.1	Potamogeton pectinatus	Stuckenia pectinata	Stuckenia pectinata	Streptophyta	Magnoliopsida	Alismatales	Potamogetonaceae	Stuckenia	NCBI_LINEAGE
DQ840279.1	Potamogeton pectinatus	Stuckenia pectinata	Stuckenia pectinata	Streptophyta	Magnoliopsida	Alismatales	Potamogetonaceae	Stuckenia	NCBI_LINEAGE
EF526375.1	Potamogeton pectinatus	Stuckenia pectinata	Stuckenia pectinata	Streptophyta	Magnoliopsida	Alismatales	Potamogetonaceae	Stuckenia	NCBI_LINEAGE
EF526376.1	Potamogeton pectinatus	Stuckenia pectinata	Stuckenia pectinata	Streptophyta	Magnoliopsida	Alismatales	Potamogetonaceae	Stuckenia	NCBI_LINEAGE
EF526377.1	Potamogeton pectinatus	Stuckenia pectinata	Stuckenia pectinata	Streptophyta	Magnoliopsida	Alismatales	Potamogetonaceae	Stuckenia	NCBI_LINEAGE
KT175312.1	Potamogeton pectinatus	Stuckenia pectinata	Stuckenia pectinata	Streptophyta	Magnoliopsida	Alismatales	Potamogetonaceae	Stuckenia	NCBI_LINEAGE
KT175313.1	Potamogeton pectinatus	Stuckenia pectinata	Stuckenia pectinata	Streptophyta	Magnoliopsida	Alismatales	Potamogetonaceae	Stuckenia	NCBI_LINEAGE
KT175314.1	Potamogeton pectinatus	Stuckenia pectinata	Stuckenia pectinata	Streptophyta	Magnoliopsida	Alismatales	Potamogetonaceae	Stuckenia	NCBI_LINEAGE
KT695300.1	Potamogeton pectinatus	Stuckenia pectinata	Stuckenia pectinata	Streptophyta	Magnoliopsida	Alismatales	Potamogetonaceae	Stuckenia	NCBI_LINEAGE
MF694328.1	Potamogeton pectinatus	Stuckenia pectinata	Stuckenia pectinata	Streptophyta	Magnoliopsida	Alismatales	Potamogetonaceae	Stuckenia	NCBI_LINEAGE
MG216537.1	Potamogeton pectinatus	Stuckenia pectinata	Stuckenia pectinata	Streptophyta	Magnoliopsida	Alismatales	Potamogetonaceae	Stuckenia	NCBI_LINEAGE
MT735336.1	Potamogeton pectinatus	Stuckenia pectinata	Stuckenia pectinata	Streptophyta	Magnoliopsida	Alismatales	Potamogetonaceae	Stuckenia	NCBI_LINEAGE
AF163478.1	Potentilla fruticosa	Dasiphora fruticosa	Dasiphora fruticosa	Streptophyta	Magnoliopsida	Rosales	Rosaceae	Dasiphora	NCBI_LINEAGE
KC544691.1	Potentilla fruticosa	Dasiphora fruticosa	Dasiphora fruticosa	Streptophyta	Magnoliopsida	Rosales	Rosaceae	Dasiphora	NCBI_LINEAGE
KC544692.1	Potentilla fruticosa	Dasiphora fruticosa	Dasiphora fruticosa	Streptophyta	Magnoliopsida	Rosales	Rosaceae	Dasiphora	NCBI_LINEAGE
KC544693.1	Potentilla fruticosa	Dasiphora fruticosa	Dasiphora fruticosa	Streptophyta	Magnoliopsida	Rosales	Rosaceae	Dasiphora	NCBI_LINEAGE
KC544694.1	Potentilla fruticosa	Dasiphora fruticosa	Dasiphora fruticosa	Streptophyta	Magnoliopsida	Rosales	Rosaceae	Dasiphora	NCBI_LINEAGE
KC544695.1	Potentilla fruticosa	Dasiphora fruticosa	Dasiphora fruticosa	Streptophyta	Magnoliopsida	Rosales	Rosaceae	Dasiphora	NCBI_LINEAGE
KC544696.1	Potentilla fruticosa	Dasiphora fruticosa	Dasiphora fruticosa	Streptophyta	Magnoliopsida	Rosales	Rosaceae	Dasiphora	NCBI_LINEAGE
KC544697.1	Potentilla fruticosa	Dasiphora fruticosa	Dasiphora fruticosa	Streptophyta	Magnoliopsida	Rosales	Rosaceae	Dasiphora	NCBI_LINEAGE
KC544698.1	Potentilla fruticosa	Dasiphora fruticosa	Dasiphora fruticosa	Streptophyta	Magnoliopsida	Rosales	Rosaceae	Dasiphora	NCBI_LINEAGE
KC544699.1	Potentilla fruticosa	Dasiphora fruticosa	Dasiphora fruticosa	Streptophyta	Magnoliopsida	Rosales	Rosaceae	Dasiphora	NCBI_LINEAGE
KC544700.1	Potentilla fruticosa	Dasiphora fruticosa	Dasiphora fruticosa	Streptophyta	Magnoliopsida	Rosales	Rosaceae	Dasiphora	NCBI_LINEAGE
KC544701.1	Potentilla fruticosa	Dasiphora fruticosa	Dasiphora fruticosa	Streptophyta	Magnoliopsida	Rosales	Rosaceae	Dasiphora	NCBI_LINEAGE
KC544702.1	Potentilla fruticosa	Dasiphora fruticosa	Dasiphora fruticosa	Streptophyta	Magnoliopsida	Rosales	Rosaceae	Dasiphora	NCBI_LINEAGE
KC544703.1	Potentilla fruticosa	Dasiphora fruticosa	Dasiphora fruticosa	Streptophyta	Magnoliopsida	Rosales	Rosaceae	Dasiphora	NCBI_LINEAGE
KC544704.1	Potentilla fruticosa	Dasiphora fruticosa	Dasiphora fruticosa	Streptophyta	Magnoliopsida	Rosales	Rosaceae	Dasiphora	NCBI_LINEAGE
KC544705.1	Potentilla fruticosa	Dasiphora fruticosa	Dasiphora fruticosa	Streptophyta	Magnoliopsida	Rosales	Rosaceae	Dasiphora	NCBI_LINEAGE
KC544706.1	Potentilla fruticosa	Dasiphora fruticosa	Dasiphora fruticosa	Streptophyta	Magnoliopsida	Rosales	Rosaceae	Dasiphora	NCBI_LINEAGE
KC544707.1	Potentilla fruticosa	Dasiphora fruticosa	Dasiphora fruticosa	Streptophyta	Magnoliopsida	Rosales	Rosaceae	Dasiphora	NCBI_LINEAGE
KC544708.1	Potentilla fruticosa	Dasiphora fruticosa	Dasiphora fruticosa	Streptophyta	Magnoliopsida	Rosales	Rosaceae	Dasiphora	NCBI_LINEAGE
KC544709.1	Potentilla fruticosa	Dasiphora fruticosa	Dasiphora fruticosa	Streptophyta	Magnoliopsida	Rosales	Rosaceae	Dasiphora	NCBI_LINEAGE
KC544710.1	Potentilla fruticosa	Dasiphora fruticosa	Dasiphora fruticosa	Streptophyta	Magnoliopsida	Rosales	Rosaceae	Dasiphora	NCBI_LINEAGE
KC544711.1	Potentilla fruticosa	Dasiphora fruticosa	Dasiphora fruticosa	Streptophyta	Magnoliopsida	Rosales	Rosaceae	Dasiphora	NCBI_LINEAGE
KC544712.1	Potentilla fruticosa	Dasiphora fruticosa	Dasiphora fruticosa	Streptophyta	Magnoliopsida	Rosales	Rosaceae	Dasiphora	NCBI_LINEAGE
KC544713.1	Potentilla fruticosa	Dasiphora fruticosa	Dasiphora fruticosa	Streptophyta	Magnoliopsida	Rosales	Rosaceae	Dasiphora	NCBI_LINEAGE
KC544714.1	Potentilla fruticosa	Dasiphora fruticosa	Dasiphora fruticosa	Streptophyta	Magnoliopsida	Rosales	Rosaceae	Dasiphora	NCBI_LINEAGE
KC544715.1	Potentilla fruticosa	Dasiphora fruticosa	Dasiphora fruticosa	Streptophyta	Magnoliopsida	Rosales	Rosaceae	Dasiphora	NCBI_LINEAGE
KC544716.1	Potentilla fruticosa	Dasiphora fruticosa	Dasiphora fruticosa	Streptophyta	Magnoliopsida	Rosales	Rosaceae	Dasiphora	NCBI_LINEAGE
KC544717.1	Potentilla fruticosa	Dasiphora fruticosa	Dasiphora fruticosa	Streptophyta	Magnoliopsida	Rosales	Rosaceae	Dasiphora	NCBI_LINEAGE
KC544718.1	Potentilla fruticosa	Dasiphora fruticosa	Dasiphora fruticosa	Streptophyta	Magnoliopsida	Rosales	Rosaceae	Dasiphora	NCBI_LINEAGE
KC544719.1	Potentilla fruticosa	Dasiphora fruticosa	Dasiphora fruticosa	Streptophyta	Magnoliopsida	Rosales	Rosaceae	Dasiphora	NCBI_LINEAGE
KC544720.1	Potentilla fruticosa	Dasiphora fruticosa	Dasiphora fruticosa	Streptophyta	Magnoliopsida	Rosales	Rosaceae	Dasiphora	NCBI_LINEAGE
KC544721.1	Potentilla fruticosa	Dasiphora fruticosa	Dasiphora fruticosa	Streptophyta	Magnoliopsida	Rosales	Rosaceae	Dasiphora	NCBI_LINEAGE
KC544722.1	Potentilla fruticosa	Dasiphora fruticosa	Dasiphora fruticosa	Streptophyta	Magnoliopsida	Rosales	Rosaceae	Dasiphora	NCBI_LINEAGE
KC544723.1	Potentilla fruticosa	Dasiphora fruticosa	Dasiphora fruticosa	Streptophyta	Magnoliopsida	Rosales	Rosaceae	Dasiphora	NCBI_LINEAGE
KC544724.1	Potentilla fruticosa	Dasiphora fruticosa	Dasiphora fruticosa	Streptophyta	Magnoliopsida	Rosales	Rosaceae	Dasiphora	NCBI_LINEAGE
KC544725.1	Potentilla fruticosa	Dasiphora fruticosa	Dasiphora fruticosa	Streptophyta	Magnoliopsida	Rosales	Rosaceae	Dasiphora	NCBI_LINEAGE
KC544726.1	Potentilla fruticosa	Dasiphora fruticosa	Dasiphora fruticosa	Streptophyta	Magnoliopsida	Rosales	Rosaceae	Dasiphora	NCBI_LINEAGE
KC544727.1	Potentilla fruticosa	Dasiphora fruticosa	Dasiphora fruticosa	Streptophyta	Magnoliopsida	Rosales	Rosaceae	Dasiphora	NCBI_LINEAGE
KC544728.1	Potentilla fruticosa	Dasiphora fruticosa	Dasiphora fruticosa	Streptophyta	Magnoliopsida	Rosales	Rosaceae	Dasiphora	NCBI_LINEAGE
KC544729.1	Potentilla fruticosa	Dasiphora fruticosa	Dasiphora fruticosa	Streptophyta	Magnoliopsida	Rosales	Rosaceae	Dasiphora	NCBI_LINEAGE
KC544730.1	Potentilla fruticosa	Dasiphora fruticosa	Dasiphora fruticosa	Streptophyta	Magnoliopsida	Rosales	Rosaceae	Dasiphora	NCBI_LINEAGE
KC544731.1	Potentilla fruticosa	Dasiphora fruticosa	Dasiphora fruticosa	Streptophyta	Magnoliopsida	Rosales	Rosaceae	Dasiphora	NCBI_LINEAGE
KC544732.1	Potentilla fruticosa	Dasiphora fruticosa	Dasiphora fruticosa	Streptophyta	Magnoliopsida	Rosales	Rosaceae	Dasiphora	NCBI_LINEAGE
KC544733.1	Potentilla fruticosa	Dasiphora fruticosa	Dasiphora fruticosa	Streptophyta	Magnoliopsida	Rosales	Rosaceae	Dasiphora	NCBI_LINEAGE
KC544734.1	Potentilla fruticosa	Dasiphora fruticosa	Dasiphora fruticosa	Streptophyta	Magnoliopsida	Rosales	Rosaceae	Dasiphora	NCBI_LINEAGE
KC544735.1	Potentilla fruticosa	Dasiphora fruticosa	Dasiphora fruticosa	Streptophyta	Magnoliopsida	Rosales	Rosaceae	Dasiphora	NCBI_LINEAGE
KC544736.1	Potentilla fruticosa	Dasiphora fruticosa	Dasiphora fruticosa	Streptophyta	Magnoliopsida	Rosales	Rosaceae	Dasiphora	NCBI_LINEAGE
KC544737.1	Potentilla fruticosa	Dasiphora fruticosa	Dasiphora fruticosa	Streptophyta	Magnoliopsida	Rosales	Rosaceae	Dasiphora	NCBI_LINEAGE
KC544738.1	Potentilla fruticosa	Dasiphora fruticosa	Dasiphora fruticosa	Streptophyta	Magnoliopsida	Rosales	Rosaceae	Dasiphora	NCBI_LINEAGE
KC544739.1	Potentilla fruticosa	Dasiphora fruticosa	Dasiphora fruticosa	Streptophyta	Magnoliopsida	Rosales	Rosaceae	Dasiphora	NCBI_LINEAGE
KC544740.1	Potentilla fruticosa	Dasiphora fruticosa	Dasiphora fruticosa	Streptophyta	Magnoliopsida	Rosales	Rosaceae	Dasiphora	NCBI_LINEAGE
KC544741.1	Potentilla fruticosa	Dasiphora fruticosa	Dasiphora fruticosa	Streptophyta	Magnoliopsida	Rosales	Rosaceae	Dasiphora	NCBI_LINEAGE
KC544742.1	Potentilla fruticosa	Dasiphora fruticosa	Dasiphora fruticosa	Streptophyta	Magnoliopsida	Rosales	Rosaceae	Dasiphora	NCBI_LINEAGE
KC544743.1	Potentilla fruticosa	Dasiphora fruticosa	Dasiphora fruticosa	Streptophyta	Magnoliopsida	Rosales	Rosaceae	Dasiphora	NCBI_LINEAGE
KC544744.1	Potentilla fruticosa	Dasiphora fruticosa	Dasiphora fruticosa	Streptophyta	Magnoliopsida	Rosales	Rosaceae	Dasiphora	NCBI_LINEAGE
KC544745.1	Potentilla fruticosa	Dasiphora fruticosa	Dasiphora fruticosa	Streptophyta	Magnoliopsida	Rosales	Rosaceae	Dasiphora	NCBI_LINEAGE
KC544746.1	Potentilla fruticosa	Dasiphora fruticosa	Dasiphora fruticosa	Streptophyta	Magnoliopsida	Rosales	Rosaceae	Dasiphora	NCBI_LINEAGE
KC544747.1	Potentilla fruticosa	Dasiphora fruticosa	Dasiphora fruticosa	Streptophyta	Magnoliopsida	Rosales	Rosaceae	Dasiphora	NCBI_LINEAGE
KC544748.1	Potentilla fruticosa	Dasiphora fruticosa	Dasiphora fruticosa	Streptophyta	Magnoliopsida	Rosales	Rosaceae	Dasiphora	NCBI_LINEAGE
KC544749.1	Potentilla fruticosa	Dasiphora fruticosa	Dasiphora fruticosa	Streptophyta	Magnoliopsida	Rosales	Rosaceae	Dasiphora	NCBI_LINEAGE
KC544750.1	Potentilla fruticosa	Dasiphora fruticosa	Dasiphora fruticosa	Streptophyta	Magnoliopsida	Rosales	Rosaceae	Dasiphora	NCBI_LINEAGE
KC544751.1	Potentilla fruticosa	Dasiphora fruticosa	Dasiphora fruticosa	Streptophyta	Magnoliopsida	Rosales	Rosaceae	Dasiphora	NCBI_LINEAGE
KC544752.1	Potentilla fruticosa	Dasiphora fruticosa	Dasiphora fruticosa	Streptophyta	Magnoliopsida	Rosales	Rosaceae	Dasiphora	NCBI_LINEAGE
KC544753.1	Potentilla fruticosa	Dasiphora fruticosa	Dasiphora fruticosa	Streptophyta	Magnoliopsida	Rosales	Rosaceae	Dasiphora	NCBI_LINEAGE
KC544754.1	Potentilla fruticosa	Dasiphora fruticosa	Dasiphora fruticosa	Streptophyta	Magnoliopsida	Rosales	Rosaceae	Dasiphora	NCBI_LINEAGE
KC544755.1	Potentilla fruticosa	Dasiphora fruticosa	Dasiphora fruticosa	Streptophyta	Magnoliopsida	Rosales	Rosaceae	Dasiphora	NCBI_LINEAGE
KC544756.1	Potentilla fruticosa	Dasiphora fruticosa	Dasiphora fruticosa	Streptophyta	Magnoliopsida	Rosales	Rosaceae	Dasiphora	NCBI_LINEAGE
KC544757.1	Potentilla fruticosa	Dasiphora fruticosa	Dasiphora fruticosa	Streptophyta	Magnoliopsida	Rosales	Rosaceae	Dasiphora	NCBI_LINEAGE
KC544758.1	Potentilla fruticosa	Dasiphora fruticosa	Dasiphora fruticosa	Streptophyta	Magnoliopsida	Rosales	Rosaceae	Dasiphora	NCBI_LINEAGE
KC544759.1	Potentilla fruticosa	Dasiphora fruticosa	Dasiphora fruticosa	Streptophyta	Magnoliopsida	Rosales	Rosaceae	Dasiphora	NCBI_LINEAGE
KC544760.1	Potentilla fruticosa	Dasiphora fruticosa	Dasiphora fruticosa	Streptophyta	Magnoliopsida	Rosales	Rosaceae	Dasiphora	NCBI_LINEAGE
KC544761.1	Potentilla fruticosa	Dasiphora fruticosa	Dasiphora fruticosa	Streptophyta	Magnoliopsida	Rosales	Rosaceae	Dasiphora	NCBI_LINEAGE
KC544762.1	Potentilla fruticosa	Dasiphora fruticosa	Dasiphora fruticosa	Streptophyta	Magnoliopsida	Rosales	Rosaceae	Dasiphora	NCBI_LINEAGE
KC544763.1	Potentilla fruticosa	Dasiphora fruticosa	Dasiphora fruticosa	Streptophyta	Magnoliopsida	Rosales	Rosaceae	Dasiphora	NCBI_LINEAGE
KC544764.1	Potentilla fruticosa	Dasiphora fruticosa	Dasiphora fruticosa	Streptophyta	Magnoliopsida	Rosales	Rosaceae	Dasiphora	NCBI_LINEAGE
KC544765.1	Potentilla fruticosa	Dasiphora fruticosa	Dasiphora fruticosa	Streptophyta	Magnoliopsida	Rosales	Rosaceae	Dasiphora	NCBI_LINEAGE
KC544766.1	Potentilla fruticosa	Dasiphora fruticosa	Dasiphora fruticosa	Streptophyta	Magnoliopsida	Rosales	Rosaceae	Dasiphora	NCBI_LINEAGE
KC544767.1	Potentilla fruticosa	Dasiphora fruticosa	Dasiphora fruticosa	Streptophyta	Magnoliopsida	Rosales	Rosaceae	Dasiphora	NCBI_LINEAGE
KC544768.1	Potentilla fruticosa	Dasiphora fruticosa	Dasiphora fruticosa	Streptophyta	Magnoliopsida	Rosales	Rosaceae	Dasiphora	NCBI_LINEAGE
KC544769.1	Potentilla fruticosa	Dasiphora fruticosa	Dasiphora fruticosa	Streptophyta	Magnoliopsida	Rosales	Rosaceae	Dasiphora	NCBI_LINEAGE
KC544770.1	Potentilla fruticosa	Dasiphora fruticosa	Dasiphora fruticosa	Streptophyta	Magnoliopsida	Rosales	Rosaceae	Dasiphora	NCBI_LINEAGE
KC544771.1	Potentilla fruticosa	Dasiphora fruticosa	Dasiphora fruticosa	Streptophyta	Magnoliopsida	Rosales	Rosaceae	Dasiphora	NCBI_LINEAGE
KC544772.1	Potentilla fruticosa	Dasiphora fruticosa	Dasiphora fruticosa	Streptophyta	Magnoliopsida	Rosales	Rosaceae	Dasiphora	NCBI_LINEAGE
KC544773.1	Potentilla fruticosa	Dasiphora fruticosa	Dasiphora fruticosa	Streptophyta	Magnoliopsida	Rosales	Rosaceae	Dasiphora	NCBI_LINEAGE
KC544774.1	Potentilla fruticosa	Dasiphora fruticosa	Dasiphora fruticosa	Streptophyta	Magnoliopsida	Rosales	Rosaceae	Dasiphora	NCBI_LINEAGE
KC544775.1	Potentilla fruticosa	Dasiphora fruticosa	Dasiphora fruticosa	Streptophyta	Magnoliopsida	Rosales	Rosaceae	Dasiphora	NCBI_LINEAGE
KC544776.1	Potentilla fruticosa	Dasiphora fruticosa	Dasiphora fruticosa	Streptophyta	Magnoliopsida	Rosales	Rosaceae	Dasiphora	NCBI_LINEAGE
KC544777.1	Potentilla fruticosa	Dasiphora fruticosa	Dasiphora fruticosa	Streptophyta	Magnoliopsida	Rosales	Rosaceae	Dasiphora	NCBI_LINEAGE
KC544778.1	Potentilla fruticosa	Dasiphora fruticosa	Dasiphora fruticosa	Streptophyta	Magnoliopsida	Rosales	Rosaceae	Dasiphora	NCBI_LINEAGE
KC544779.1	Potentilla fruticosa	Dasiphora fruticosa	Dasiphora fruticosa	Streptophyta	Magnoliopsida	Rosales	Rosaceae	Dasiphora	NCBI_LINEAGE
KC544780.1	Potentilla fruticosa	Dasiphora fruticosa	Dasiphora fruticosa	Streptophyta	Magnoliopsida	Rosales	Rosaceae	Dasiphora	NCBI_LINEAGE
KC544781.1	Potentilla fruticosa	Dasiphora fruticosa	Dasiphora fruticosa	Streptophyta	Magnoliopsida	Rosales	Rosaceae	Dasiphora	NCBI_LINEAGE
KC544782.1	Potentilla fruticosa	Dasiphora fruticosa	Dasiphora fruticosa	Streptophyta	Magnoliopsida	Rosales	Rosaceae	Dasiphora	NCBI_LINEAGE
KC544783.1	Potentilla fruticosa	Dasiphora fruticosa	Dasiphora fruticosa	Streptophyta	Magnoliopsida	Rosales	Rosaceae	Dasiphora	NCBI_LINEAGE
KC544784.1	Potentilla fruticosa	Dasiphora fruticosa	Dasiphora fruticosa	Streptophyta	Magnoliopsida	Rosales	Rosaceae	Dasiphora	NCBI_LINEAGE
KC544785.1	Potentilla fruticosa	Dasiphora fruticosa	Dasiphora fruticosa	Streptophyta	Magnoliopsida	Rosales	Rosaceae	Dasiphora	NCBI_LINEAGE
KC544786.1	Potentilla fruticosa	Dasiphora fruticosa	Dasiphora fruticosa	Streptophyta	Magnoliopsida	Rosales	Rosaceae	Dasiphora	NCBI_LINEAGE
KC544787.1	Potentilla fruticosa	Dasiphora fruticosa	Dasiphora fruticosa	Streptophyta	Magnoliopsida	Rosales	Rosaceae	Dasiphora	NCBI_LINEAGE
KC544788.1	Potentilla fruticosa	Dasiphora fruticosa	Dasiphora fruticosa	Streptophyta	Magnoliopsida	Rosales	Rosaceae	Dasiphora	NCBI_LINEAGE
KC544789.1	Potentilla fruticosa	Dasiphora fruticosa	Dasiphora fruticosa	Streptophyta	Magnoliopsida	Rosales	Rosaceae	Dasiphora	NCBI_LINEAGE
KC544790.1	Potentilla fruticosa	Dasiphora fruticosa	Dasiphora fruticosa	Streptophyta	Magnoliopsida	Rosales	Rosaceae	Dasiphora	NCBI_LINEAGE
KC544791.1	Potentilla fruticosa	Dasiphora fruticosa	Dasiphora fruticosa	Streptophyta	Magnoliopsida	Rosales	Rosaceae	Dasiphora	NCBI_LINEAGE
KC544792.1	Potentilla fruticosa	Dasiphora fruticosa	Dasiphora fruticosa	Streptophyta	Magnoliopsida	Rosales	Rosaceae	Dasiphora	NCBI_LINEAGE
KF873767.1	Potentilla fruticosa	Dasiphora fruticosa	Dasiphora fruticosa	Streptophyta	Magnoliopsida	Rosales	Rosaceae	Dasiphora	NCBI_LINEAGE
KF873768.1	Potentilla fruticosa	Dasiphora fruticosa	Dasiphora fruticosa	Streptophyta	Magnoliopsida	Rosales	Rosaceae	Dasiphora	NCBI_LINEAGE
KF873769.1	Potentilla fruticosa	Dasiphora fruticosa	Dasiphora fruticosa	Streptophyta	Magnoliopsida	Rosales	Rosaceae	Dasiphora	NCBI_LINEAGE
KP875290.1	Potentilla fruticosa	Dasiphora fruticosa	Dasiphora fruticosa	Streptophyta	Magnoliopsida	Rosales	Rosaceae	Dasiphora	NCBI_LINEAGE
KP994555.1	Potentilla fruticosa	Dasiphora fruticosa	Dasiphora fruticosa	Streptophyta	Magnoliopsida	Rosales	Rosaceae	Dasiphora	NCBI_LINEAGE
MF785566.1	Potentilla fruticosa	Dasiphora fruticosa	Dasiphora fruticosa	Streptophyta	Magnoliopsida	Rosales	Rosaceae	Dasiphora	NCBI_LINEAGE
EU072580.1	Potentilla palustris	Comarum palustre	Comarum palustre	Streptophyta	Magnoliopsida	Rosales	Rosaceae	Comarum	NCBI_LINEAGE
FJ356158.1	Potentilla palustris	Comarum palustre	Comarum palustre	Streptophyta	Magnoliopsida	Rosales	Rosaceae	Comarum	NCBI_LINEAGE
JN999123.1	Potentilla palustris	Comarum palustre	Comarum palustre	Streptophyta	Magnoliopsida	Rosales	Rosaceae	Comarum	NCBI_LINEAGE
KF873765.1	Potentilla palustris	Comarum palustre	Comarum palustre	Streptophyta	Magnoliopsida	Rosales	Rosaceae	Comarum	NCBI_LINEAGE
KF873766.1	Potentilla palustris	Comarum palustre	Comarum palustre	Streptophyta	Magnoliopsida	Rosales	Rosaceae	Comarum	NCBI_LINEAGE
FJ356163.1	Potentilla rupestris	Drymocallis rupestris	Drymocallis rupestris	Streptophyta	Magnoliopsida	Rosales	Rosaceae	Drymocallis	NCBI_LINEAGE
HQ228230.1	Prunella grandiflora	Prunella grandiflora	Prunella grandiflora	Tracheophyta	Magnoliopsida	Lamiales	Lamiaceae	Prunella	BOLD_GENUS_BACKBONE
HQ228231.1	Prunella grandiflora	Prunella grandiflora	Prunella grandiflora	Tracheophyta	Magnoliopsida	Lamiales	Lamiaceae	Prunella	BOLD_GENUS_BACKBONE
AF318754.1	Prunus dulcis	Prunus dulcis	Prunus dulcis	Tracheophyta	Magnoliopsida	Rosales	Rosaceae	Prunus	BOLD_GENUS_BACKBONE
FJ572043.1	Prunus dulcis	Prunus dulcis var. amara	Prunus dulcis	Tracheophyta	Magnoliopsida	Rosales	Rosaceae	Prunus	BOLD_GENUS_BACKBONE
PX387152.1	Prunus dulcis	Prunus dulcis	Prunus dulcis	Tracheophyta	Magnoliopsida	Rosales	Rosaceae	Prunus	BOLD_GENUS_BACKBONE
AF168133.1	Pseudanomodon attenuatus	Pseudanomodon attenuatus	Pseudanomodon attenuatus	Streptophyta	Bryopsida	Hypnales	Neckeraceae	Pseudanomodon	NCBI_LINEAGE
AJ277231.1	Pseudanomodon attenuatus	Pseudanomodon attenuatus	Pseudanomodon attenuatus	Streptophyta	Bryopsida	Hypnales	Neckeraceae	Pseudanomodon	NCBI_LINEAGE
AF516154.1	Pseudoleskeella catenulata	Pseudoleskeella catenulata	Pseudoleskeella catenulata	Bryophyta	Bryopsida	Hypnales	Leskeaceae	Pseudoleskeella	BOLD_GENUS_BACKBONE
KX158319.1	Pseudostellaria europaea	Pseudostellaria europaea	Pseudostellaria europaea	Streptophyta	Magnoliopsida	Caryophyllales	Caryophyllaceae	Pseudostellaria	NCBI_LINEAGE
GU592179.1	Pseudoturritis turrita	Pseudoturritis turrita	Pseudoturritis turrita	Streptophyta	Magnoliopsida	Brassicales	Brassicaceae	Pseudoturritis	NCBI_LINEAGE
JQ919845.1	Pseudoturritis turrita	Pseudoturritis turrita	Pseudoturritis turrita	Streptophyta	Magnoliopsida	Brassicales	Brassicaceae	Pseudoturritis	NCBI_LINEAGE
AF478493.1	Psilurus incurvus	Festuca incurva	Festuca incurva	Tracheophyta	Liliopsida	Poales	Poaceae	Festuca	BOLD_GENUS_BACKBONE
KJ598944.1	Psilurus incurvus	Festuca incurva	Festuca incurva	Tracheophyta	Liliopsida	Poales	Poaceae	Festuca	BOLD_GENUS_BACKBONE
EU878223.1	Ptychostomum capillare	Ptychostomum capillare	Ptychostomum capillare	Bryophyta	Bryopsida	Bryales	Bryaceae	Ptychostomum	BOLD_GENUS_BACKBONE
KY369298.1	Ptychostomum capillare	Ptychostomum capillare	Ptychostomum capillare	Bryophyta	Bryopsida	Bryales	Bryaceae	Ptychostomum	BOLD_GENUS_BACKBONE
EU878209.1	Ptychostomum funkii	Ptychostomum funkii	Ptychostomum funkii	Bryophyta	Bryopsida	Bryales	Bryaceae	Ptychostomum	BOLD_GENUS_BACKBONE
FJ796894.1	Ptychostomum funkii	Ptychostomum funkii	Ptychostomum funkii	Bryophyta	Bryopsida	Bryales	Bryaceae	Ptychostomum	BOLD_GENUS_BACKBONE
MK270344.1	Ptychostomum funkii	Ptychostomum funkii	Ptychostomum funkii	Bryophyta	Bryopsida	Bryales	Bryaceae	Ptychostomum	BOLD_GENUS_BACKBONE
MK270345.1	Ptychostomum funkii	Ptychostomum funkii	Ptychostomum funkii	Bryophyta	Bryopsida	Bryales	Bryaceae	Ptychostomum	BOLD_GENUS_BACKBONE
MK270346.1	Ptychostomum funkii	Ptychostomum funkii	Ptychostomum funkii	Bryophyta	Bryopsida	Bryales	Bryaceae	Ptychostomum	BOLD_GENUS_BACKBONE
MK270347.1	Ptychostomum funkii	Ptychostomum funkii	Ptychostomum funkii	Bryophyta	Bryopsida	Bryales	Bryaceae	Ptychostomum	BOLD_GENUS_BACKBONE
MK270348.1	Ptychostomum funkii	Ptychostomum funkii	Ptychostomum funkii	Bryophyta	Bryopsida	Bryales	Bryaceae	Ptychostomum	BOLD_GENUS_BACKBONE
EU878219.1	Ptychostomum zieri	Plagiobryum zieri	Plagiobryum zieri	Streptophyta	Bryopsida	Bryales	Bryaceae	Plagiobryum	NCBI_LINEAGE
MK550978.1	Pulsatilla alpina	Pulsatilla alpina	Pulsatilla alpina	Tracheophyta	Magnoliopsida	Ranunculales	Ranunculaceae	Pulsatilla	BOLD_GENUS_BACKBONE
MK550985.1	Pulsatilla grandis	Pulsatilla grandis	Pulsatilla grandis	Tracheophyta	Magnoliopsida	Ranunculales	Ranunculaceae	Pulsatilla	BOLD_GENUS_BACKBONE
MK551002.1	Pulsatilla montana	Anemone montana	Anemone montana	Tracheophyta	Magnoliopsida	Ranunculales	Ranunculaceae	Anemone	BOLD_GENUS_BACKBONE
MK551004.1	Pulsatilla montana	Anemone montana	Anemone montana	Tracheophyta	Magnoliopsida	Ranunculales	Ranunculaceae	Anemone	BOLD_GENUS_BACKBONE
MK551005.1	Pulsatilla nigricans	Anemone pratensis subsp. nigricans	Anemone pratensis	Tracheophyta	Magnoliopsida	Ranunculales	Ranunculaceae	Anemone	BOLD_GENUS_BACKBONE
EU150019.1	Pyrus amygdaliformis	Pyrus amygdaliformis	Pyrus amygdaliformis	Tracheophyta	Magnoliopsida	Rosales	Rosaceae	Pyrus	BOLD_GENUS_BACKBONE
EU150020.1	Pyrus amygdaliformis	Pyrus amygdaliformis	Pyrus amygdaliformis	Tracheophyta	Magnoliopsida	Rosales	Rosaceae	Pyrus	BOLD_GENUS_BACKBONE
AY226844.1	Quercus crenata	Quercus crenata	Quercus crenata	Tracheophyta	Magnoliopsida	Fagales	Fagaceae	Quercus	BOLD_GENUS_BACKBONE
JX069526.1	Racomitrium canescens	Niphotrichum canescens	Niphotrichum canescens	Streptophyta	Bryopsida	Grimmiales	Grimmiaceae	Niphotrichum	NCBI_LINEAGE
JX069527.1	Racomitrium canescens	Niphotrichum canescens	Niphotrichum canescens	Streptophyta	Bryopsida	Grimmiales	Grimmiaceae	Niphotrichum	NCBI_LINEAGE
JX069528.1	Racomitrium canescens	Niphotrichum canescens	Niphotrichum canescens	Streptophyta	Bryopsida	Grimmiales	Grimmiaceae	Niphotrichum	NCBI_LINEAGE
JX069529.1	Racomitrium canescens	Niphotrichum canescens	Niphotrichum canescens	Streptophyta	Bryopsida	Grimmiales	Grimmiaceae	Niphotrichum	NCBI_LINEAGE
JX069530.1	Racomitrium canescens	Niphotrichum canescens	Niphotrichum canescens	Streptophyta	Bryopsida	Grimmiales	Grimmiaceae	Niphotrichum	NCBI_LINEAGE
JX069531.1	Racomitrium canescens	Niphotrichum canescens	Niphotrichum canescens	Streptophyta	Bryopsida	Grimmiales	Grimmiaceae	Niphotrichum	NCBI_LINEAGE
JX069532.1	Racomitrium canescens	Niphotrichum canescens	Niphotrichum canescens	Streptophyta	Bryopsida	Grimmiales	Grimmiaceae	Niphotrichum	NCBI_LINEAGE
JX069533.1	Racomitrium canescens	Niphotrichum canescens	Niphotrichum canescens	Streptophyta	Bryopsida	Grimmiales	Grimmiaceae	Niphotrichum	NCBI_LINEAGE
JX069534.1	Racomitrium canescens	Niphotrichum canescens	Niphotrichum canescens	Streptophyta	Bryopsida	Grimmiales	Grimmiaceae	Niphotrichum	NCBI_LINEAGE
JX069535.1	Racomitrium canescens	Niphotrichum canescens	Niphotrichum canescens	Streptophyta	Bryopsida	Grimmiales	Grimmiaceae	Niphotrichum	NCBI_LINEAGE
JX069536.1	Racomitrium canescens	Niphotrichum canescens	Niphotrichum canescens	Streptophyta	Bryopsida	Grimmiales	Grimmiaceae	Niphotrichum	NCBI_LINEAGE
JX069539.1	Racomitrium canescens	Niphotrichum canescens	Niphotrichum canescens	Streptophyta	Bryopsida	Grimmiales	Grimmiaceae	Niphotrichum	NCBI_LINEAGE
JX069540.1	Racomitrium canescens	Niphotrichum canescens	Niphotrichum canescens	Streptophyta	Bryopsida	Grimmiales	Grimmiaceae	Niphotrichum	NCBI_LINEAGE
JX069541.1	Racomitrium canescens	Niphotrichum canescens	Niphotrichum canescens	Streptophyta	Bryopsida	Grimmiales	Grimmiaceae	Niphotrichum	NCBI_LINEAGE
JX069542.1	Racomitrium canescens	Niphotrichum canescens	Niphotrichum canescens	Streptophyta	Bryopsida	Grimmiales	Grimmiaceae	Niphotrichum	NCBI_LINEAGE
JX069543.1	Racomitrium canescens	Niphotrichum canescens	Niphotrichum canescens	Streptophyta	Bryopsida	Grimmiales	Grimmiaceae	Niphotrichum	NCBI_LINEAGE
JX069544.1	Racomitrium canescens	Niphotrichum canescens	Niphotrichum canescens	Streptophyta	Bryopsida	Grimmiales	Grimmiaceae	Niphotrichum	NCBI_LINEAGE
JX069545.1	Racomitrium canescens	Niphotrichum canescens	Niphotrichum canescens	Streptophyta	Bryopsida	Grimmiales	Grimmiaceae	Niphotrichum	NCBI_LINEAGE
JX069546.1	Racomitrium canescens	Niphotrichum canescens	Niphotrichum canescens	Streptophyta	Bryopsida	Grimmiales	Grimmiaceae	Niphotrichum	NCBI_LINEAGE
JX069547.1	Racomitrium canescens	Niphotrichum canescens	Niphotrichum canescens	Streptophyta	Bryopsida	Grimmiales	Grimmiaceae	Niphotrichum	NCBI_LINEAGE
JX069548.1	Racomitrium canescens	Niphotrichum canescens	Niphotrichum canescens	Streptophyta	Bryopsida	Grimmiales	Grimmiaceae	Niphotrichum	NCBI_LINEAGE
JX069549.1	Racomitrium canescens	Niphotrichum canescens	Niphotrichum canescens	Streptophyta	Bryopsida	Grimmiales	Grimmiaceae	Niphotrichum	NCBI_LINEAGE
JX069550.1	Racomitrium canescens	Niphotrichum canescens	Niphotrichum canescens	Streptophyta	Bryopsida	Grimmiales	Grimmiaceae	Niphotrichum	NCBI_LINEAGE
JX069551.1	Racomitrium canescens	Niphotrichum canescens	Niphotrichum canescens	Streptophyta	Bryopsida	Grimmiales	Grimmiaceae	Niphotrichum	NCBI_LINEAGE
JX069552.1	Racomitrium canescens	Niphotrichum canescens	Niphotrichum canescens	Streptophyta	Bryopsida	Grimmiales	Grimmiaceae	Niphotrichum	NCBI_LINEAGE
JX069487.1	Racomitrium elongatum	Niphotrichum elongatum	Niphotrichum elongatum	Streptophyta	Bryopsida	Grimmiales	Grimmiaceae	Niphotrichum	NCBI_LINEAGE
JX069488.1	Racomitrium elongatum	Niphotrichum elongatum	Niphotrichum elongatum	Streptophyta	Bryopsida	Grimmiales	Grimmiaceae	Niphotrichum	NCBI_LINEAGE
JX069489.1	Racomitrium elongatum	Niphotrichum elongatum	Niphotrichum elongatum	Streptophyta	Bryopsida	Grimmiales	Grimmiaceae	Niphotrichum	NCBI_LINEAGE
JX069490.1	Racomitrium elongatum	Niphotrichum elongatum	Niphotrichum elongatum	Streptophyta	Bryopsida	Grimmiales	Grimmiaceae	Niphotrichum	NCBI_LINEAGE
JX069491.1	Racomitrium elongatum	Niphotrichum elongatum	Niphotrichum elongatum	Streptophyta	Bryopsida	Grimmiales	Grimmiaceae	Niphotrichum	NCBI_LINEAGE
JX069492.1	Racomitrium elongatum	Niphotrichum elongatum	Niphotrichum elongatum	Streptophyta	Bryopsida	Grimmiales	Grimmiaceae	Niphotrichum	NCBI_LINEAGE
JX069493.1	Racomitrium elongatum	Niphotrichum elongatum	Niphotrichum elongatum	Streptophyta	Bryopsida	Grimmiales	Grimmiaceae	Niphotrichum	NCBI_LINEAGE
JX069494.1	Racomitrium elongatum	Niphotrichum elongatum	Niphotrichum elongatum	Streptophyta	Bryopsida	Grimmiales	Grimmiaceae	Niphotrichum	NCBI_LINEAGE
JX069495.1	Racomitrium elongatum	Niphotrichum elongatum	Niphotrichum elongatum	Streptophyta	Bryopsida	Grimmiales	Grimmiaceae	Niphotrichum	NCBI_LINEAGE
JX069496.1	Racomitrium elongatum	Niphotrichum elongatum	Niphotrichum elongatum	Streptophyta	Bryopsida	Grimmiales	Grimmiaceae	Niphotrichum	NCBI_LINEAGE
JX069497.1	Racomitrium elongatum	Niphotrichum elongatum	Niphotrichum elongatum	Streptophyta	Bryopsida	Grimmiales	Grimmiaceae	Niphotrichum	NCBI_LINEAGE
JX069498.1	Racomitrium elongatum	Niphotrichum elongatum	Niphotrichum elongatum	Streptophyta	Bryopsida	Grimmiales	Grimmiaceae	Niphotrichum	NCBI_LINEAGE
JX069499.1	Racomitrium elongatum	Niphotrichum elongatum	Niphotrichum elongatum	Streptophyta	Bryopsida	Grimmiales	Grimmiaceae	Niphotrichum	NCBI_LINEAGE
JX069500.1	Racomitrium elongatum	Niphotrichum elongatum	Niphotrichum elongatum	Streptophyta	Bryopsida	Grimmiales	Grimmiaceae	Niphotrichum	NCBI_LINEAGE
JX069501.1	Racomitrium elongatum	Niphotrichum elongatum	Niphotrichum elongatum	Streptophyta	Bryopsida	Grimmiales	Grimmiaceae	Niphotrichum	NCBI_LINEAGE
FJ572357.1	Racomitrium ericoides	Niphotrichum ericoides	Niphotrichum ericoides	Streptophyta	Bryopsida	Grimmiales	Grimmiaceae	Niphotrichum	NCBI_LINEAGE
FJ572358.1	Racomitrium ericoides	Niphotrichum ericoides	Niphotrichum ericoides	Streptophyta	Bryopsida	Grimmiales	Grimmiaceae	Niphotrichum	NCBI_LINEAGE
FJ572359.1	Racomitrium ericoides	Niphotrichum ericoides	Niphotrichum ericoides	Streptophyta	Bryopsida	Grimmiales	Grimmiaceae	Niphotrichum	NCBI_LINEAGE
JX069510.1	Racomitrium ericoides	Niphotrichum ericoides	Niphotrichum ericoides	Streptophyta	Bryopsida	Grimmiales	Grimmiaceae	Niphotrichum	NCBI_LINEAGE
JX069511.1	Racomitrium ericoides	Niphotrichum ericoides	Niphotrichum ericoides	Streptophyta	Bryopsida	Grimmiales	Grimmiaceae	Niphotrichum	NCBI_LINEAGE
JX069512.1	Racomitrium ericoides	Niphotrichum ericoides	Niphotrichum ericoides	Streptophyta	Bryopsida	Grimmiales	Grimmiaceae	Niphotrichum	NCBI_LINEAGE
JX069513.1	Racomitrium ericoides	Niphotrichum ericoides	Niphotrichum ericoides	Streptophyta	Bryopsida	Grimmiales	Grimmiaceae	Niphotrichum	NCBI_LINEAGE
JX069514.1	Racomitrium ericoides	Niphotrichum ericoides	Niphotrichum ericoides	Streptophyta	Bryopsida	Grimmiales	Grimmiaceae	Niphotrichum	NCBI_LINEAGE
JX069515.1	Racomitrium ericoides	Niphotrichum ericoides	Niphotrichum ericoides	Streptophyta	Bryopsida	Grimmiales	Grimmiaceae	Niphotrichum	NCBI_LINEAGE
JX069516.1	Racomitrium ericoides	Niphotrichum ericoides	Niphotrichum ericoides	Streptophyta	Bryopsida	Grimmiales	Grimmiaceae	Niphotrichum	NCBI_LINEAGE
JX069517.1	Racomitrium ericoides	Niphotrichum ericoides	Niphotrichum ericoides	Streptophyta	Bryopsida	Grimmiales	Grimmiaceae	Niphotrichum	NCBI_LINEAGE
JX069518.1	Racomitrium ericoides	Niphotrichum ericoides	Niphotrichum ericoides	Streptophyta	Bryopsida	Grimmiales	Grimmiaceae	Niphotrichum	NCBI_LINEAGE
JX069519.1	Racomitrium ericoides	Niphotrichum ericoides	Niphotrichum ericoides	Streptophyta	Bryopsida	Grimmiales	Grimmiaceae	Niphotrichum	NCBI_LINEAGE
JX069520.1	Racomitrium ericoides	Niphotrichum ericoides	Niphotrichum ericoides	Streptophyta	Bryopsida	Grimmiales	Grimmiaceae	Niphotrichum	NCBI_LINEAGE
JX069521.1	Racomitrium ericoides	Niphotrichum ericoides	Niphotrichum ericoides	Streptophyta	Bryopsida	Grimmiales	Grimmiaceae	Niphotrichum	NCBI_LINEAGE
JX069522.1	Racomitrium ericoides	Niphotrichum ericoides	Niphotrichum ericoides	Streptophyta	Bryopsida	Grimmiales	Grimmiaceae	Niphotrichum	NCBI_LINEAGE
JX069523.1	Racomitrium ericoides	Niphotrichum ericoides	Niphotrichum ericoides	Streptophyta	Bryopsida	Grimmiales	Grimmiaceae	Niphotrichum	NCBI_LINEAGE
JX069524.1	Racomitrium ericoides	Niphotrichum ericoides	Niphotrichum ericoides	Streptophyta	Bryopsida	Grimmiales	Grimmiaceae	Niphotrichum	NCBI_LINEAGE
JX069525.1	Racomitrium ericoides	Niphotrichum ericoides	Niphotrichum ericoides	Streptophyta	Bryopsida	Grimmiales	Grimmiaceae	Niphotrichum	NCBI_LINEAGE
FJ572368.1	Racomitrium fasciculare	Dilutineuron fasciculare	Dilutineuron fasciculare	Streptophyta	Bryopsida	Grimmiales	Grimmiaceae	Dilutineuron	NCBI_LINEAGE
FJ572369.1	Racomitrium fasciculare	Dilutineuron fasciculare	Dilutineuron fasciculare	Streptophyta	Bryopsida	Grimmiales	Grimmiaceae	Dilutineuron	NCBI_LINEAGE
AF033649.1	Racomitrium microcarpon	Bucklandiella microcarpa	Bucklandiella microcarpa	Streptophyta	Bryopsida	Grimmiales	Grimmiaceae	Bucklandiella	NCBI_LINEAGE
AF144127.1	Racomitrium microcarpon	Bucklandiella microcarpa	Bucklandiella microcarpa	Streptophyta	Bryopsida	Grimmiales	Grimmiaceae	Bucklandiella	NCBI_LINEAGE
HQ894451.1	Ranunculus fluitans	Ranunculus fluitans	Ranunculus fluitans	Tracheophyta	Magnoliopsida	Ranunculales	Ranunculaceae	Ranunculus	BOLD_GENUS_BACKBONE
EU792856.1	Ranunculus seguieri	Ranunculus seguieri	Ranunculus seguieri	Tracheophyta	Magnoliopsida	Ranunculales	Ranunculaceae	Ranunculus	BOLD_GENUS_BACKBONE
EU792857.1	Ranunculus seguieri	Ranunculus seguieri	Ranunculus seguieri	Tracheophyta	Magnoliopsida	Ranunculales	Ranunculaceae	Ranunculus	BOLD_GENUS_BACKBONE
EU792858.1	Ranunculus seguieri	Ranunculus seguieri	Ranunculus seguieri	Tracheophyta	Magnoliopsida	Ranunculales	Ranunculaceae	Ranunculus	BOLD_GENUS_BACKBONE
AY722481.1	Rapistrum perenne	Rapistrum perenne	Rapistrum perenne	Tracheophyta	Magnoliopsida	Brassicales	Brassicaceae	Rapistrum	BOLD_GENUS_BACKBONE
AF140793.1	Rhabdoweisia crenulata	Rhabdoweisia crenulata	Rhabdoweisia crenulata	Bryophyta	Bryopsida	Rhabdoweisiales	Rhabdoweisiaceae	Rhabdoweisia	BOLD_GENUS_BACKBONE
AF140792.1	Rhabdoweisia fugax	Rhabdoweisia fugax	Rhabdoweisia fugax	Bryophyta	Bryopsida	Rhabdoweisiales	Rhabdoweisiaceae	Rhabdoweisia	BOLD_GENUS_BACKBONE
KT695208.1	Rhamnus catharticus	Rhamnus cathartica	Rhamnus cathartica	Tracheophyta	Magnoliopsida	Rosales	Rhamnaceae	Rhamnus	BOLD_GENUS_BACKBONE
KT695230.1	Rhamnus catharticus	Rhamnus cathartica	Rhamnus cathartica	Tracheophyta	Magnoliopsida	Rosales	Rhamnaceae	Rhamnus	BOLD_GENUS_BACKBONE
MT735328.1	Rhamnus catharticus	Rhamnus cathartica	Rhamnus cathartica	Tracheophyta	Magnoliopsida	Rosales	Rhamnaceae	Rhamnus	BOLD_GENUS_BACKBONE
GU445319.1	Rhinanthus freynii	Rhinanthus freynii	Rhinanthus freynii	Tracheophyta	Magnoliopsida	Lamiales	Orobanchaceae	Rhinanthus	BOLD_GENUS_BACKBONE
AB218966.1	Rhizoclonium hieroglyphicum	Rhizoclonium hieroglyphicum	Rhizoclonium hieroglyphicum	Chlorophyta	Ulvophyceae	Cladophorales	Cladophoraceae	Rhizoclonium	NCBI_LINEAGE
LS990758.1	Rhizoclonium hieroglyphicum	Rhizoclonium hieroglyphicum	Rhizoclonium hieroglyphicum	Chlorophyta	Ulvophyceae	Cladophorales	Cladophoraceae	Rhizoclonium	NCBI_LINEAGE
AF393415.1	Rhododendron ferrugineum	Rhododendron ferrugineum	Rhododendron ferrugineum	Streptophyta	Magnoliopsida	Ericales	Ericaceae	Rhododendron	NCBI_LINEAGE
AF072485.1	Rhododendron luteum	Rhododendron luteum	Rhododendron luteum	Streptophyta	Magnoliopsida	Ericales	Ericaceae	Rhododendron	NCBI_LINEAGE
AF230999.1	Rhynchostegium rotundifolium	Rhynchostegium rotundifolium	Rhynchostegium rotundifolium	Bryophyta	Bryopsida	Hypnales	Brachytheciaceae	Rhynchostegium	BOLD_GENUS_BACKBONE
KX468524.1	Riccia cavernosa	Riccia cavernosa	Riccia cavernosa	Marchantiophyta	Marchantiopsida	Marchantiales	Ricciaceae	Riccia	BOLD_GENUS_BACKBONE
KT947027.1	Ricciocarpos natans	Ricciocarpos natans	Ricciocarpos natans	Streptophyta	Marchantiopsida	Marchantiales	Ricciaceae	Ricciocarpos	NCBI_LINEAGE
KX468512.1	Ricciocarpos natans	Ricciocarpos natans	Ricciocarpos natans	Streptophyta	Marchantiopsida	Marchantiales	Ricciaceae	Ricciocarpos	NCBI_LINEAGE
MK211851.1	Roaldia dolomitica	Roaldia dolomitica	Roaldia dolomitica	Bryophyta	Bryopsida	Hypnales	Pylaisiaceae	Roaldia	BOLD_GENUS_BACKBONE
MK211852.1	Roaldia dolomitica	Roaldia dolomitica	Roaldia dolomitica	Bryophyta	Bryopsida	Hypnales	Pylaisiaceae	Roaldia	BOLD_GENUS_BACKBONE
AB048593.1	Rosa arvensis	Rosa arvensis	Rosa arvensis	Tracheophyta	Magnoliopsida	Rosales	Rosaceae	Rosa	BOLD_GENUS_BACKBONE
KM353023.1	Rosa arvensis	Rosa arvensis	Rosa arvensis	Tracheophyta	Magnoliopsida	Rosales	Rosaceae	Rosa	BOLD_GENUS_BACKBONE
KM353024.1	Rosa arvensis	Rosa arvensis	Rosa arvensis	Tracheophyta	Magnoliopsida	Rosales	Rosaceae	Rosa	BOLD_GENUS_BACKBONE
KM353025.1	Rosa arvensis	Rosa arvensis	Rosa arvensis	Tracheophyta	Magnoliopsida	Rosales	Rosaceae	Rosa	BOLD_GENUS_BACKBONE
KM353026.1	Rosa arvensis	Rosa arvensis	Rosa arvensis	Tracheophyta	Magnoliopsida	Rosales	Rosaceae	Rosa	BOLD_GENUS_BACKBONE
KM353027.1	Rosa arvensis	Rosa arvensis	Rosa arvensis	Tracheophyta	Magnoliopsida	Rosales	Rosaceae	Rosa	BOLD_GENUS_BACKBONE
KM353028.1	Rosa arvensis	Rosa arvensis	Rosa arvensis	Tracheophyta	Magnoliopsida	Rosales	Rosaceae	Rosa	BOLD_GENUS_BACKBONE
MZ230143.1	Rosa arvensis	Rosa arvensis	Rosa arvensis	Tracheophyta	Magnoliopsida	Rosales	Rosaceae	Rosa	BOLD_GENUS_BACKBONE
MZ230154.1	Rosa arvensis	Rosa arvensis	Rosa arvensis	Tracheophyta	Magnoliopsida	Rosales	Rosaceae	Rosa	BOLD_GENUS_BACKBONE
KM353077.1	Rosa elliptica	Rosa elliptica	Rosa elliptica	Tracheophyta	Magnoliopsida	Rosales	Rosaceae	Rosa	BOLD_GENUS_BACKBONE
KM353078.1	Rosa elliptica	Rosa elliptica	Rosa elliptica	Tracheophyta	Magnoliopsida	Rosales	Rosaceae	Rosa	BOLD_GENUS_BACKBONE
KM353079.1	Rosa elliptica	Rosa elliptica	Rosa elliptica	Tracheophyta	Magnoliopsida	Rosales	Rosaceae	Rosa	BOLD_GENUS_BACKBONE
KM353080.1	Rosa elliptica	Rosa elliptica	Rosa elliptica	Tracheophyta	Magnoliopsida	Rosales	Rosaceae	Rosa	BOLD_GENUS_BACKBONE
KM353081.1	Rosa elliptica	Rosa elliptica	Rosa elliptica	Tracheophyta	Magnoliopsida	Rosales	Rosaceae	Rosa	BOLD_GENUS_BACKBONE
AB019496.1	Rosa glauca	Rosa glauca	Rosa glauca	Tracheophyta	Magnoliopsida	Rosales	Rosaceae	Rosa	BOLD_GENUS_BACKBONE
KF454166.1	Rosa pendulina	Rosa pendulina	Rosa pendulina	Tracheophyta	Magnoliopsida	Rosales	Rosaceae	Rosa	BOLD_GENUS_BACKBONE
KM353172.1	Rosa pendulina	Rosa pendulina	Rosa pendulina	Tracheophyta	Magnoliopsida	Rosales	Rosaceae	Rosa	BOLD_GENUS_BACKBONE
AB035658.1	Rosa pimpinellifolia	Rosa spinosissima	Rosa spinosissima	Tracheophyta	Magnoliopsida	Rosales	Rosaceae	Rosa	BOLD_GENUS_BACKBONE
KF454155.1	Rosa pimpinellifolia	Rosa spinosissima	Rosa spinosissima	Tracheophyta	Magnoliopsida	Rosales	Rosaceae	Rosa	BOLD_GENUS_BACKBONE
KF454156.1	Rosa pimpinellifolia	Rosa spinosissima	Rosa spinosissima	Tracheophyta	Magnoliopsida	Rosales	Rosaceae	Rosa	BOLD_GENUS_BACKBONE
KM353174.1	Rosa pimpinellifolia	Rosa spinosissima	Rosa spinosissima	Tracheophyta	Magnoliopsida	Rosales	Rosaceae	Rosa	BOLD_GENUS_BACKBONE
AY506649.1	Rosmarinus officinalis	Salvia rosmarinus	Salvia rosmarinus	Tracheophyta	Magnoliopsida	Lamiales	Lamiaceae	Salvia	BOLD_GENUS_BACKBONE
EU796893.1	Rosmarinus officinalis	Salvia rosmarinus	Salvia rosmarinus	Tracheophyta	Magnoliopsida	Lamiales	Lamiaceae	Salvia	BOLD_GENUS_BACKBONE
HM595487.1	Rosmarinus officinalis	Salvia rosmarinus	Salvia rosmarinus	Tracheophyta	Magnoliopsida	Lamiales	Lamiaceae	Salvia	BOLD_GENUS_BACKBONE
KJ584197.1	Rosmarinus officinalis	Salvia rosmarinus	Salvia rosmarinus	Tracheophyta	Magnoliopsida	Lamiales	Lamiaceae	Salvia	BOLD_GENUS_BACKBONE
MK425934.1	Rosmarinus officinalis	Salvia rosmarinus	Salvia rosmarinus	Tracheophyta	Magnoliopsida	Lamiales	Lamiaceae	Salvia	BOLD_GENUS_BACKBONE
KM037268.1	Rubus constrictus	Rubus constrictus	Rubus constrictus	Tracheophyta	Magnoliopsida	Rosales	Rosaceae	Rubus	BOLD_GENUS_BACKBONE
KM037269.1	Rubus constrictus	Rubus constrictus	Rubus constrictus	Tracheophyta	Magnoliopsida	Rosales	Rosaceae	Rubus	BOLD_GENUS_BACKBONE
KM037270.1	Rubus constrictus	Rubus constrictus	Rubus constrictus	Tracheophyta	Magnoliopsida	Rosales	Rosaceae	Rubus	BOLD_GENUS_BACKBONE
KM037271.1	Rubus constrictus	Rubus constrictus	Rubus constrictus	Tracheophyta	Magnoliopsida	Rosales	Rosaceae	Rubus	BOLD_GENUS_BACKBONE
KM037272.1	Rubus constrictus	Rubus constrictus	Rubus constrictus	Tracheophyta	Magnoliopsida	Rosales	Rosaceae	Rubus	BOLD_GENUS_BACKBONE
KM037273.1	Rubus constrictus	Rubus constrictus	Rubus constrictus	Tracheophyta	Magnoliopsida	Rosales	Rosaceae	Rubus	BOLD_GENUS_BACKBONE
KM037274.1	Rubus constrictus	Rubus constrictus	Rubus constrictus	Tracheophyta	Magnoliopsida	Rosales	Rosaceae	Rubus	BOLD_GENUS_BACKBONE
KM037275.1	Rubus constrictus	Rubus constrictus	Rubus constrictus	Tracheophyta	Magnoliopsida	Rosales	Rosaceae	Rubus	BOLD_GENUS_BACKBONE
KM037430.1	Rubus montanus	Rubus montanus	Rubus montanus	Tracheophyta	Magnoliopsida	Rosales	Rosaceae	Rubus	BOLD_GENUS_BACKBONE
KM037431.1	Rubus montanus	Rubus montanus	Rubus montanus	Tracheophyta	Magnoliopsida	Rosales	Rosaceae	Rubus	BOLD_GENUS_BACKBONE
KM037432.1	Rubus montanus	Rubus montanus	Rubus montanus	Tracheophyta	Magnoliopsida	Rosales	Rosaceae	Rubus	BOLD_GENUS_BACKBONE
KM037433.1	Rubus montanus	Rubus montanus	Rubus montanus	Tracheophyta	Magnoliopsida	Rosales	Rosaceae	Rubus	BOLD_GENUS_BACKBONE
KM037656.1	Rubus montanus	Rubus montanus	Rubus montanus	Tracheophyta	Magnoliopsida	Rosales	Rosaceae	Rubus	BOLD_GENUS_BACKBONE
KM037657.1	Rubus montanus	Rubus montanus	Rubus montanus	Tracheophyta	Magnoliopsida	Rosales	Rosaceae	Rubus	BOLD_GENUS_BACKBONE
KM037658.1	Rubus montanus	Rubus montanus	Rubus montanus	Tracheophyta	Magnoliopsida	Rosales	Rosaceae	Rubus	BOLD_GENUS_BACKBONE
KM037659.1	Rubus montanus	Rubus montanus	Rubus montanus	Tracheophyta	Magnoliopsida	Rosales	Rosaceae	Rubus	BOLD_GENUS_BACKBONE
KM037660.1	Rubus montanus	Rubus montanus	Rubus montanus	Tracheophyta	Magnoliopsida	Rosales	Rosaceae	Rubus	BOLD_GENUS_BACKBONE
KM037661.1	Rubus montanus	Rubus montanus	Rubus montanus	Tracheophyta	Magnoliopsida	Rosales	Rosaceae	Rubus	BOLD_GENUS_BACKBONE
AY818214.1	Rubus plicatus	Rubus fruticosus	Rubus fruticosus	Tracheophyta	Magnoliopsida	Rosales	Rosaceae	Rubus	BOLD_GENUS_BACKBONE
KM037480.1	Rubus plicatus	Rubus fruticosus	Rubus fruticosus	Tracheophyta	Magnoliopsida	Rosales	Rosaceae	Rubus	BOLD_GENUS_BACKBONE
KM037517.1	Rubus radula	Rubus radula	Rubus radula	Tracheophyta	Magnoliopsida	Rosales	Rosaceae	Rubus	BOLD_GENUS_BACKBONE
KM037518.1	Rubus radula	Rubus radula	Rubus radula	Tracheophyta	Magnoliopsida	Rosales	Rosaceae	Rubus	BOLD_GENUS_BACKBONE
KM037519.1	Rubus radula	Rubus radula	Rubus radula	Tracheophyta	Magnoliopsida	Rosales	Rosaceae	Rubus	BOLD_GENUS_BACKBONE
KM037520.1	Rubus radula	Rubus radula	Rubus radula	Tracheophyta	Magnoliopsida	Rosales	Rosaceae	Rubus	BOLD_GENUS_BACKBONE
KM037521.1	Rubus radula	Rubus radula	Rubus radula	Tracheophyta	Magnoliopsida	Rosales	Rosaceae	Rubus	BOLD_GENUS_BACKBONE
KM037522.1	Rubus radula	Rubus radula	Rubus radula	Tracheophyta	Magnoliopsida	Rosales	Rosaceae	Rubus	BOLD_GENUS_BACKBONE
KM037523.1	Rubus radula	Rubus radula	Rubus radula	Tracheophyta	Magnoliopsida	Rosales	Rosaceae	Rubus	BOLD_GENUS_BACKBONE
KM037524.1	Rubus radula	Rubus radula	Rubus radula	Tracheophyta	Magnoliopsida	Rosales	Rosaceae	Rubus	BOLD_GENUS_BACKBONE
KM037533.1	Rubus schleicheri	Rubus schleicheri	Rubus schleicheri	Tracheophyta	Magnoliopsida	Rosales	Rosaceae	Rubus	BOLD_GENUS_BACKBONE
KM037534.1	Rubus schleicheri	Rubus schleicheri	Rubus schleicheri	Tracheophyta	Magnoliopsida	Rosales	Rosaceae	Rubus	BOLD_GENUS_BACKBONE
KM037535.1	Rubus schleicheri	Rubus schleicheri	Rubus schleicheri	Tracheophyta	Magnoliopsida	Rosales	Rosaceae	Rubus	BOLD_GENUS_BACKBONE
KM037536.1	Rubus schleicheri	Rubus schleicheri	Rubus schleicheri	Tracheophyta	Magnoliopsida	Rosales	Rosaceae	Rubus	BOLD_GENUS_BACKBONE
KM037537.1	Rubus schleicheri	Rubus schleicheri	Rubus schleicheri	Tracheophyta	Magnoliopsida	Rosales	Rosaceae	Rubus	BOLD_GENUS_BACKBONE
KM037538.1	Rubus schleicheri	Rubus schleicheri	Rubus schleicheri	Tracheophyta	Magnoliopsida	Rosales	Rosaceae	Rubus	BOLD_GENUS_BACKBONE
KM037539.1	Rubus schleicheri	Rubus schleicheri	Rubus schleicheri	Tracheophyta	Magnoliopsida	Rosales	Rosaceae	Rubus	BOLD_GENUS_BACKBONE
KM037540.1	Rubus schleicheri	Rubus schleicheri	Rubus schleicheri	Tracheophyta	Magnoliopsida	Rosales	Rosaceae	Rubus	BOLD_GENUS_BACKBONE
KM037541.1	Rubus schleicheri	Rubus schleicheri	Rubus schleicheri	Tracheophyta	Magnoliopsida	Rosales	Rosaceae	Rubus	BOLD_GENUS_BACKBONE
KM037542.1	Rubus schleicheri	Rubus schleicheri	Rubus schleicheri	Tracheophyta	Magnoliopsida	Rosales	Rosaceae	Rubus	BOLD_GENUS_BACKBONE
KX671873.1	Rudbeckia triloba	Rudbeckia triloba	Rudbeckia triloba	Tracheophyta	Magnoliopsida	Asterales	Asteraceae	Rudbeckia	BOLD_GENUS_BACKBONE
KX671874.1	Rudbeckia triloba	Rudbeckia triloba	Rudbeckia triloba	Tracheophyta	Magnoliopsida	Asterales	Asteraceae	Rudbeckia	BOLD_GENUS_BACKBONE
KX671875.1	Rudbeckia triloba	Rudbeckia triloba	Rudbeckia triloba	Tracheophyta	Magnoliopsida	Asterales	Asteraceae	Rudbeckia	BOLD_GENUS_BACKBONE
MF348936.1	Rudbeckia triloba	Rudbeckia triloba	Rudbeckia triloba	Tracheophyta	Magnoliopsida	Asterales	Asteraceae	Rudbeckia	BOLD_GENUS_BACKBONE
U74410.1	Rudbeckia triloba	Rudbeckia triloba	Rudbeckia triloba	Tracheophyta	Magnoliopsida	Asterales	Asteraceae	Rudbeckia	BOLD_GENUS_BACKBONE
AF338221.1	Rumex crispus	Rumex crispus	Rumex crispus	Tracheophyta	Magnoliopsida	Caryophyllales	Polygonaceae	Rumex	BOLD_GENUS_BACKBONE
AJ580788.1	Rumex crispus	Rumex crispus	Rumex crispus	Tracheophyta	Magnoliopsida	Caryophyllales	Polygonaceae	Rumex	BOLD_GENUS_BACKBONE
JQ288757.1	Rumex crispus	Rumex crispus	Rumex crispus	Tracheophyta	Magnoliopsida	Caryophyllales	Polygonaceae	Rumex	BOLD_GENUS_BACKBONE
KR537778.1	Rumex crispus	Rumex crispus	Rumex crispus	Tracheophyta	Magnoliopsida	Caryophyllales	Polygonaceae	Rumex	BOLD_GENUS_BACKBONE
KT695268.1	Rumex crispus	Rumex crispus	Rumex crispus	Tracheophyta	Magnoliopsida	Caryophyllales	Polygonaceae	Rumex	BOLD_GENUS_BACKBONE
KX064220.1	Rumex crispus	Rumex crispus	Rumex crispus	Tracheophyta	Magnoliopsida	Caryophyllales	Polygonaceae	Rumex	BOLD_GENUS_BACKBONE
KX064221.1	Rumex crispus	Rumex crispus	Rumex crispus	Tracheophyta	Magnoliopsida	Caryophyllales	Polygonaceae	Rumex	BOLD_GENUS_BACKBONE
KX064222.1	Rumex crispus	Rumex crispus	Rumex crispus	Tracheophyta	Magnoliopsida	Caryophyllales	Polygonaceae	Rumex	BOLD_GENUS_BACKBONE
KX064223.1	Rumex crispus	Rumex crispus	Rumex crispus	Tracheophyta	Magnoliopsida	Caryophyllales	Polygonaceae	Rumex	BOLD_GENUS_BACKBONE
AJ810994.1	Rumex patientia	Rumex patientia	Rumex patientia	Tracheophyta	Magnoliopsida	Caryophyllales	Polygonaceae	Rumex	BOLD_GENUS_BACKBONE
KX064224.1	Rumex patientia	Rumex patientia	Rumex patientia	Tracheophyta	Magnoliopsida	Caryophyllales	Polygonaceae	Rumex	BOLD_GENUS_BACKBONE
KX064225.1	Rumex patientia	Rumex patientia	Rumex patientia	Tracheophyta	Magnoliopsida	Caryophyllales	Polygonaceae	Rumex	BOLD_GENUS_BACKBONE
KX064226.1	Rumex patientia	Rumex patientia	Rumex patientia	Tracheophyta	Magnoliopsida	Caryophyllales	Polygonaceae	Rumex	BOLD_GENUS_BACKBONE
KX064227.1	Rumex patientia	Rumex patientia	Rumex patientia	Tracheophyta	Magnoliopsida	Caryophyllales	Polygonaceae	Rumex	BOLD_GENUS_BACKBONE
KX064228.1	Rumex patientia	Rumex patientia	Rumex patientia	Tracheophyta	Magnoliopsida	Caryophyllales	Polygonaceae	Rumex	BOLD_GENUS_BACKBONE
KX064229.1	Rumex patientia	Rumex patientia	Rumex patientia	Tracheophyta	Magnoliopsida	Caryophyllales	Polygonaceae	Rumex	BOLD_GENUS_BACKBONE
KX064230.1	Rumex patientia	Rumex patientia	Rumex patientia	Tracheophyta	Magnoliopsida	Caryophyllales	Polygonaceae	Rumex	BOLD_GENUS_BACKBONE
KY377941.1	Rumex patientia	Rumex patientia	Rumex patientia	Tracheophyta	Magnoliopsida	Caryophyllales	Polygonaceae	Rumex	BOLD_GENUS_BACKBONE
KY377942.1	Rumex patientia	Rumex patientia	Rumex patientia	Tracheophyta	Magnoliopsida	Caryophyllales	Polygonaceae	Rumex	BOLD_GENUS_BACKBONE
KY377943.1	Rumex patientia	Rumex patientia	Rumex patientia	Tracheophyta	Magnoliopsida	Caryophyllales	Polygonaceae	Rumex	BOLD_GENUS_BACKBONE
AJ810993.1	Rumex pulcher	Rumex pulcher	Rumex pulcher	Tracheophyta	Magnoliopsida	Caryophyllales	Polygonaceae	Rumex	BOLD_GENUS_BACKBONE
AJ580793.1	Rumex scutatus	Rumex scutatus	Rumex scutatus	Tracheophyta	Magnoliopsida	Caryophyllales	Polygonaceae	Rumex	BOLD_GENUS_BACKBONE
EU643790.1	Salsola soda	Salsola soda	Salsola soda	Tracheophyta	Magnoliopsida	Caryophyllales	Amaranthaceae	Salsola	BOLD_GENUS_BACKBONE
MK425907.1	Salvia austriaca	Salvia austriaca	Salvia austriaca	Tracheophyta	Magnoliopsida	Lamiales	Lamiaceae	Salvia	BOLD_GENUS_BACKBONE
KJ584253.1	Salvia glutinosa	Salvia glutinosa	Salvia glutinosa	Tracheophyta	Magnoliopsida	Lamiales	Lamiaceae	Salvia	BOLD_GENUS_BACKBONE
MW468757.1	Salvia glutinosa	Salvia glutinosa	Salvia glutinosa	Tracheophyta	Magnoliopsida	Lamiales	Lamiaceae	Salvia	BOLD_GENUS_BACKBONE
MW468758.1	Salvia glutinosa	Salvia glutinosa	Salvia glutinosa	Tracheophyta	Magnoliopsida	Lamiales	Lamiaceae	Salvia	BOLD_GENUS_BACKBONE
MW468759.1	Salvia glutinosa	Salvia glutinosa	Salvia glutinosa	Tracheophyta	Magnoliopsida	Lamiales	Lamiaceae	Salvia	BOLD_GENUS_BACKBONE
MW468760.1	Salvia glutinosa	Salvia glutinosa	Salvia glutinosa	Tracheophyta	Magnoliopsida	Lamiales	Lamiaceae	Salvia	BOLD_GENUS_BACKBONE
EU169485.1	Salvia sylvestris	Salvia x sylvestris	Salvia x sylvestris	Tracheophyta	Magnoliopsida	Lamiales	Lamiaceae	Salvia	BOLD_GENUS_BACKBONE
KC473278.1	Salvia sylvestris	Salvia x sylvestris	Salvia x sylvestris	Tracheophyta	Magnoliopsida	Lamiales	Lamiaceae	Salvia	BOLD_GENUS_BACKBONE
KJ584177.1	Salvia sylvestris	Salvia x sylvestris	Salvia x sylvestris	Tracheophyta	Magnoliopsida	Lamiales	Lamiaceae	Salvia	BOLD_GENUS_BACKBONE
KJ584181.1	Salvia sylvestris	Salvia x sylvestris	Salvia x sylvestris	Tracheophyta	Magnoliopsida	Lamiales	Lamiaceae	Salvia	BOLD_GENUS_BACKBONE
AF448791.1	Salvinia natans	Salvinia natans	Salvinia natans	Streptophyta	Polypodiopsida	Salviniales	Salviniaceae	Salvinia	NCBI_LINEAGE
AF315074.1	Sarmentypnum exannulatum	Sarmentypnum exannulatum	Sarmentypnum exannulatum	Streptophyta	Bryopsida	Hypnales	Amblystegiaceae	Sarmentypnum	NCBI_LINEAGE
DQ400008.1	Sarmentypnum exannulatum	Sarmentypnum exannulatum	Sarmentypnum exannulatum	Streptophyta	Bryopsida	Hypnales	Amblystegiaceae	Sarmentypnum	NCBI_LINEAGE
DQ400009.1	Sarmentypnum exannulatum	Sarmentypnum exannulatum	Sarmentypnum exannulatum	Streptophyta	Bryopsida	Hypnales	Amblystegiaceae	Sarmentypnum	NCBI_LINEAGE
DQ400010.1	Sarmentypnum exannulatum	Sarmentypnum exannulatum	Sarmentypnum exannulatum	Streptophyta	Bryopsida	Hypnales	Amblystegiaceae	Sarmentypnum	NCBI_LINEAGE
DQ400011.1	Sarmentypnum exannulatum	Sarmentypnum exannulatum	Sarmentypnum exannulatum	Streptophyta	Bryopsida	Hypnales	Amblystegiaceae	Sarmentypnum	NCBI_LINEAGE
DQ400012.1	Sarmentypnum exannulatum	Sarmentypnum exannulatum	Sarmentypnum exannulatum	Streptophyta	Bryopsida	Hypnales	Amblystegiaceae	Sarmentypnum	NCBI_LINEAGE
DQ400013.1	Sarmentypnum exannulatum	Sarmentypnum exannulatum	Sarmentypnum exannulatum	Streptophyta	Bryopsida	Hypnales	Amblystegiaceae	Sarmentypnum	NCBI_LINEAGE
DQ400014.1	Sarmentypnum exannulatum	Sarmentypnum exannulatum	Sarmentypnum exannulatum	Streptophyta	Bryopsida	Hypnales	Amblystegiaceae	Sarmentypnum	NCBI_LINEAGE
DQ400015.1	Sarmentypnum exannulatum	Sarmentypnum exannulatum	Sarmentypnum exannulatum	Streptophyta	Bryopsida	Hypnales	Amblystegiaceae	Sarmentypnum	NCBI_LINEAGE
DQ400016.1	Sarmentypnum exannulatum	Sarmentypnum exannulatum	Sarmentypnum exannulatum	Streptophyta	Bryopsida	Hypnales	Amblystegiaceae	Sarmentypnum	NCBI_LINEAGE
DQ400017.1	Sarmentypnum exannulatum	Sarmentypnum exannulatum	Sarmentypnum exannulatum	Streptophyta	Bryopsida	Hypnales	Amblystegiaceae	Sarmentypnum	NCBI_LINEAGE
DQ400018.1	Sarmentypnum exannulatum	Sarmentypnum exannulatum	Sarmentypnum exannulatum	Streptophyta	Bryopsida	Hypnales	Amblystegiaceae	Sarmentypnum	NCBI_LINEAGE
DQ400019.1	Sarmentypnum exannulatum	Sarmentypnum exannulatum	Sarmentypnum exannulatum	Streptophyta	Bryopsida	Hypnales	Amblystegiaceae	Sarmentypnum	NCBI_LINEAGE
DQ400020.1	Sarmentypnum exannulatum	Sarmentypnum exannulatum	Sarmentypnum exannulatum	Streptophyta	Bryopsida	Hypnales	Amblystegiaceae	Sarmentypnum	NCBI_LINEAGE
DQ400021.1	Sarmentypnum exannulatum	Sarmentypnum exannulatum	Sarmentypnum exannulatum	Streptophyta	Bryopsida	Hypnales	Amblystegiaceae	Sarmentypnum	NCBI_LINEAGE
DQ400022.1	Sarmentypnum exannulatum	Sarmentypnum exannulatum	Sarmentypnum exannulatum	Streptophyta	Bryopsida	Hypnales	Amblystegiaceae	Sarmentypnum	NCBI_LINEAGE
DQ400023.1	Sarmentypnum exannulatum	Sarmentypnum exannulatum	Sarmentypnum exannulatum	Streptophyta	Bryopsida	Hypnales	Amblystegiaceae	Sarmentypnum	NCBI_LINEAGE
DQ400024.1	Sarmentypnum exannulatum	Sarmentypnum exannulatum	Sarmentypnum exannulatum	Streptophyta	Bryopsida	Hypnales	Amblystegiaceae	Sarmentypnum	NCBI_LINEAGE
DQ400025.1	Sarmentypnum exannulatum	Sarmentypnum exannulatum	Sarmentypnum exannulatum	Streptophyta	Bryopsida	Hypnales	Amblystegiaceae	Sarmentypnum	NCBI_LINEAGE
DQ400026.1	Sarmentypnum exannulatum	Sarmentypnum exannulatum	Sarmentypnum exannulatum	Streptophyta	Bryopsida	Hypnales	Amblystegiaceae	Sarmentypnum	NCBI_LINEAGE
DQ400027.1	Sarmentypnum exannulatum	Sarmentypnum exannulatum	Sarmentypnum exannulatum	Streptophyta	Bryopsida	Hypnales	Amblystegiaceae	Sarmentypnum	NCBI_LINEAGE
DQ400028.1	Sarmentypnum exannulatum	Sarmentypnum exannulatum	Sarmentypnum exannulatum	Streptophyta	Bryopsida	Hypnales	Amblystegiaceae	Sarmentypnum	NCBI_LINEAGE
DQ400029.1	Sarmentypnum exannulatum	Sarmentypnum exannulatum	Sarmentypnum exannulatum	Streptophyta	Bryopsida	Hypnales	Amblystegiaceae	Sarmentypnum	NCBI_LINEAGE
DQ400030.1	Sarmentypnum exannulatum	Sarmentypnum exannulatum	Sarmentypnum exannulatum	Streptophyta	Bryopsida	Hypnales	Amblystegiaceae	Sarmentypnum	NCBI_LINEAGE
DQ400031.1	Sarmentypnum exannulatum	Sarmentypnum exannulatum	Sarmentypnum exannulatum	Streptophyta	Bryopsida	Hypnales	Amblystegiaceae	Sarmentypnum	NCBI_LINEAGE
DQ400032.1	Sarmentypnum exannulatum	Sarmentypnum exannulatum	Sarmentypnum exannulatum	Streptophyta	Bryopsida	Hypnales	Amblystegiaceae	Sarmentypnum	NCBI_LINEAGE
DQ400033.1	Sarmentypnum exannulatum	Sarmentypnum exannulatum	Sarmentypnum exannulatum	Streptophyta	Bryopsida	Hypnales	Amblystegiaceae	Sarmentypnum	NCBI_LINEAGE
DQ400034.1	Sarmentypnum exannulatum	Sarmentypnum exannulatum	Sarmentypnum exannulatum	Streptophyta	Bryopsida	Hypnales	Amblystegiaceae	Sarmentypnum	NCBI_LINEAGE
DQ400035.1	Sarmentypnum exannulatum	Sarmentypnum exannulatum	Sarmentypnum exannulatum	Streptophyta	Bryopsida	Hypnales	Amblystegiaceae	Sarmentypnum	NCBI_LINEAGE
DQ400036.1	Sarmentypnum exannulatum	Sarmentypnum exannulatum	Sarmentypnum exannulatum	Streptophyta	Bryopsida	Hypnales	Amblystegiaceae	Sarmentypnum	NCBI_LINEAGE
DQ400037.1	Sarmentypnum exannulatum	Sarmentypnum exannulatum	Sarmentypnum exannulatum	Streptophyta	Bryopsida	Hypnales	Amblystegiaceae	Sarmentypnum	NCBI_LINEAGE
DQ400038.1	Sarmentypnum exannulatum	Sarmentypnum exannulatum	Sarmentypnum exannulatum	Streptophyta	Bryopsida	Hypnales	Amblystegiaceae	Sarmentypnum	NCBI_LINEAGE
DQ400039.1	Sarmentypnum exannulatum	Sarmentypnum exannulatum	Sarmentypnum exannulatum	Streptophyta	Bryopsida	Hypnales	Amblystegiaceae	Sarmentypnum	NCBI_LINEAGE
DQ400040.1	Sarmentypnum exannulatum	Sarmentypnum exannulatum	Sarmentypnum exannulatum	Streptophyta	Bryopsida	Hypnales	Amblystegiaceae	Sarmentypnum	NCBI_LINEAGE
DQ400041.1	Sarmentypnum exannulatum	Sarmentypnum exannulatum	Sarmentypnum exannulatum	Streptophyta	Bryopsida	Hypnales	Amblystegiaceae	Sarmentypnum	NCBI_LINEAGE
DQ400042.1	Sarmentypnum exannulatum	Sarmentypnum exannulatum	Sarmentypnum exannulatum	Streptophyta	Bryopsida	Hypnales	Amblystegiaceae	Sarmentypnum	NCBI_LINEAGE
DQ400043.1	Sarmentypnum exannulatum	Sarmentypnum exannulatum	Sarmentypnum exannulatum	Streptophyta	Bryopsida	Hypnales	Amblystegiaceae	Sarmentypnum	NCBI_LINEAGE
DQ400044.1	Sarmentypnum exannulatum	Sarmentypnum exannulatum	Sarmentypnum exannulatum	Streptophyta	Bryopsida	Hypnales	Amblystegiaceae	Sarmentypnum	NCBI_LINEAGE
DQ400046.1	Sarmentypnum exannulatum	Sarmentypnum exannulatum	Sarmentypnum exannulatum	Streptophyta	Bryopsida	Hypnales	Amblystegiaceae	Sarmentypnum	NCBI_LINEAGE
DQ400047.1	Sarmentypnum exannulatum	Sarmentypnum exannulatum	Sarmentypnum exannulatum	Streptophyta	Bryopsida	Hypnales	Amblystegiaceae	Sarmentypnum	NCBI_LINEAGE
DQ400048.1	Sarmentypnum exannulatum	Sarmentypnum exannulatum	Sarmentypnum exannulatum	Streptophyta	Bryopsida	Hypnales	Amblystegiaceae	Sarmentypnum	NCBI_LINEAGE
DQ400049.1	Sarmentypnum exannulatum	Sarmentypnum exannulatum	Sarmentypnum exannulatum	Streptophyta	Bryopsida	Hypnales	Amblystegiaceae	Sarmentypnum	NCBI_LINEAGE
DQ400050.1	Sarmentypnum exannulatum	Sarmentypnum exannulatum	Sarmentypnum exannulatum	Streptophyta	Bryopsida	Hypnales	Amblystegiaceae	Sarmentypnum	NCBI_LINEAGE
DQ400051.1	Sarmentypnum exannulatum	Sarmentypnum exannulatum	Sarmentypnum exannulatum	Streptophyta	Bryopsida	Hypnales	Amblystegiaceae	Sarmentypnum	NCBI_LINEAGE
DQ400052.1	Sarmentypnum exannulatum	Sarmentypnum exannulatum	Sarmentypnum exannulatum	Streptophyta	Bryopsida	Hypnales	Amblystegiaceae	Sarmentypnum	NCBI_LINEAGE
DQ400053.1	Sarmentypnum exannulatum	Sarmentypnum exannulatum	Sarmentypnum exannulatum	Streptophyta	Bryopsida	Hypnales	Amblystegiaceae	Sarmentypnum	NCBI_LINEAGE
DQ400054.1	Sarmentypnum exannulatum	Sarmentypnum exannulatum	Sarmentypnum exannulatum	Streptophyta	Bryopsida	Hypnales	Amblystegiaceae	Sarmentypnum	NCBI_LINEAGE
DQ400055.1	Sarmentypnum exannulatum	Sarmentypnum exannulatum	Sarmentypnum exannulatum	Streptophyta	Bryopsida	Hypnales	Amblystegiaceae	Sarmentypnum	NCBI_LINEAGE
DQ400056.1	Sarmentypnum exannulatum	Sarmentypnum exannulatum	Sarmentypnum exannulatum	Streptophyta	Bryopsida	Hypnales	Amblystegiaceae	Sarmentypnum	NCBI_LINEAGE
DQ400057.1	Sarmentypnum exannulatum	Sarmentypnum exannulatum	Sarmentypnum exannulatum	Streptophyta	Bryopsida	Hypnales	Amblystegiaceae	Sarmentypnum	NCBI_LINEAGE
DQ400058.1	Sarmentypnum exannulatum	Sarmentypnum exannulatum	Sarmentypnum exannulatum	Streptophyta	Bryopsida	Hypnales	Amblystegiaceae	Sarmentypnum	NCBI_LINEAGE
DQ400059.1	Sarmentypnum exannulatum	Sarmentypnum exannulatum	Sarmentypnum exannulatum	Streptophyta	Bryopsida	Hypnales	Amblystegiaceae	Sarmentypnum	NCBI_LINEAGE
DQ400060.1	Sarmentypnum exannulatum	Sarmentypnum exannulatum	Sarmentypnum exannulatum	Streptophyta	Bryopsida	Hypnales	Amblystegiaceae	Sarmentypnum	NCBI_LINEAGE
DQ400061.1	Sarmentypnum exannulatum	Sarmentypnum exannulatum	Sarmentypnum exannulatum	Streptophyta	Bryopsida	Hypnales	Amblystegiaceae	Sarmentypnum	NCBI_LINEAGE
DQ400062.1	Sarmentypnum exannulatum	Sarmentypnum exannulatum	Sarmentypnum exannulatum	Streptophyta	Bryopsida	Hypnales	Amblystegiaceae	Sarmentypnum	NCBI_LINEAGE
FJ474531.1	Sarmentypnum exannulatum	Sarmentypnum exannulatum	Sarmentypnum exannulatum	Streptophyta	Bryopsida	Hypnales	Amblystegiaceae	Sarmentypnum	NCBI_LINEAGE
FJ474532.1	Sarmentypnum exannulatum	Sarmentypnum exannulatum	Sarmentypnum exannulatum	Streptophyta	Bryopsida	Hypnales	Amblystegiaceae	Sarmentypnum	NCBI_LINEAGE
FJ474533.1	Sarmentypnum exannulatum	Sarmentypnum exannulatum	Sarmentypnum exannulatum	Streptophyta	Bryopsida	Hypnales	Amblystegiaceae	Sarmentypnum	NCBI_LINEAGE
FJ474534.1	Sarmentypnum exannulatum	Sarmentypnum exannulatum	Sarmentypnum exannulatum	Streptophyta	Bryopsida	Hypnales	Amblystegiaceae	Sarmentypnum	NCBI_LINEAGE
FJ474535.1	Sarmentypnum exannulatum	Sarmentypnum exannulatum	Sarmentypnum exannulatum	Streptophyta	Bryopsida	Hypnales	Amblystegiaceae	Sarmentypnum	NCBI_LINEAGE
FJ474536.1	Sarmentypnum exannulatum	Sarmentypnum exannulatum	Sarmentypnum exannulatum	Streptophyta	Bryopsida	Hypnales	Amblystegiaceae	Sarmentypnum	NCBI_LINEAGE
FJ474537.1	Sarmentypnum exannulatum	Sarmentypnum exannulatum	Sarmentypnum exannulatum	Streptophyta	Bryopsida	Hypnales	Amblystegiaceae	Sarmentypnum	NCBI_LINEAGE
FJ474538.1	Sarmentypnum exannulatum	Sarmentypnum exannulatum	Sarmentypnum exannulatum	Streptophyta	Bryopsida	Hypnales	Amblystegiaceae	Sarmentypnum	NCBI_LINEAGE
FJ474539.1	Sarmentypnum exannulatum	Sarmentypnum exannulatum	Sarmentypnum exannulatum	Streptophyta	Bryopsida	Hypnales	Amblystegiaceae	Sarmentypnum	NCBI_LINEAGE
FJ474540.1	Sarmentypnum exannulatum	Sarmentypnum exannulatum	Sarmentypnum exannulatum	Streptophyta	Bryopsida	Hypnales	Amblystegiaceae	Sarmentypnum	NCBI_LINEAGE
FJ474541.1	Sarmentypnum exannulatum	Sarmentypnum exannulatum	Sarmentypnum exannulatum	Streptophyta	Bryopsida	Hypnales	Amblystegiaceae	Sarmentypnum	NCBI_LINEAGE
FJ474542.1	Sarmentypnum exannulatum	Sarmentypnum exannulatum	Sarmentypnum exannulatum	Streptophyta	Bryopsida	Hypnales	Amblystegiaceae	Sarmentypnum	NCBI_LINEAGE
FJ474543.1	Sarmentypnum exannulatum	Sarmentypnum exannulatum	Sarmentypnum exannulatum	Streptophyta	Bryopsida	Hypnales	Amblystegiaceae	Sarmentypnum	NCBI_LINEAGE
FJ474544.1	Sarmentypnum exannulatum	Sarmentypnum exannulatum	Sarmentypnum exannulatum	Streptophyta	Bryopsida	Hypnales	Amblystegiaceae	Sarmentypnum	NCBI_LINEAGE
FJ474545.1	Sarmentypnum exannulatum	Sarmentypnum exannulatum	Sarmentypnum exannulatum	Streptophyta	Bryopsida	Hypnales	Amblystegiaceae	Sarmentypnum	NCBI_LINEAGE
FJ474546.1	Sarmentypnum exannulatum	Sarmentypnum exannulatum	Sarmentypnum exannulatum	Streptophyta	Bryopsida	Hypnales	Amblystegiaceae	Sarmentypnum	NCBI_LINEAGE
FJ474547.1	Sarmentypnum exannulatum	Sarmentypnum exannulatum	Sarmentypnum exannulatum	Streptophyta	Bryopsida	Hypnales	Amblystegiaceae	Sarmentypnum	NCBI_LINEAGE
FJ474548.1	Sarmentypnum exannulatum	Sarmentypnum exannulatum	Sarmentypnum exannulatum	Streptophyta	Bryopsida	Hypnales	Amblystegiaceae	Sarmentypnum	NCBI_LINEAGE
FJ474549.1	Sarmentypnum exannulatum	Sarmentypnum exannulatum	Sarmentypnum exannulatum	Streptophyta	Bryopsida	Hypnales	Amblystegiaceae	Sarmentypnum	NCBI_LINEAGE
FJ474550.1	Sarmentypnum exannulatum	Sarmentypnum exannulatum	Sarmentypnum exannulatum	Streptophyta	Bryopsida	Hypnales	Amblystegiaceae	Sarmentypnum	NCBI_LINEAGE
FJ474551.1	Sarmentypnum exannulatum	Sarmentypnum exannulatum	Sarmentypnum exannulatum	Streptophyta	Bryopsida	Hypnales	Amblystegiaceae	Sarmentypnum	NCBI_LINEAGE
FJ474552.1	Sarmentypnum exannulatum	Sarmentypnum exannulatum	Sarmentypnum exannulatum	Streptophyta	Bryopsida	Hypnales	Amblystegiaceae	Sarmentypnum	NCBI_LINEAGE
FJ474553.1	Sarmentypnum exannulatum	Sarmentypnum exannulatum	Sarmentypnum exannulatum	Streptophyta	Bryopsida	Hypnales	Amblystegiaceae	Sarmentypnum	NCBI_LINEAGE
FJ474554.1	Sarmentypnum exannulatum	Sarmentypnum exannulatum	Sarmentypnum exannulatum	Streptophyta	Bryopsida	Hypnales	Amblystegiaceae	Sarmentypnum	NCBI_LINEAGE
FJ474555.1	Sarmentypnum exannulatum	Sarmentypnum exannulatum	Sarmentypnum exannulatum	Streptophyta	Bryopsida	Hypnales	Amblystegiaceae	Sarmentypnum	NCBI_LINEAGE
FJ474556.1	Sarmentypnum exannulatum	Sarmentypnum exannulatum	Sarmentypnum exannulatum	Streptophyta	Bryopsida	Hypnales	Amblystegiaceae	Sarmentypnum	NCBI_LINEAGE
FJ474557.1	Sarmentypnum exannulatum	Sarmentypnum exannulatum	Sarmentypnum exannulatum	Streptophyta	Bryopsida	Hypnales	Amblystegiaceae	Sarmentypnum	NCBI_LINEAGE
FJ474558.1	Sarmentypnum exannulatum	Sarmentypnum exannulatum	Sarmentypnum exannulatum	Streptophyta	Bryopsida	Hypnales	Amblystegiaceae	Sarmentypnum	NCBI_LINEAGE
FJ474560.1	Sarmentypnum exannulatum	Sarmentypnum exannulatum	Sarmentypnum exannulatum	Streptophyta	Bryopsida	Hypnales	Amblystegiaceae	Sarmentypnum	NCBI_LINEAGE
FJ474562.1	Sarmentypnum exannulatum	Sarmentypnum exannulatum	Sarmentypnum exannulatum	Streptophyta	Bryopsida	Hypnales	Amblystegiaceae	Sarmentypnum	NCBI_LINEAGE
FJ474564.1	Sarmentypnum exannulatum	Sarmentypnum exannulatum	Sarmentypnum exannulatum	Streptophyta	Bryopsida	Hypnales	Amblystegiaceae	Sarmentypnum	NCBI_LINEAGE
FJ474565.1	Sarmentypnum exannulatum	Sarmentypnum exannulatum	Sarmentypnum exannulatum	Streptophyta	Bryopsida	Hypnales	Amblystegiaceae	Sarmentypnum	NCBI_LINEAGE
FJ474566.1	Sarmentypnum exannulatum	Sarmentypnum exannulatum	Sarmentypnum exannulatum	Streptophyta	Bryopsida	Hypnales	Amblystegiaceae	Sarmentypnum	NCBI_LINEAGE
FJ474567.1	Sarmentypnum exannulatum	Sarmentypnum exannulatum	Sarmentypnum exannulatum	Streptophyta	Bryopsida	Hypnales	Amblystegiaceae	Sarmentypnum	NCBI_LINEAGE
FJ474568.1	Sarmentypnum exannulatum	Sarmentypnum exannulatum	Sarmentypnum exannulatum	Streptophyta	Bryopsida	Hypnales	Amblystegiaceae	Sarmentypnum	NCBI_LINEAGE
FJ474569.1	Sarmentypnum exannulatum	Sarmentypnum exannulatum	Sarmentypnum exannulatum	Streptophyta	Bryopsida	Hypnales	Amblystegiaceae	Sarmentypnum	NCBI_LINEAGE
FJ474570.1	Sarmentypnum exannulatum	Sarmentypnum exannulatum	Sarmentypnum exannulatum	Streptophyta	Bryopsida	Hypnales	Amblystegiaceae	Sarmentypnum	NCBI_LINEAGE
FJ474571.1	Sarmentypnum exannulatum	Sarmentypnum exannulatum	Sarmentypnum exannulatum	Streptophyta	Bryopsida	Hypnales	Amblystegiaceae	Sarmentypnum	NCBI_LINEAGE
FJ474572.1	Sarmentypnum exannulatum	Sarmentypnum exannulatum	Sarmentypnum exannulatum	Streptophyta	Bryopsida	Hypnales	Amblystegiaceae	Sarmentypnum	NCBI_LINEAGE
FJ474573.1	Sarmentypnum exannulatum	Sarmentypnum exannulatum	Sarmentypnum exannulatum	Streptophyta	Bryopsida	Hypnales	Amblystegiaceae	Sarmentypnum	NCBI_LINEAGE
FJ474574.1	Sarmentypnum exannulatum	Sarmentypnum exannulatum	Sarmentypnum exannulatum	Streptophyta	Bryopsida	Hypnales	Amblystegiaceae	Sarmentypnum	NCBI_LINEAGE
FJ474575.1	Sarmentypnum exannulatum	Sarmentypnum exannulatum	Sarmentypnum exannulatum	Streptophyta	Bryopsida	Hypnales	Amblystegiaceae	Sarmentypnum	NCBI_LINEAGE
FJ474576.1	Sarmentypnum exannulatum	Sarmentypnum exannulatum	Sarmentypnum exannulatum	Streptophyta	Bryopsida	Hypnales	Amblystegiaceae	Sarmentypnum	NCBI_LINEAGE
FJ474577.1	Sarmentypnum exannulatum	Sarmentypnum exannulatum	Sarmentypnum exannulatum	Streptophyta	Bryopsida	Hypnales	Amblystegiaceae	Sarmentypnum	NCBI_LINEAGE
FJ474578.1	Sarmentypnum exannulatum	Sarmentypnum exannulatum	Sarmentypnum exannulatum	Streptophyta	Bryopsida	Hypnales	Amblystegiaceae	Sarmentypnum	NCBI_LINEAGE
FJ474579.1	Sarmentypnum exannulatum	Sarmentypnum exannulatum	Sarmentypnum exannulatum	Streptophyta	Bryopsida	Hypnales	Amblystegiaceae	Sarmentypnum	NCBI_LINEAGE
FJ474580.1	Sarmentypnum exannulatum	Sarmentypnum exannulatum	Sarmentypnum exannulatum	Streptophyta	Bryopsida	Hypnales	Amblystegiaceae	Sarmentypnum	NCBI_LINEAGE
FJ474581.1	Sarmentypnum exannulatum	Sarmentypnum exannulatum	Sarmentypnum exannulatum	Streptophyta	Bryopsida	Hypnales	Amblystegiaceae	Sarmentypnum	NCBI_LINEAGE
FJ474582.1	Sarmentypnum exannulatum	Sarmentypnum exannulatum	Sarmentypnum exannulatum	Streptophyta	Bryopsida	Hypnales	Amblystegiaceae	Sarmentypnum	NCBI_LINEAGE
FJ474583.1	Sarmentypnum exannulatum	Sarmentypnum exannulatum	Sarmentypnum exannulatum	Streptophyta	Bryopsida	Hypnales	Amblystegiaceae	Sarmentypnum	NCBI_LINEAGE
FJ474584.1	Sarmentypnum exannulatum	Sarmentypnum exannulatum	Sarmentypnum exannulatum	Streptophyta	Bryopsida	Hypnales	Amblystegiaceae	Sarmentypnum	NCBI_LINEAGE
FJ474585.1	Sarmentypnum exannulatum	Sarmentypnum exannulatum	Sarmentypnum exannulatum	Streptophyta	Bryopsida	Hypnales	Amblystegiaceae	Sarmentypnum	NCBI_LINEAGE
FJ474586.1	Sarmentypnum exannulatum	Sarmentypnum exannulatum	Sarmentypnum exannulatum	Streptophyta	Bryopsida	Hypnales	Amblystegiaceae	Sarmentypnum	NCBI_LINEAGE
FJ474588.1	Sarmentypnum exannulatum	Sarmentypnum exannulatum	Sarmentypnum exannulatum	Streptophyta	Bryopsida	Hypnales	Amblystegiaceae	Sarmentypnum	NCBI_LINEAGE
FJ474589.1	Sarmentypnum exannulatum	Sarmentypnum exannulatum	Sarmentypnum exannulatum	Streptophyta	Bryopsida	Hypnales	Amblystegiaceae	Sarmentypnum	NCBI_LINEAGE
FJ474590.1	Sarmentypnum exannulatum	Sarmentypnum exannulatum	Sarmentypnum exannulatum	Streptophyta	Bryopsida	Hypnales	Amblystegiaceae	Sarmentypnum	NCBI_LINEAGE
FJ474591.1	Sarmentypnum exannulatum	Sarmentypnum exannulatum	Sarmentypnum exannulatum	Streptophyta	Bryopsida	Hypnales	Amblystegiaceae	Sarmentypnum	NCBI_LINEAGE
FJ474592.1	Sarmentypnum exannulatum	Sarmentypnum exannulatum	Sarmentypnum exannulatum	Streptophyta	Bryopsida	Hypnales	Amblystegiaceae	Sarmentypnum	NCBI_LINEAGE
FJ474593.1	Sarmentypnum exannulatum	Sarmentypnum exannulatum	Sarmentypnum exannulatum	Streptophyta	Bryopsida	Hypnales	Amblystegiaceae	Sarmentypnum	NCBI_LINEAGE
FJ474594.1	Sarmentypnum exannulatum	Sarmentypnum exannulatum	Sarmentypnum exannulatum	Streptophyta	Bryopsida	Hypnales	Amblystegiaceae	Sarmentypnum	NCBI_LINEAGE
FJ474595.1	Sarmentypnum exannulatum	Sarmentypnum exannulatum	Sarmentypnum exannulatum	Streptophyta	Bryopsida	Hypnales	Amblystegiaceae	Sarmentypnum	NCBI_LINEAGE
FJ474596.1	Sarmentypnum exannulatum	Sarmentypnum exannulatum	Sarmentypnum exannulatum	Streptophyta	Bryopsida	Hypnales	Amblystegiaceae	Sarmentypnum	NCBI_LINEAGE
FJ474597.1	Sarmentypnum exannulatum	Sarmentypnum exannulatum	Sarmentypnum exannulatum	Streptophyta	Bryopsida	Hypnales	Amblystegiaceae	Sarmentypnum	NCBI_LINEAGE
FJ474598.1	Sarmentypnum exannulatum	Sarmentypnum exannulatum	Sarmentypnum exannulatum	Streptophyta	Bryopsida	Hypnales	Amblystegiaceae	Sarmentypnum	NCBI_LINEAGE
FJ474599.1	Sarmentypnum exannulatum	Sarmentypnum exannulatum	Sarmentypnum exannulatum	Streptophyta	Bryopsida	Hypnales	Amblystegiaceae	Sarmentypnum	NCBI_LINEAGE
FJ474600.1	Sarmentypnum exannulatum	Sarmentypnum exannulatum	Sarmentypnum exannulatum	Streptophyta	Bryopsida	Hypnales	Amblystegiaceae	Sarmentypnum	NCBI_LINEAGE
FJ474601.1	Sarmentypnum exannulatum	Sarmentypnum exannulatum	Sarmentypnum exannulatum	Streptophyta	Bryopsida	Hypnales	Amblystegiaceae	Sarmentypnum	NCBI_LINEAGE
FJ474602.1	Sarmentypnum exannulatum	Sarmentypnum exannulatum	Sarmentypnum exannulatum	Streptophyta	Bryopsida	Hypnales	Amblystegiaceae	Sarmentypnum	NCBI_LINEAGE
FJ474603.1	Sarmentypnum exannulatum	Sarmentypnum exannulatum	Sarmentypnum exannulatum	Streptophyta	Bryopsida	Hypnales	Amblystegiaceae	Sarmentypnum	NCBI_LINEAGE
FJ474604.1	Sarmentypnum exannulatum	Sarmentypnum exannulatum	Sarmentypnum exannulatum	Streptophyta	Bryopsida	Hypnales	Amblystegiaceae	Sarmentypnum	NCBI_LINEAGE
FJ474605.1	Sarmentypnum exannulatum	Sarmentypnum exannulatum	Sarmentypnum exannulatum	Streptophyta	Bryopsida	Hypnales	Amblystegiaceae	Sarmentypnum	NCBI_LINEAGE
FJ474606.1	Sarmentypnum exannulatum	Sarmentypnum exannulatum	Sarmentypnum exannulatum	Streptophyta	Bryopsida	Hypnales	Amblystegiaceae	Sarmentypnum	NCBI_LINEAGE
FJ474607.1	Sarmentypnum exannulatum	Sarmentypnum exannulatum	Sarmentypnum exannulatum	Streptophyta	Bryopsida	Hypnales	Amblystegiaceae	Sarmentypnum	NCBI_LINEAGE
FJ474608.1	Sarmentypnum exannulatum	Sarmentypnum exannulatum	Sarmentypnum exannulatum	Streptophyta	Bryopsida	Hypnales	Amblystegiaceae	Sarmentypnum	NCBI_LINEAGE
FJ474609.1	Sarmentypnum exannulatum	Sarmentypnum exannulatum	Sarmentypnum exannulatum	Streptophyta	Bryopsida	Hypnales	Amblystegiaceae	Sarmentypnum	NCBI_LINEAGE
FJ474610.1	Sarmentypnum exannulatum	Sarmentypnum exannulatum	Sarmentypnum exannulatum	Streptophyta	Bryopsida	Hypnales	Amblystegiaceae	Sarmentypnum	NCBI_LINEAGE
FJ474611.1	Sarmentypnum exannulatum	Sarmentypnum exannulatum	Sarmentypnum exannulatum	Streptophyta	Bryopsida	Hypnales	Amblystegiaceae	Sarmentypnum	NCBI_LINEAGE
FJ474612.1	Sarmentypnum exannulatum	Sarmentypnum exannulatum	Sarmentypnum exannulatum	Streptophyta	Bryopsida	Hypnales	Amblystegiaceae	Sarmentypnum	NCBI_LINEAGE
FJ474613.1	Sarmentypnum exannulatum	Sarmentypnum exannulatum	Sarmentypnum exannulatum	Streptophyta	Bryopsida	Hypnales	Amblystegiaceae	Sarmentypnum	NCBI_LINEAGE
FJ474614.1	Sarmentypnum exannulatum	Sarmentypnum exannulatum	Sarmentypnum exannulatum	Streptophyta	Bryopsida	Hypnales	Amblystegiaceae	Sarmentypnum	NCBI_LINEAGE
FJ474615.1	Sarmentypnum exannulatum	Sarmentypnum exannulatum	Sarmentypnum exannulatum	Streptophyta	Bryopsida	Hypnales	Amblystegiaceae	Sarmentypnum	NCBI_LINEAGE
FJ474616.1	Sarmentypnum exannulatum	Sarmentypnum exannulatum	Sarmentypnum exannulatum	Streptophyta	Bryopsida	Hypnales	Amblystegiaceae	Sarmentypnum	NCBI_LINEAGE
FJ474617.1	Sarmentypnum exannulatum	Sarmentypnum exannulatum	Sarmentypnum exannulatum	Streptophyta	Bryopsida	Hypnales	Amblystegiaceae	Sarmentypnum	NCBI_LINEAGE
FJ474618.1	Sarmentypnum exannulatum	Sarmentypnum exannulatum	Sarmentypnum exannulatum	Streptophyta	Bryopsida	Hypnales	Amblystegiaceae	Sarmentypnum	NCBI_LINEAGE
FJ474619.1	Sarmentypnum exannulatum	Sarmentypnum exannulatum	Sarmentypnum exannulatum	Streptophyta	Bryopsida	Hypnales	Amblystegiaceae	Sarmentypnum	NCBI_LINEAGE
FJ474620.1	Sarmentypnum exannulatum	Sarmentypnum exannulatum	Sarmentypnum exannulatum	Streptophyta	Bryopsida	Hypnales	Amblystegiaceae	Sarmentypnum	NCBI_LINEAGE
FJ474621.1	Sarmentypnum exannulatum	Sarmentypnum exannulatum	Sarmentypnum exannulatum	Streptophyta	Bryopsida	Hypnales	Amblystegiaceae	Sarmentypnum	NCBI_LINEAGE
FJ474622.1	Sarmentypnum exannulatum	Sarmentypnum exannulatum	Sarmentypnum exannulatum	Streptophyta	Bryopsida	Hypnales	Amblystegiaceae	Sarmentypnum	NCBI_LINEAGE
FJ474623.1	Sarmentypnum exannulatum	Sarmentypnum exannulatum	Sarmentypnum exannulatum	Streptophyta	Bryopsida	Hypnales	Amblystegiaceae	Sarmentypnum	NCBI_LINEAGE
FJ474624.1	Sarmentypnum exannulatum	Sarmentypnum exannulatum	Sarmentypnum exannulatum	Streptophyta	Bryopsida	Hypnales	Amblystegiaceae	Sarmentypnum	NCBI_LINEAGE
FJ474625.1	Sarmentypnum exannulatum	Sarmentypnum exannulatum	Sarmentypnum exannulatum	Streptophyta	Bryopsida	Hypnales	Amblystegiaceae	Sarmentypnum	NCBI_LINEAGE
FJ474626.1	Sarmentypnum exannulatum	Sarmentypnum exannulatum	Sarmentypnum exannulatum	Streptophyta	Bryopsida	Hypnales	Amblystegiaceae	Sarmentypnum	NCBI_LINEAGE
FJ474627.1	Sarmentypnum exannulatum	Sarmentypnum exannulatum	Sarmentypnum exannulatum	Streptophyta	Bryopsida	Hypnales	Amblystegiaceae	Sarmentypnum	NCBI_LINEAGE
FJ474628.1	Sarmentypnum exannulatum	Sarmentypnum exannulatum	Sarmentypnum exannulatum	Streptophyta	Bryopsida	Hypnales	Amblystegiaceae	Sarmentypnum	NCBI_LINEAGE
FJ474629.1	Sarmentypnum exannulatum	Sarmentypnum exannulatum	Sarmentypnum exannulatum	Streptophyta	Bryopsida	Hypnales	Amblystegiaceae	Sarmentypnum	NCBI_LINEAGE
FJ474630.1	Sarmentypnum exannulatum	Sarmentypnum exannulatum	Sarmentypnum exannulatum	Streptophyta	Bryopsida	Hypnales	Amblystegiaceae	Sarmentypnum	NCBI_LINEAGE
FJ474631.1	Sarmentypnum exannulatum	Sarmentypnum exannulatum	Sarmentypnum exannulatum	Streptophyta	Bryopsida	Hypnales	Amblystegiaceae	Sarmentypnum	NCBI_LINEAGE
FJ474632.1	Sarmentypnum exannulatum	Sarmentypnum exannulatum	Sarmentypnum exannulatum	Streptophyta	Bryopsida	Hypnales	Amblystegiaceae	Sarmentypnum	NCBI_LINEAGE
FJ474633.1	Sarmentypnum exannulatum	Sarmentypnum exannulatum	Sarmentypnum exannulatum	Streptophyta	Bryopsida	Hypnales	Amblystegiaceae	Sarmentypnum	NCBI_LINEAGE
FJ474634.1	Sarmentypnum exannulatum	Sarmentypnum exannulatum	Sarmentypnum exannulatum	Streptophyta	Bryopsida	Hypnales	Amblystegiaceae	Sarmentypnum	NCBI_LINEAGE
FJ474635.1	Sarmentypnum exannulatum	Sarmentypnum exannulatum	Sarmentypnum exannulatum	Streptophyta	Bryopsida	Hypnales	Amblystegiaceae	Sarmentypnum	NCBI_LINEAGE
FJ474636.1	Sarmentypnum exannulatum	Sarmentypnum exannulatum	Sarmentypnum exannulatum	Streptophyta	Bryopsida	Hypnales	Amblystegiaceae	Sarmentypnum	NCBI_LINEAGE
FJ474637.1	Sarmentypnum exannulatum	Sarmentypnum exannulatum	Sarmentypnum exannulatum	Streptophyta	Bryopsida	Hypnales	Amblystegiaceae	Sarmentypnum	NCBI_LINEAGE
FJ474638.1	Sarmentypnum exannulatum	Sarmentypnum exannulatum	Sarmentypnum exannulatum	Streptophyta	Bryopsida	Hypnales	Amblystegiaceae	Sarmentypnum	NCBI_LINEAGE
FJ474639.1	Sarmentypnum exannulatum	Sarmentypnum exannulatum	Sarmentypnum exannulatum	Streptophyta	Bryopsida	Hypnales	Amblystegiaceae	Sarmentypnum	NCBI_LINEAGE
FJ474640.1	Sarmentypnum exannulatum	Sarmentypnum exannulatum	Sarmentypnum exannulatum	Streptophyta	Bryopsida	Hypnales	Amblystegiaceae	Sarmentypnum	NCBI_LINEAGE
FJ474641.1	Sarmentypnum exannulatum	Sarmentypnum exannulatum	Sarmentypnum exannulatum	Streptophyta	Bryopsida	Hypnales	Amblystegiaceae	Sarmentypnum	NCBI_LINEAGE
FJ474642.1	Sarmentypnum exannulatum	Sarmentypnum exannulatum	Sarmentypnum exannulatum	Streptophyta	Bryopsida	Hypnales	Amblystegiaceae	Sarmentypnum	NCBI_LINEAGE
FJ474643.1	Sarmentypnum exannulatum	Sarmentypnum exannulatum	Sarmentypnum exannulatum	Streptophyta	Bryopsida	Hypnales	Amblystegiaceae	Sarmentypnum	NCBI_LINEAGE
FJ474644.1	Sarmentypnum exannulatum	Sarmentypnum exannulatum	Sarmentypnum exannulatum	Streptophyta	Bryopsida	Hypnales	Amblystegiaceae	Sarmentypnum	NCBI_LINEAGE
FJ474645.1	Sarmentypnum exannulatum	Sarmentypnum exannulatum	Sarmentypnum exannulatum	Streptophyta	Bryopsida	Hypnales	Amblystegiaceae	Sarmentypnum	NCBI_LINEAGE
FJ474646.1	Sarmentypnum exannulatum	Sarmentypnum exannulatum	Sarmentypnum exannulatum	Streptophyta	Bryopsida	Hypnales	Amblystegiaceae	Sarmentypnum	NCBI_LINEAGE
FJ474647.1	Sarmentypnum exannulatum	Sarmentypnum exannulatum	Sarmentypnum exannulatum	Streptophyta	Bryopsida	Hypnales	Amblystegiaceae	Sarmentypnum	NCBI_LINEAGE
FJ474648.1	Sarmentypnum exannulatum	Sarmentypnum exannulatum	Sarmentypnum exannulatum	Streptophyta	Bryopsida	Hypnales	Amblystegiaceae	Sarmentypnum	NCBI_LINEAGE
FJ474649.1	Sarmentypnum exannulatum	Sarmentypnum exannulatum	Sarmentypnum exannulatum	Streptophyta	Bryopsida	Hypnales	Amblystegiaceae	Sarmentypnum	NCBI_LINEAGE
FJ474650.1	Sarmentypnum exannulatum	Sarmentypnum exannulatum	Sarmentypnum exannulatum	Streptophyta	Bryopsida	Hypnales	Amblystegiaceae	Sarmentypnum	NCBI_LINEAGE
FJ474651.1	Sarmentypnum exannulatum	Sarmentypnum exannulatum	Sarmentypnum exannulatum	Streptophyta	Bryopsida	Hypnales	Amblystegiaceae	Sarmentypnum	NCBI_LINEAGE
FJ474652.1	Sarmentypnum exannulatum	Sarmentypnum exannulatum	Sarmentypnum exannulatum	Streptophyta	Bryopsida	Hypnales	Amblystegiaceae	Sarmentypnum	NCBI_LINEAGE
FJ474653.1	Sarmentypnum exannulatum	Sarmentypnum exannulatum	Sarmentypnum exannulatum	Streptophyta	Bryopsida	Hypnales	Amblystegiaceae	Sarmentypnum	NCBI_LINEAGE
FJ474654.1	Sarmentypnum exannulatum	Sarmentypnum exannulatum	Sarmentypnum exannulatum	Streptophyta	Bryopsida	Hypnales	Amblystegiaceae	Sarmentypnum	NCBI_LINEAGE
FJ474655.1	Sarmentypnum exannulatum	Sarmentypnum exannulatum	Sarmentypnum exannulatum	Streptophyta	Bryopsida	Hypnales	Amblystegiaceae	Sarmentypnum	NCBI_LINEAGE
FJ474656.1	Sarmentypnum exannulatum	Sarmentypnum exannulatum	Sarmentypnum exannulatum	Streptophyta	Bryopsida	Hypnales	Amblystegiaceae	Sarmentypnum	NCBI_LINEAGE
FJ474657.1	Sarmentypnum exannulatum	Sarmentypnum exannulatum	Sarmentypnum exannulatum	Streptophyta	Bryopsida	Hypnales	Amblystegiaceae	Sarmentypnum	NCBI_LINEAGE
JF710056.1	Sarmentypnum exannulatum	Sarmentypnum exannulatum	Sarmentypnum exannulatum	Streptophyta	Bryopsida	Hypnales	Amblystegiaceae	Sarmentypnum	NCBI_LINEAGE
JF710057.1	Sarmentypnum exannulatum	Sarmentypnum exannulatum	Sarmentypnum exannulatum	Streptophyta	Bryopsida	Hypnales	Amblystegiaceae	Sarmentypnum	NCBI_LINEAGE
JF710058.1	Sarmentypnum exannulatum	Sarmentypnum exannulatum	Sarmentypnum exannulatum	Streptophyta	Bryopsida	Hypnales	Amblystegiaceae	Sarmentypnum	NCBI_LINEAGE
JF710059.1	Sarmentypnum exannulatum	Sarmentypnum exannulatum	Sarmentypnum exannulatum	Streptophyta	Bryopsida	Hypnales	Amblystegiaceae	Sarmentypnum	NCBI_LINEAGE
JF710060.1	Sarmentypnum exannulatum	Sarmentypnum exannulatum	Sarmentypnum exannulatum	Streptophyta	Bryopsida	Hypnales	Amblystegiaceae	Sarmentypnum	NCBI_LINEAGE
JF710061.1	Sarmentypnum exannulatum	Sarmentypnum exannulatum	Sarmentypnum exannulatum	Streptophyta	Bryopsida	Hypnales	Amblystegiaceae	Sarmentypnum	NCBI_LINEAGE
MG734673.1	Sarmentypnum exannulatum	Sarmentypnum exannulatum	Sarmentypnum exannulatum	Streptophyta	Bryopsida	Hypnales	Amblystegiaceae	Sarmentypnum	NCBI_LINEAGE
JF710037.1	Sarmentypnum sarmentosum	Sarmentypnum sarmentosum	Sarmentypnum sarmentosum	Streptophyta	Bryopsida	Hypnales	Amblystegiaceae	Sarmentypnum	NCBI_LINEAGE
JF710038.1	Sarmentypnum sarmentosum	Sarmentypnum sarmentosum	Sarmentypnum sarmentosum	Streptophyta	Bryopsida	Hypnales	Amblystegiaceae	Sarmentypnum	NCBI_LINEAGE
JF710039.1	Sarmentypnum sarmentosum	Sarmentypnum sarmentosum	Sarmentypnum sarmentosum	Streptophyta	Bryopsida	Hypnales	Amblystegiaceae	Sarmentypnum	NCBI_LINEAGE
JF710040.1	Sarmentypnum sarmentosum	Sarmentypnum sarmentosum	Sarmentypnum sarmentosum	Streptophyta	Bryopsida	Hypnales	Amblystegiaceae	Sarmentypnum	NCBI_LINEAGE
JF710041.1	Sarmentypnum sarmentosum	Sarmentypnum sarmentosum	Sarmentypnum sarmentosum	Streptophyta	Bryopsida	Hypnales	Amblystegiaceae	Sarmentypnum	NCBI_LINEAGE
JF710042.1	Sarmentypnum sarmentosum	Sarmentypnum sarmentosum	Sarmentypnum sarmentosum	Streptophyta	Bryopsida	Hypnales	Amblystegiaceae	Sarmentypnum	NCBI_LINEAGE
JF710043.1	Sarmentypnum sarmentosum	Sarmentypnum sarmentosum	Sarmentypnum sarmentosum	Streptophyta	Bryopsida	Hypnales	Amblystegiaceae	Sarmentypnum	NCBI_LINEAGE
JF710044.1	Sarmentypnum sarmentosum	Sarmentypnum sarmentosum	Sarmentypnum sarmentosum	Streptophyta	Bryopsida	Hypnales	Amblystegiaceae	Sarmentypnum	NCBI_LINEAGE
JF710045.1	Sarmentypnum sarmentosum	Sarmentypnum sarmentosum	Sarmentypnum sarmentosum	Streptophyta	Bryopsida	Hypnales	Amblystegiaceae	Sarmentypnum	NCBI_LINEAGE
Z72247.1	Sarothamnus scoparius	Cytisus scoparius	Cytisus scoparius	Tracheophyta	Magnoliopsida	Fabales	Fabaceae	Cytisus	BOLD_GENUS_BACKBONE
AF319146.1	Saussurea discolor	Saussurea discolor	Saussurea discolor	Tracheophyta	Magnoliopsida	Asterales	Asteraceae	Saussurea	BOLD_GENUS_BACKBONE
AJ606217.1	Saussurea discolor	Saussurea discolor	Saussurea discolor	Tracheophyta	Magnoliopsida	Asterales	Asteraceae	Saussurea	BOLD_GENUS_BACKBONE
AF261159.1	Saxifraga androsacea	Saxifraga androsacea	Saxifraga androsacea	Tracheophyta	Magnoliopsida	Saxifragales	Saxifragaceae	Saxifraga	BOLD_GENUS_BACKBONE
AF261166.1	Saxifraga bulbifera	Saxifraga bulbifera	Saxifraga bulbifera	Tracheophyta	Magnoliopsida	Saxifragales	Saxifragaceae	Saxifraga	BOLD_GENUS_BACKBONE
KU524098.1	Saxifraga burseriana	Saxifraga burseriana	Saxifraga burseriana	Tracheophyta	Magnoliopsida	Saxifragales	Saxifragaceae	Saxifraga	BOLD_GENUS_BACKBONE
AF087618.1	Saxifraga caesia	Saxifraga caesia	Saxifraga caesia	Tracheophyta	Magnoliopsida	Saxifragales	Saxifragaceae	Saxifraga	BOLD_GENUS_BACKBONE
KU645960.1	Saxifraga caesia	Saxifraga caesia	Saxifraga caesia	Tracheophyta	Magnoliopsida	Saxifragales	Saxifragaceae	Saxifraga	BOLD_GENUS_BACKBONE
AF087613.1	Saxifraga crustata	Saxifraga crustata	Saxifraga crustata	Tracheophyta	Magnoliopsida	Saxifragales	Saxifragaceae	Saxifraga	BOLD_GENUS_BACKBONE
AF087609.1	Saxifraga hostii	Saxifraga hostii	Saxifraga hostii	Tracheophyta	Magnoliopsida	Saxifragales	Saxifragaceae	Saxifraga	BOLD_GENUS_BACKBONE
AF087623.1	Saxifraga mutata	Saxifraga mutata	Saxifraga mutata	Tracheophyta	Magnoliopsida	Saxifragales	Saxifragaceae	Saxifraga	BOLD_GENUS_BACKBONE
AF261191.1	Saxifraga sedoides	Saxifraga sedoides	Saxifraga sedoides	Tracheophyta	Magnoliopsida	Saxifragales	Saxifragaceae	Saxifraga	BOLD_GENUS_BACKBONE
KU524142.1	Saxifraga sedoides	Saxifraga sedoides subsp. hohenwartii	Saxifraga sedoides	Tracheophyta	Magnoliopsida	Saxifragales	Saxifragaceae	Saxifraga	BOLD_GENUS_BACKBONE
KU524182.1	Saxifraga sedoides	Saxifraga sedoides	Saxifraga sedoides	Tracheophyta	Magnoliopsida	Saxifragales	Saxifragaceae	Saxifraga	BOLD_GENUS_BACKBONE
AF087617.1	Saxifraga squarrosa	Saxifraga squarrosa	Saxifraga squarrosa	Tracheophyta	Magnoliopsida	Saxifragales	Saxifragaceae	Saxifraga	BOLD_GENUS_BACKBONE
FJ640791.1	Scabiosa graminifolia	Lomelosia graminifolia	Lomelosia graminifolia	Streptophyta	Magnoliopsida	Dipsacales	Caprifoliaceae	Lomelosia	NCBI_LINEAGE
JQ023830.1	Scabiosa lucida	Scabiosa lucida	Scabiosa lucida	Tracheophyta	Magnoliopsida	Dipsacales	Caprifoliaceae	Scabiosa	BOLD_GENUS_BACKBONE
FJ640768.1	Scabiosa ochroleuca	Scabiosa ochroleuca	Scabiosa ochroleuca	Tracheophyta	Magnoliopsida	Dipsacales	Caprifoliaceae	Scabiosa	BOLD_GENUS_BACKBONE
JQ023826.1	Scabiosa triandra	Scabiosa triandra	Scabiosa triandra	Tracheophyta	Magnoliopsida	Dipsacales	Caprifoliaceae	Scabiosa	BOLD_GENUS_BACKBONE
MF952450.1	Scenedesmus ecornis	Scenedesmus ecornis	Scenedesmus ecornis	Chlorophyta	Chlorophyceae	Sphaeropleales	Scenedesmaceae	Scenedesmus	BOLD_GENUS_BACKBONE
AY170858.2	Scenedesmus obtusus	Scenedesmus obtusus	Scenedesmus obtusus	Chlorophyta	Chlorophyceae	Sphaeropleales	Scenedesmaceae	Scenedesmus	BOLD_GENUS_BACKBONE
PZ019994.1	Scenedesmus obtusus	Scenedesmus obtusus	Scenedesmus obtusus	Chlorophyta	Chlorophyceae	Sphaeropleales	Scenedesmaceae	Scenedesmus	BOLD_GENUS_BACKBONE
KT715464.1	Schistidium brunnescens	Schistidium brunnescens subsp. brunnescens	Schistidium brunnescens	Bryophyta	Bryopsida	Grimmiales	Grimmiaceae	Schistidium	BOLD_GENUS_BACKBONE
KT715465.1	Schistidium brunnescens	Schistidium brunnescens subsp. brunnescens	Schistidium brunnescens	Bryophyta	Bryopsida	Grimmiales	Grimmiaceae	Schistidium	BOLD_GENUS_BACKBONE
MK030011.1	Schistidium brunnescens	Schistidium brunnescens	Schistidium brunnescens	Bryophyta	Bryopsida	Grimmiales	Grimmiaceae	Schistidium	BOLD_GENUS_BACKBONE
KT715463.1	Schistidium helveticum	Schistidium helveticum	Schistidium helveticum	Bryophyta	Bryopsida	Grimmiales	Grimmiaceae	Schistidium	BOLD_GENUS_BACKBONE
MK030016.1	Schistidium helveticum	Schistidium helveticum	Schistidium helveticum	Bryophyta	Bryopsida	Grimmiales	Grimmiaceae	Schistidium	BOLD_GENUS_BACKBONE
MK030017.1	Schistidium helveticum	Schistidium helveticum	Schistidium helveticum	Bryophyta	Bryopsida	Grimmiales	Grimmiaceae	Schistidium	BOLD_GENUS_BACKBONE
MK030018.1	Schistidium helveticum	Schistidium helveticum	Schistidium helveticum	Bryophyta	Bryopsida	Grimmiales	Grimmiaceae	Schistidium	BOLD_GENUS_BACKBONE
AF033641.1	Schistostega pennata	Schistostega pennata	Schistostega pennata	Streptophyta	Bryopsida	Dicranales	Schistostegaceae	Schistostega	NCBI_LINEAGE
AB206263.1	Schoenoplectus mucronatus	Schoenoplectiella mucronata	Schoenoplectiella mucronata	Streptophyta	Magnoliopsida	Poales	Cyperaceae	Schoenoplectiella	NCBI_LINEAGE
GQ130348.1	Schoenoplectus mucronatus	Schoenoplectiella mucronata	Schoenoplectiella mucronata	Streptophyta	Magnoliopsida	Poales	Cyperaceae	Schoenoplectiella	NCBI_LINEAGE
LC556155.1	Schoenoplectus mucronatus	Schoenoplectiella mucronata	Schoenoplectiella mucronata	Streptophyta	Magnoliopsida	Poales	Cyperaceae	Schoenoplectiella	NCBI_LINEAGE
LC556156.1	Schoenoplectus mucronatus	Schoenoplectiella mucronata	Schoenoplectiella mucronata	Streptophyta	Magnoliopsida	Poales	Cyperaceae	Schoenoplectiella	NCBI_LINEAGE
LC556157.1	Schoenoplectus mucronatus	Schoenoplectiella mucronata	Schoenoplectiella mucronata	Streptophyta	Magnoliopsida	Poales	Cyperaceae	Schoenoplectiella	NCBI_LINEAGE
LC556158.1	Schoenoplectus mucronatus	Schoenoplectiella mucronata	Schoenoplectiella mucronata	Streptophyta	Magnoliopsida	Poales	Cyperaceae	Schoenoplectiella	NCBI_LINEAGE
LC556159.1	Schoenoplectus mucronatus	Schoenoplectiella mucronata	Schoenoplectiella mucronata	Streptophyta	Magnoliopsida	Poales	Cyperaceae	Schoenoplectiella	NCBI_LINEAGE
LC556160.1	Schoenoplectus mucronatus	Schoenoplectiella mucronata	Schoenoplectiella mucronata	Streptophyta	Magnoliopsida	Poales	Cyperaceae	Schoenoplectiella	NCBI_LINEAGE
HM468337.1	Scorpiurus subvillosus	Scorpiurus muricatus	Scorpiurus muricatus	Streptophyta	Magnoliopsida	Fabales	Fabaceae	Scorpiurus	NCBI_LINEAGE
GQ494898.1	Scorzoneroides helvetica	Scorzoneroides helvetica	Scorzoneroides helvetica	Streptophyta	Magnoliopsida	Asterales	Asteraceae	Scorzoneroides	NCBI_LINEAGE
KC692531.1	Scrophularia canina	Scrophularia canina subsp. canina	Scrophularia canina	Tracheophyta	Magnoliopsida	Lamiales	Scrophulariaceae	Scrophularia	BOLD_GENUS_BACKBONE
KC692532.1	Scrophularia canina	Scrophularia canina subsp. bicolor	Scrophularia canina	Tracheophyta	Magnoliopsida	Lamiales	Scrophulariaceae	Scrophularia	BOLD_GENUS_BACKBONE
KC692533.1	Scrophularia canina	Scrophularia canina subsp. ramosissima	Scrophularia canina	Tracheophyta	Magnoliopsida	Lamiales	Scrophulariaceae	Scrophularia	BOLD_GENUS_BACKBONE
KF447257.1	Scrophularia canina	Scrophularia canina subsp. canina	Scrophularia canina	Tracheophyta	Magnoliopsida	Lamiales	Scrophulariaceae	Scrophularia	BOLD_GENUS_BACKBONE
KF447260.1	Scrophularia canina	Scrophularia canina subsp. ramosissima	Scrophularia canina	Tracheophyta	Magnoliopsida	Lamiales	Scrophulariaceae	Scrophularia	BOLD_GENUS_BACKBONE
KR827028.1	Scrophularia canina	Scrophularia canina subsp. canina	Scrophularia canina	Tracheophyta	Magnoliopsida	Lamiales	Scrophulariaceae	Scrophularia	BOLD_GENUS_BACKBONE
KY067601.1	Scrophularia canina	Scrophularia canina subsp. hoppii	Scrophularia canina	Tracheophyta	Magnoliopsida	Lamiales	Scrophulariaceae	Scrophularia	BOLD_GENUS_BACKBONE
KC692549.1	Scrophularia laciniata	Scrophularia heterophylla subsp. laciniata	Scrophularia heterophylla	Tracheophyta	Magnoliopsida	Lamiales	Scrophulariaceae	Scrophularia	BOLD_GENUS_BACKBONE
KR361744.1	Scrophularia laciniata	Scrophularia heterophylla subsp. laciniata	Scrophularia heterophylla	Tracheophyta	Magnoliopsida	Lamiales	Scrophulariaceae	Scrophularia	BOLD_GENUS_BACKBONE
KY067599.1	Scrophularia laciniata	Scrophularia heterophylla subsp. laciniata	Scrophularia heterophylla	Tracheophyta	Magnoliopsida	Lamiales	Scrophulariaceae	Scrophularia	BOLD_GENUS_BACKBONE
KC692580.1	Scrophularia scopolii	Scrophularia scopolii subsp. adenocalyx	Scrophularia scopolii	Tracheophyta	Magnoliopsida	Lamiales	Scrophulariaceae	Scrophularia	BOLD_GENUS_BACKBONE
KF447267.1	Scrophularia scopolii	Scrophularia scopolii var. scopolii	Scrophularia scopolii	Tracheophyta	Magnoliopsida	Lamiales	Scrophulariaceae	Scrophularia	BOLD_GENUS_BACKBONE
KF447268.1	Scrophularia scopolii	Scrophularia scopolii var. grandidentata	Scrophularia scopolii	Tracheophyta	Magnoliopsida	Lamiales	Scrophulariaceae	Scrophularia	BOLD_GENUS_BACKBONE
KR361749.1	Scrophularia scopolii	Scrophularia scopolii var. scopolii	Scrophularia scopolii	Tracheophyta	Magnoliopsida	Lamiales	Scrophulariaceae	Scrophularia	BOLD_GENUS_BACKBONE
AF303400.1	Secale cereale	Secale cereale	Secale cereale	Streptophyta	Magnoliopsida	Poales	Poaceae	Secale	NCBI_LINEAGE
JF489233.1	Secale cereale	Secale cereale	Secale cereale	Streptophyta	Magnoliopsida	Poales	Poaceae	Secale	NCBI_LINEAGE
KP296112.1	Secale cereale	Secale cereale	Secale cereale	Streptophyta	Magnoliopsida	Poales	Poaceae	Secale	NCBI_LINEAGE
DQ641996.1	Securigera securidaca	Securigera securidaca	Securigera securidaca	Streptophyta	Magnoliopsida	Fabales	Fabaceae	Securigera	NCBI_LINEAGE
KJ884130.1	Sedum reflexum	Sedum rupestre	Sedum rupestre	Tracheophyta	Magnoliopsida	Saxifragales	Crassulaceae	Sedum	BOLD_GENUS_BACKBONE
KT161871.1	Selaginella helvetica	Selaginella helvetica	Selaginella helvetica	Tracheophyta	Lycopodiopsida	Selaginellales	Selaginellaceae	Selaginella	BOLD_GENUS_BACKBONE
KJ884325.1	Sempervivum juvanii	Sempervivum wulfenii subsp. juvanii	Sempervivum wulfenii	Tracheophyta	Magnoliopsida	Saxifragales	Crassulaceae	Sempervivum	BOLD_GENUS_BACKBONE
AF459956.2	Senecio abrotanifolius	Jacobaea abrotanifolia	Jacobaea abrotanifolia	Streptophyta	Magnoliopsida	Asterales	Asteraceae	Jacobaea	NCBI_LINEAGE
KT249916.1	Senecio aquaticus	Jacobaea aquatica	Jacobaea aquatica	Streptophyta	Magnoliopsida	Asterales	Asteraceae	Jacobaea	NCBI_LINEAGE
AF459944.1	Senecio erucifolius	Jacobaea erucifolia	Jacobaea erucifolia	Streptophyta	Magnoliopsida	Asterales	Asteraceae	Jacobaea	NCBI_LINEAGE
AY155609.1	Senecio incanus	Jacobaea incana	Jacobaea incana	Streptophyta	Magnoliopsida	Asterales	Asteraceae	Jacobaea	NCBI_LINEAGE
AF161692.1	Senecio jacobaea	Jacobaea vulgaris	Jacobaea vulgaris	Streptophyta	Magnoliopsida	Asterales	Asteraceae	Jacobaea	NCBI_LINEAGE
AF459941.1	Senecio jacobaea	Jacobaea vulgaris	Jacobaea vulgaris	Streptophyta	Magnoliopsida	Asterales	Asteraceae	Jacobaea	NCBI_LINEAGE
AY155610.1	Senecio jacobaea	Jacobaea vulgaris	Jacobaea vulgaris	Streptophyta	Magnoliopsida	Asterales	Asteraceae	Jacobaea	NCBI_LINEAGE
AY554112.1	Senecio jacobaea	Jacobaea vulgaris	Jacobaea vulgaris	Streptophyta	Magnoliopsida	Asterales	Asteraceae	Jacobaea	NCBI_LINEAGE
GU818563.1	Senecio jacobaea	Jacobaea vulgaris	Jacobaea vulgaris	Streptophyta	Magnoliopsida	Asterales	Asteraceae	Jacobaea	NCBI_LINEAGE
GU818564.1	Senecio jacobaea	Jacobaea vulgaris	Jacobaea vulgaris	Streptophyta	Magnoliopsida	Asterales	Asteraceae	Jacobaea	NCBI_LINEAGE
GU818565.1	Senecio jacobaea	Jacobaea vulgaris	Jacobaea vulgaris	Streptophyta	Magnoliopsida	Asterales	Asteraceae	Jacobaea	NCBI_LINEAGE
GU818566.1	Senecio jacobaea	Jacobaea vulgaris	Jacobaea vulgaris	Streptophyta	Magnoliopsida	Asterales	Asteraceae	Jacobaea	NCBI_LINEAGE
GU818567.1	Senecio jacobaea	Jacobaea vulgaris	Jacobaea vulgaris	Streptophyta	Magnoliopsida	Asterales	Asteraceae	Jacobaea	NCBI_LINEAGE
LS973910.1	Senecio jacobaea	Jacobaea vulgaris	Jacobaea vulgaris	Streptophyta	Magnoliopsida	Asterales	Asteraceae	Jacobaea	NCBI_LINEAGE
PX423851.1	Senecio jacobaea	Jacobaea vulgaris	Jacobaea vulgaris	Streptophyta	Magnoliopsida	Asterales	Asteraceae	Jacobaea	NCBI_LINEAGE
AF459935.1	Senecio paludosus	Jacobaea paludosa	Jacobaea paludosa	Streptophyta	Magnoliopsida	Asterales	Asteraceae	Jacobaea	NCBI_LINEAGE
AF459929.1	Senecio subalpinus	Jacobaea subalpina	Jacobaea subalpina	Streptophyta	Magnoliopsida	Asterales	Asteraceae	Jacobaea	NCBI_LINEAGE
AF387521.1	Sequoia sempervirens	Sequoia sempervirens	Sequoia sempervirens	Streptophyta	Pinopsida	Cupressales	Cupressaceae	Sequoia	NCBI_LINEAGE
HQ414195.1	Sequoia sempervirens	Sequoia sempervirens	Sequoia sempervirens	Streptophyta	Pinopsida	Cupressales	Cupressaceae	Sequoia	NCBI_LINEAGE
HQ414196.1	Sequoia sempervirens	Sequoia sempervirens	Sequoia sempervirens	Streptophyta	Pinopsida	Cupressales	Cupressaceae	Sequoia	NCBI_LINEAGE
HQ414197.1	Sequoia sempervirens	Sequoia sempervirens	Sequoia sempervirens	Streptophyta	Pinopsida	Cupressales	Cupressaceae	Sequoia	NCBI_LINEAGE
HQ414198.1	Sequoia sempervirens	Sequoia sempervirens	Sequoia sempervirens	Streptophyta	Pinopsida	Cupressales	Cupressaceae	Sequoia	NCBI_LINEAGE
HQ414199.1	Sequoia sempervirens	Sequoia sempervirens	Sequoia sempervirens	Streptophyta	Pinopsida	Cupressales	Cupressaceae	Sequoia	NCBI_LINEAGE
HQ414200.1	Sequoia sempervirens	Sequoia sempervirens	Sequoia sempervirens	Streptophyta	Pinopsida	Cupressales	Cupressaceae	Sequoia	NCBI_LINEAGE
HQ414201.1	Sequoia sempervirens	Sequoia sempervirens	Sequoia sempervirens	Streptophyta	Pinopsida	Cupressales	Cupressaceae	Sequoia	NCBI_LINEAGE
HQ414202.1	Sequoia sempervirens	Sequoia sempervirens	Sequoia sempervirens	Streptophyta	Pinopsida	Cupressales	Cupressaceae	Sequoia	NCBI_LINEAGE
HQ414215.1	Sequoia sempervirens	Sequoia sempervirens	Sequoia sempervirens	Streptophyta	Pinopsida	Cupressales	Cupressaceae	Sequoia	NCBI_LINEAGE
AY014551.1	Serapias vomeracea	Serapias vomeracea	Serapias vomeracea	Streptophyta	Magnoliopsida	Asparagales	Orchidaceae	Serapias	NCBI_LINEAGE
AF168142.1	Serpoleskea confervoides	Serpoleskea confervoides	Serpoleskea confervoides	Streptophyta	Bryopsida	Hypnales	Leskeaceae	Serpoleskea	NCBI_LINEAGE
MH613488.1	Serpoleskea confervoides	Serpoleskea confervoides	Serpoleskea confervoides	Streptophyta	Bryopsida	Hypnales	Leskeaceae	Serpoleskea	NCBI_LINEAGE
MH613489.1	Serpoleskea confervoides	Serpoleskea confervoides	Serpoleskea confervoides	Streptophyta	Bryopsida	Hypnales	Leskeaceae	Serpoleskea	NCBI_LINEAGE
KP296115.1	Sesleria autumnalis	Sesleria autumnalis	Sesleria autumnalis	Tracheophyta	Liliopsida	Poales	Poaceae	Sesleria	BOLD_GENUS_BACKBONE
MF155212.1	Sesleria ovata	Sesleria ovata	Sesleria ovata	Tracheophyta	Liliopsida	Poales	Poaceae	Sesleria	BOLD_GENUS_BACKBONE
MF155213.1	Sesleria ovata	Sesleria ovata	Sesleria ovata	Tracheophyta	Liliopsida	Poales	Poaceae	Sesleria	BOLD_GENUS_BACKBONE
MF155215.1	Sesleria sphaerocephala	Sesleriella sphaerocephala	Sesleriella sphaerocephala	Streptophyta	Magnoliopsida	Poales	Poaceae	Sesleriella	NCBI_LINEAGE
MF155216.1	Sesleria sphaerocephala	Sesleriella sphaerocephala	Sesleriella sphaerocephala	Streptophyta	Magnoliopsida	Poales	Poaceae	Sesleriella	NCBI_LINEAGE
MF155217.1	Sesleria sphaerocephala	Sesleriella sphaerocephala	Sesleriella sphaerocephala	Streptophyta	Magnoliopsida	Poales	Poaceae	Sesleriella	NCBI_LINEAGE
MF155218.1	Sesleria sphaerocephala	Sesleriella sphaerocephala	Sesleriella sphaerocephala	Streptophyta	Magnoliopsida	Poales	Poaceae	Sesleriella	NCBI_LINEAGE
KX852616.1	Silene hayekiana	Silene hayekiana	Silene hayekiana	Tracheophyta	Magnoliopsida	Caryophyllales	Caryophyllaceae	Silene	BOLD_GENUS_BACKBONE
KX852617.1	Silene hayekiana	Silene hayekiana	Silene hayekiana	Tracheophyta	Magnoliopsida	Caryophyllales	Caryophyllaceae	Silene	BOLD_GENUS_BACKBONE
KX852618.1	Silene hayekiana	Silene hayekiana	Silene hayekiana	Tracheophyta	Magnoliopsida	Caryophyllales	Caryophyllaceae	Silene	BOLD_GENUS_BACKBONE
KX852619.1	Silene hayekiana	Silene hayekiana	Silene hayekiana	Tracheophyta	Magnoliopsida	Caryophyllales	Caryophyllaceae	Silene	BOLD_GENUS_BACKBONE
KX852620.1	Silene hayekiana	Silene hayekiana	Silene hayekiana	Tracheophyta	Magnoliopsida	Caryophyllales	Caryophyllaceae	Silene	BOLD_GENUS_BACKBONE
KX852621.1	Silene hayekiana	Silene hayekiana	Silene hayekiana	Tracheophyta	Magnoliopsida	Caryophyllales	Caryophyllaceae	Silene	BOLD_GENUS_BACKBONE
KX852622.1	Silene hayekiana	Silene hayekiana	Silene hayekiana	Tracheophyta	Magnoliopsida	Caryophyllales	Caryophyllaceae	Silene	BOLD_GENUS_BACKBONE
KX852623.1	Silene hayekiana	Silene hayekiana	Silene hayekiana	Tracheophyta	Magnoliopsida	Caryophyllales	Caryophyllaceae	Silene	BOLD_GENUS_BACKBONE
KX852668.1	Silene hayekiana	Silene hayekiana	Silene hayekiana	Tracheophyta	Magnoliopsida	Caryophyllales	Caryophyllaceae	Silene	BOLD_GENUS_BACKBONE
KX852671.1	Silene hayekiana	Silene hayekiana	Silene hayekiana	Tracheophyta	Magnoliopsida	Caryophyllales	Caryophyllaceae	Silene	BOLD_GENUS_BACKBONE
AF531603.1	Sisymbrium strictissimum	Sisymbrium strictissimum	Sisymbrium strictissimum	Tracheophyta	Magnoliopsida	Brassicales	Brassicaceae	Sisymbrium	BOLD_GENUS_BACKBONE
AF531653.1	Sisymbrium strictissimum	Sisymbrium strictissimum	Sisymbrium strictissimum	Tracheophyta	Magnoliopsida	Brassicales	Brassicaceae	Sisymbrium	BOLD_GENUS_BACKBONE
MW280305.1	Sisymbrium strictissimum	Sisymbrium strictissimum	Sisymbrium strictissimum	Tracheophyta	Magnoliopsida	Brassicales	Brassicaceae	Sisymbrium	BOLD_GENUS_BACKBONE
MW280306.1	Sisymbrium strictissimum	Sisymbrium strictissimum	Sisymbrium strictissimum	Tracheophyta	Magnoliopsida	Brassicales	Brassicaceae	Sisymbrium	BOLD_GENUS_BACKBONE
HQ607046.1	Sisyrinchium bermudiana	Sisyrinchium bermudiana	Sisyrinchium bermudiana	Streptophyta	Magnoliopsida	Asparagales	Iridaceae	Sisyrinchium	NCBI_LINEAGE
JN389222.1	Sisyrinchium bermudiana	Sisyrinchium bermudiana	Sisyrinchium bermudiana	Streptophyta	Magnoliopsida	Asparagales	Iridaceae	Sisyrinchium	NCBI_LINEAGE
AF244736.1	Solanum luteum	Solanum villosum	Solanum villosum	Tracheophyta	Magnoliopsida	Solanales	Solanaceae	Solanum	BOLD_GENUS_BACKBONE
GU323359.1	Solanum luteum	Solanum villosum	Solanum villosum	Tracheophyta	Magnoliopsida	Solanales	Solanaceae	Solanum	BOLD_GENUS_BACKBONE
KC540788.1	Solanum luteum	Solanum villosum	Solanum villosum	Tracheophyta	Magnoliopsida	Solanales	Solanaceae	Solanum	BOLD_GENUS_BACKBONE
KC540789.1	Solanum luteum	Solanum villosum	Solanum villosum	Tracheophyta	Magnoliopsida	Solanales	Solanaceae	Solanum	BOLD_GENUS_BACKBONE
KC540791.1	Solanum luteum	Solanum villosum	Solanum villosum	Tracheophyta	Magnoliopsida	Solanales	Solanaceae	Solanum	BOLD_GENUS_BACKBONE
KC540795.1	Solanum luteum	Solanum villosum	Solanum villosum	Tracheophyta	Magnoliopsida	Solanales	Solanaceae	Solanum	BOLD_GENUS_BACKBONE
KT820910.1	Solanum luteum	Solanum villosum	Solanum villosum	Tracheophyta	Magnoliopsida	Solanales	Solanaceae	Solanum	BOLD_GENUS_BACKBONE
MZ476891.1	Solanum luteum	Solanum villosum	Solanum villosum	Tracheophyta	Magnoliopsida	Solanales	Solanaceae	Solanum	BOLD_GENUS_BACKBONE
GQ220771.1	Solenostoma obovatum	Solenostoma obovatum	Solenostoma obovatum	Marchantiophyta	Jungermanniopsida	Jungermanniales	Solenostomataceae	Solenostoma	BOLD_GENUS_BACKBONE
DQ507950.1	Sonchus maritimus	Sonchus maritimus	Sonchus maritimus	Tracheophyta	Magnoliopsida	Asterales	Asteraceae	Sonchus	BOLD_GENUS_BACKBONE
L48310.1	Sonchus maritimus	Sonchus maritimus	Sonchus maritimus	Tracheophyta	Magnoliopsida	Asterales	Asteraceae	Sonchus	BOLD_GENUS_BACKBONE
DQ811769.1	Sorbus chamaemespilus	Chamaemespilus alpina	Chamaemespilus alpina	Streptophyta	Magnoliopsida	Rosales	Rosaceae	Chamaemespilus	NCBI_LINEAGE
KF718383.1	Sorbus chamaemespilus	Chamaemespilus alpina	Chamaemespilus alpina	Streptophyta	Magnoliopsida	Rosales	Rosaceae	Chamaemespilus	NCBI_LINEAGE
MN216006.1	Sorbus chamaemespilus	Chamaemespilus alpina	Chamaemespilus alpina	Streptophyta	Magnoliopsida	Rosales	Rosaceae	Chamaemespilus	NCBI_LINEAGE
DQ190420.1	Sorghum saccharatum	Sorghum bicolor	Sorghum bicolor	Tracheophyta	Liliopsida	Poales	Poaceae	Sorghum	BOLD_GENUS_BACKBONE
DQ190421.1	Sorghum saccharatum	Sorghum bicolor	Sorghum bicolor	Tracheophyta	Liliopsida	Poales	Poaceae	Sorghum	BOLD_GENUS_BACKBONE
AF272776.1	Spartina maritima	Sporobolus maritimus	Sporobolus maritimus	Tracheophyta	Liliopsida	Poales	Poaceae	Sporobolus	BOLD_GENUS_BACKBONE
KT874468.1	Spartina maritima	Sporobolus maritimus	Sporobolus maritimus	Tracheophyta	Liliopsida	Poales	Poaceae	Sporobolus	BOLD_GENUS_BACKBONE
KT874470.1	Spartina maritima	Sporobolus maritimus	Sporobolus maritimus	Tracheophyta	Liliopsida	Poales	Poaceae	Sporobolus	BOLD_GENUS_BACKBONE
KT874472.1	Spartina maritima	Sporobolus maritimus	Sporobolus maritimus	Tracheophyta	Liliopsida	Poales	Poaceae	Sporobolus	BOLD_GENUS_BACKBONE
KT874483.1	Spartina maritima	Sporobolus maritimus	Sporobolus maritimus	Tracheophyta	Liliopsida	Poales	Poaceae	Sporobolus	BOLD_GENUS_BACKBONE
KT957734.1	Spartina maritima	Sporobolus maritimus	Sporobolus maritimus	Tracheophyta	Liliopsida	Poales	Poaceae	Sporobolus	BOLD_GENUS_BACKBONE
AF193697.1	Sphagnum affine	Sphagnum affine	Sphagnum affine	Bryophyta	Sphagnopsida	Sphagnales	Sphagnaceae	Sphagnum	BOLD_GENUS_BACKBONE
AY298362.1	Sphagnum affine	Sphagnum affine	Sphagnum affine	Bryophyta	Sphagnopsida	Sphagnales	Sphagnaceae	Sphagnum	BOLD_GENUS_BACKBONE
AY298363.1	Sphagnum affine	Sphagnum affine	Sphagnum affine	Bryophyta	Sphagnopsida	Sphagnales	Sphagnaceae	Sphagnum	BOLD_GENUS_BACKBONE
AY298380.1	Sphagnum auriculatum	Sphagnum auriculatum	Sphagnum auriculatum	Bryophyta	Sphagnopsida	Sphagnales	Sphagnaceae	Sphagnum	BOLD_GENUS_BACKBONE
AY298381.1	Sphagnum auriculatum	Sphagnum auriculatum	Sphagnum auriculatum	Bryophyta	Sphagnopsida	Sphagnales	Sphagnaceae	Sphagnum	BOLD_GENUS_BACKBONE
AY298382.1	Sphagnum auriculatum	Sphagnum auriculatum	Sphagnum auriculatum	Bryophyta	Sphagnopsida	Sphagnales	Sphagnaceae	Sphagnum	BOLD_GENUS_BACKBONE
AY298418.1	Sphagnum auriculatum	Sphagnum auriculatum	Sphagnum auriculatum	Bryophyta	Sphagnopsida	Sphagnales	Sphagnaceae	Sphagnum	BOLD_GENUS_BACKBONE
AY361003.1	Sphagnum auriculatum	Sphagnum auriculatum	Sphagnum auriculatum	Bryophyta	Sphagnopsida	Sphagnales	Sphagnaceae	Sphagnum	BOLD_GENUS_BACKBONE
AY298464.1	Sphagnum flexuosum	Sphagnum flexuosum	Sphagnum flexuosum	Bryophyta	Sphagnopsida	Sphagnales	Sphagnaceae	Sphagnum	BOLD_GENUS_BACKBONE
AF193668.1	Sphagnum platyphyllum	Sphagnum platyphyllum	Sphagnum platyphyllum	Bryophyta	Sphagnopsida	Sphagnales	Sphagnaceae	Sphagnum	BOLD_GENUS_BACKBONE
AY298585.1	Sphagnum platyphyllum	Sphagnum platyphyllum	Sphagnum platyphyllum	Bryophyta	Sphagnopsida	Sphagnales	Sphagnaceae	Sphagnum	BOLD_GENUS_BACKBONE
AY298586.1	Sphagnum platyphyllum	Sphagnum platyphyllum	Sphagnum platyphyllum	Bryophyta	Sphagnopsida	Sphagnales	Sphagnaceae	Sphagnum	BOLD_GENUS_BACKBONE
EU488951.1	Sphagnum platyphyllum	Sphagnum platyphyllum	Sphagnum platyphyllum	Bryophyta	Sphagnopsida	Sphagnales	Sphagnaceae	Sphagnum	BOLD_GENUS_BACKBONE
AF193743.1	Sphagnum quinquefarium	Sphagnum quinquefarium	Sphagnum quinquefarium	Bryophyta	Sphagnopsida	Sphagnales	Sphagnaceae	Sphagnum	BOLD_GENUS_BACKBONE
AY298604.1	Sphagnum quinquefarium	Sphagnum quinquefarium	Sphagnum quinquefarium	Bryophyta	Sphagnopsida	Sphagnales	Sphagnaceae	Sphagnum	BOLD_GENUS_BACKBONE
AY298605.1	Sphagnum quinquefarium	Sphagnum quinquefarium	Sphagnum quinquefarium	Bryophyta	Sphagnopsida	Sphagnales	Sphagnaceae	Sphagnum	BOLD_GENUS_BACKBONE
AY298606.1	Sphagnum quinquefarium	Sphagnum quinquefarium	Sphagnum quinquefarium	Bryophyta	Sphagnopsida	Sphagnales	Sphagnaceae	Sphagnum	BOLD_GENUS_BACKBONE
AY298607.1	Sphagnum quinquefarium	Sphagnum quinquefarium	Sphagnum quinquefarium	Bryophyta	Sphagnopsida	Sphagnales	Sphagnaceae	Sphagnum	BOLD_GENUS_BACKBONE
AY298608.1	Sphagnum quinquefarium	Sphagnum quinquefarium	Sphagnum quinquefarium	Bryophyta	Sphagnopsida	Sphagnales	Sphagnaceae	Sphagnum	BOLD_GENUS_BACKBONE
AY298609.1	Sphagnum quinquefarium	Sphagnum quinquefarium	Sphagnum quinquefarium	Bryophyta	Sphagnopsida	Sphagnales	Sphagnaceae	Sphagnum	BOLD_GENUS_BACKBONE
AF193745.1	Sphagnum rubellum	Sphagnum rubellum	Sphagnum rubellum	Bryophyta	Sphagnopsida	Sphagnales	Sphagnaceae	Sphagnum	BOLD_GENUS_BACKBONE
AY298619.1	Sphagnum rubellum	Sphagnum rubellum	Sphagnum rubellum	Bryophyta	Sphagnopsida	Sphagnales	Sphagnaceae	Sphagnum	BOLD_GENUS_BACKBONE
AY298620.1	Sphagnum rubellum	Sphagnum rubellum	Sphagnum rubellum	Bryophyta	Sphagnopsida	Sphagnales	Sphagnaceae	Sphagnum	BOLD_GENUS_BACKBONE
AY298621.1	Sphagnum rubellum	Sphagnum rubellum	Sphagnum rubellum	Bryophyta	Sphagnopsida	Sphagnales	Sphagnaceae	Sphagnum	BOLD_GENUS_BACKBONE
AY298622.1	Sphagnum rubellum	Sphagnum rubellum	Sphagnum rubellum	Bryophyta	Sphagnopsida	Sphagnales	Sphagnaceae	Sphagnum	BOLD_GENUS_BACKBONE
AY298623.1	Sphagnum rubellum	Sphagnum rubellum	Sphagnum rubellum	Bryophyta	Sphagnopsida	Sphagnales	Sphagnaceae	Sphagnum	BOLD_GENUS_BACKBONE
AY298624.1	Sphagnum rubellum	Sphagnum rubellum	Sphagnum rubellum	Bryophyta	Sphagnopsida	Sphagnales	Sphagnaceae	Sphagnum	BOLD_GENUS_BACKBONE
AY298718.1	Sphagnum rubellum	Sphagnum rubellum	Sphagnum rubellum	Bryophyta	Sphagnopsida	Sphagnales	Sphagnaceae	Sphagnum	BOLD_GENUS_BACKBONE
AY346484.1	Sphagnum rubellum	Sphagnum rubellum	Sphagnum rubellum	Bryophyta	Sphagnopsida	Sphagnales	Sphagnaceae	Sphagnum	BOLD_GENUS_BACKBONE
AY346486.1	Sphagnum rubellum	Sphagnum rubellum	Sphagnum rubellum	Bryophyta	Sphagnopsida	Sphagnales	Sphagnaceae	Sphagnum	BOLD_GENUS_BACKBONE
AY346500.1	Sphagnum rubellum	Sphagnum rubellum	Sphagnum rubellum	Bryophyta	Sphagnopsida	Sphagnales	Sphagnaceae	Sphagnum	BOLD_GENUS_BACKBONE
AY346501.1	Sphagnum rubellum	Sphagnum rubellum	Sphagnum rubellum	Bryophyta	Sphagnopsida	Sphagnales	Sphagnaceae	Sphagnum	BOLD_GENUS_BACKBONE
AY346502.1	Sphagnum rubellum	Sphagnum rubellum	Sphagnum rubellum	Bryophyta	Sphagnopsida	Sphagnales	Sphagnaceae	Sphagnum	BOLD_GENUS_BACKBONE
AY346503.1	Sphagnum rubellum	Sphagnum rubellum	Sphagnum rubellum	Bryophyta	Sphagnopsida	Sphagnales	Sphagnaceae	Sphagnum	BOLD_GENUS_BACKBONE
AY346504.1	Sphagnum rubellum	Sphagnum rubellum	Sphagnum rubellum	Bryophyta	Sphagnopsida	Sphagnales	Sphagnaceae	Sphagnum	BOLD_GENUS_BACKBONE
AY346505.1	Sphagnum rubellum	Sphagnum rubellum	Sphagnum rubellum	Bryophyta	Sphagnopsida	Sphagnales	Sphagnaceae	Sphagnum	BOLD_GENUS_BACKBONE
AY346506.1	Sphagnum rubellum	Sphagnum rubellum	Sphagnum rubellum	Bryophyta	Sphagnopsida	Sphagnales	Sphagnaceae	Sphagnum	BOLD_GENUS_BACKBONE
AY346508.1	Sphagnum rubellum	Sphagnum rubellum	Sphagnum rubellum	Bryophyta	Sphagnopsida	Sphagnales	Sphagnaceae	Sphagnum	BOLD_GENUS_BACKBONE
AF193732.1	Sphagnum russowii	Sphagnum russowii	Sphagnum russowii	Bryophyta	Sphagnopsida	Sphagnales	Sphagnaceae	Sphagnum	BOLD_GENUS_BACKBONE
AY298404.1	Sphagnum russowii	Sphagnum russowii	Sphagnum russowii	Bryophyta	Sphagnopsida	Sphagnales	Sphagnaceae	Sphagnum	BOLD_GENUS_BACKBONE
AY298408.1	Sphagnum russowii	Sphagnum russowii	Sphagnum russowii	Bryophyta	Sphagnopsida	Sphagnales	Sphagnaceae	Sphagnum	BOLD_GENUS_BACKBONE
AY298626.1	Sphagnum russowii	Sphagnum russowii	Sphagnum russowii	Bryophyta	Sphagnopsida	Sphagnales	Sphagnaceae	Sphagnum	BOLD_GENUS_BACKBONE
AY298627.1	Sphagnum russowii	Sphagnum russowii	Sphagnum russowii	Bryophyta	Sphagnopsida	Sphagnales	Sphagnaceae	Sphagnum	BOLD_GENUS_BACKBONE
AY298628.1	Sphagnum russowii	Sphagnum russowii	Sphagnum russowii	Bryophyta	Sphagnopsida	Sphagnales	Sphagnaceae	Sphagnum	BOLD_GENUS_BACKBONE
AY346485.1	Sphagnum russowii	Sphagnum russowii	Sphagnum russowii	Bryophyta	Sphagnopsida	Sphagnales	Sphagnaceae	Sphagnum	BOLD_GENUS_BACKBONE
AF193741.1	Sphagnum subnitens	Sphagnum subnitens	Sphagnum subnitens	Bryophyta	Sphagnopsida	Sphagnales	Sphagnaceae	Sphagnum	BOLD_GENUS_BACKBONE
AY298663.1	Sphagnum subnitens	Sphagnum subnitens	Sphagnum subnitens	Bryophyta	Sphagnopsida	Sphagnales	Sphagnaceae	Sphagnum	BOLD_GENUS_BACKBONE
AY298664.1	Sphagnum subnitens	Sphagnum subnitens	Sphagnum subnitens	Bryophyta	Sphagnopsida	Sphagnales	Sphagnaceae	Sphagnum	BOLD_GENUS_BACKBONE
AY298665.1	Sphagnum subnitens	Sphagnum subnitens	Sphagnum subnitens	Bryophyta	Sphagnopsida	Sphagnales	Sphagnaceae	Sphagnum	BOLD_GENUS_BACKBONE
AY298666.1	Sphagnum subnitens	Sphagnum subnitens	Sphagnum subnitens	Bryophyta	Sphagnopsida	Sphagnales	Sphagnaceae	Sphagnum	BOLD_GENUS_BACKBONE
AY298667.1	Sphagnum subnitens	Sphagnum subnitens	Sphagnum subnitens	Bryophyta	Sphagnopsida	Sphagnales	Sphagnaceae	Sphagnum	BOLD_GENUS_BACKBONE
AY346512.1	Sphagnum subnitens	Sphagnum subnitens	Sphagnum subnitens	Bryophyta	Sphagnopsida	Sphagnales	Sphagnaceae	Sphagnum	BOLD_GENUS_BACKBONE
AF193720.1	Sphagnum teres	Sphagnum teres	Sphagnum teres	Bryophyta	Sphagnopsida	Sphagnales	Sphagnaceae	Sphagnum	BOLD_GENUS_BACKBONE
AY298701.1	Sphagnum teres	Sphagnum teres	Sphagnum teres	Bryophyta	Sphagnopsida	Sphagnales	Sphagnaceae	Sphagnum	BOLD_GENUS_BACKBONE
AY298702.1	Sphagnum teres	Sphagnum teres	Sphagnum teres	Bryophyta	Sphagnopsida	Sphagnales	Sphagnaceae	Sphagnum	BOLD_GENUS_BACKBONE
AF193722.1	Sphagnum warnstorfii	Sphagnum warnstorfii	Sphagnum warnstorfii	Bryophyta	Sphagnopsida	Sphagnales	Sphagnaceae	Sphagnum	BOLD_GENUS_BACKBONE
AY298409.1	Sphagnum warnstorfii	Sphagnum warnstorfii	Sphagnum warnstorfii	Bryophyta	Sphagnopsida	Sphagnales	Sphagnaceae	Sphagnum	BOLD_GENUS_BACKBONE
AY298712.1	Sphagnum warnstorfii	Sphagnum warnstorfii	Sphagnum warnstorfii	Bryophyta	Sphagnopsida	Sphagnales	Sphagnaceae	Sphagnum	BOLD_GENUS_BACKBONE
AY298713.1	Sphagnum warnstorfii	Sphagnum warnstorfii	Sphagnum warnstorfii	Bryophyta	Sphagnopsida	Sphagnales	Sphagnaceae	Sphagnum	BOLD_GENUS_BACKBONE
AY298714.1	Sphagnum warnstorfii	Sphagnum warnstorfii	Sphagnum warnstorfii	Bryophyta	Sphagnopsida	Sphagnales	Sphagnaceae	Sphagnum	BOLD_GENUS_BACKBONE
AY298715.1	Sphagnum warnstorfii	Sphagnum warnstorfii	Sphagnum warnstorfii	Bryophyta	Sphagnopsida	Sphagnales	Sphagnaceae	Sphagnum	BOLD_GENUS_BACKBONE
AY298716.1	Sphagnum warnstorfii	Sphagnum warnstorfii	Sphagnum warnstorfii	Bryophyta	Sphagnopsida	Sphagnales	Sphagnaceae	Sphagnum	BOLD_GENUS_BACKBONE
AY298717.1	Sphagnum warnstorfii	Sphagnum warnstorfii	Sphagnum warnstorfii	Bryophyta	Sphagnopsida	Sphagnales	Sphagnaceae	Sphagnum	BOLD_GENUS_BACKBONE
AY346517.1	Sphagnum warnstorfii	Sphagnum warnstorfii	Sphagnum warnstorfii	Bryophyta	Sphagnopsida	Sphagnales	Sphagnaceae	Sphagnum	BOLD_GENUS_BACKBONE
AY346518.1	Sphagnum warnstorfii	Sphagnum warnstorfii	Sphagnum warnstorfii	Bryophyta	Sphagnopsida	Sphagnales	Sphagnaceae	Sphagnum	BOLD_GENUS_BACKBONE
AY346519.1	Sphagnum warnstorfii	Sphagnum warnstorfii	Sphagnum warnstorfii	Bryophyta	Sphagnopsida	Sphagnales	Sphagnaceae	Sphagnum	BOLD_GENUS_BACKBONE
KC573838.1	Spirodela polyrhiza	Spirodela polyrhiza	Spirodela polyrhiza	Streptophyta	Magnoliopsida	Alismatales	Araceae	Spirodela	NCBI_LINEAGE
KC573839.1	Spirodela polyrhiza	Spirodela polyrhiza	Spirodela polyrhiza	Streptophyta	Magnoliopsida	Alismatales	Araceae	Spirodela	NCBI_LINEAGE
KM453657.1	Spirogyra communis	Spirogyra communis	Spirogyra communis	Streptophyta	Zygnematophyceae	Spirogyrales	Spirogyraceae	Spirogyra	NCBI_LINEAGE
KM453656.1	Spirogyra gracilis	Spirogyra gracilis	Spirogyra gracilis	Streptophyta	Zygnematophyceae	Spirogyrales	Spirogyraceae	Spirogyra	NCBI_LINEAGE
KR349383.1	Staphylea pinnata	Staphylea pinnata	Staphylea pinnata	Streptophyta	Magnoliopsida	Crossosomatales	Staphyleaceae	Staphylea	NCBI_LINEAGE
KR349384.1	Staphylea pinnata	Staphylea pinnata	Staphylea pinnata	Streptophyta	Magnoliopsida	Crossosomatales	Staphyleaceae	Staphylea	NCBI_LINEAGE
KR349385.1	Staphylea pinnata	Staphylea pinnata	Staphylea pinnata	Streptophyta	Magnoliopsida	Crossosomatales	Staphyleaceae	Staphylea	NCBI_LINEAGE
KR349386.1	Staphylea pinnata	Staphylea pinnata	Staphylea pinnata	Streptophyta	Magnoliopsida	Crossosomatales	Staphyleaceae	Staphylea	NCBI_LINEAGE
KR349387.1	Staphylea pinnata	Staphylea pinnata	Staphylea pinnata	Streptophyta	Magnoliopsida	Crossosomatales	Staphyleaceae	Staphylea	NCBI_LINEAGE
KR349388.1	Staphylea pinnata	Staphylea pinnata	Staphylea pinnata	Streptophyta	Magnoliopsida	Crossosomatales	Staphyleaceae	Staphylea	NCBI_LINEAGE
KR349389.1	Staphylea pinnata	Staphylea pinnata	Staphylea pinnata	Streptophyta	Magnoliopsida	Crossosomatales	Staphyleaceae	Staphylea	NCBI_LINEAGE
KR349390.1	Staphylea pinnata	Staphylea pinnata	Staphylea pinnata	Streptophyta	Magnoliopsida	Crossosomatales	Staphyleaceae	Staphylea	NCBI_LINEAGE
KR349391.1	Staphylea pinnata	Staphylea pinnata	Staphylea pinnata	Streptophyta	Magnoliopsida	Crossosomatales	Staphyleaceae	Staphylea	NCBI_LINEAGE
KR349392.1	Staphylea pinnata	Staphylea pinnata	Staphylea pinnata	Streptophyta	Magnoliopsida	Crossosomatales	Staphyleaceae	Staphylea	NCBI_LINEAGE
KR349393.1	Staphylea pinnata	Staphylea pinnata	Staphylea pinnata	Streptophyta	Magnoliopsida	Crossosomatales	Staphyleaceae	Staphylea	NCBI_LINEAGE
KR349394.1	Staphylea pinnata	Staphylea pinnata	Staphylea pinnata	Streptophyta	Magnoliopsida	Crossosomatales	Staphyleaceae	Staphylea	NCBI_LINEAGE
KR349395.1	Staphylea pinnata	Staphylea pinnata	Staphylea pinnata	Streptophyta	Magnoliopsida	Crossosomatales	Staphyleaceae	Staphylea	NCBI_LINEAGE
KR349396.1	Staphylea pinnata	Staphylea pinnata	Staphylea pinnata	Streptophyta	Magnoliopsida	Crossosomatales	Staphyleaceae	Staphylea	NCBI_LINEAGE
KR349397.1	Staphylea pinnata	Staphylea pinnata	Staphylea pinnata	Streptophyta	Magnoliopsida	Crossosomatales	Staphyleaceae	Staphylea	NCBI_LINEAGE
KR349398.1	Staphylea pinnata	Staphylea pinnata	Staphylea pinnata	Streptophyta	Magnoliopsida	Crossosomatales	Staphyleaceae	Staphylea	NCBI_LINEAGE
KR349399.1	Staphylea pinnata	Staphylea pinnata	Staphylea pinnata	Streptophyta	Magnoliopsida	Crossosomatales	Staphyleaceae	Staphylea	NCBI_LINEAGE
KR349400.1	Staphylea pinnata	Staphylea pinnata	Staphylea pinnata	Streptophyta	Magnoliopsida	Crossosomatales	Staphyleaceae	Staphylea	NCBI_LINEAGE
KR349401.1	Staphylea pinnata	Staphylea pinnata	Staphylea pinnata	Streptophyta	Magnoliopsida	Crossosomatales	Staphyleaceae	Staphylea	NCBI_LINEAGE
KR349402.1	Staphylea pinnata	Staphylea pinnata	Staphylea pinnata	Streptophyta	Magnoliopsida	Crossosomatales	Staphyleaceae	Staphylea	NCBI_LINEAGE
KR349403.1	Staphylea pinnata	Staphylea pinnata	Staphylea pinnata	Streptophyta	Magnoliopsida	Crossosomatales	Staphyleaceae	Staphylea	NCBI_LINEAGE
KR349404.1	Staphylea pinnata	Staphylea pinnata	Staphylea pinnata	Streptophyta	Magnoliopsida	Crossosomatales	Staphyleaceae	Staphylea	NCBI_LINEAGE
KR349405.1	Staphylea pinnata	Staphylea pinnata	Staphylea pinnata	Streptophyta	Magnoliopsida	Crossosomatales	Staphyleaceae	Staphylea	NCBI_LINEAGE
KR349406.1	Staphylea pinnata	Staphylea pinnata	Staphylea pinnata	Streptophyta	Magnoliopsida	Crossosomatales	Staphyleaceae	Staphylea	NCBI_LINEAGE
KR349407.1	Staphylea pinnata	Staphylea pinnata	Staphylea pinnata	Streptophyta	Magnoliopsida	Crossosomatales	Staphyleaceae	Staphylea	NCBI_LINEAGE
KR349408.1	Staphylea pinnata	Staphylea pinnata	Staphylea pinnata	Streptophyta	Magnoliopsida	Crossosomatales	Staphyleaceae	Staphylea	NCBI_LINEAGE
KR349409.1	Staphylea pinnata	Staphylea pinnata	Staphylea pinnata	Streptophyta	Magnoliopsida	Crossosomatales	Staphyleaceae	Staphylea	NCBI_LINEAGE
KR349410.1	Staphylea pinnata	Staphylea pinnata	Staphylea pinnata	Streptophyta	Magnoliopsida	Crossosomatales	Staphyleaceae	Staphylea	NCBI_LINEAGE
KR349411.1	Staphylea pinnata	Staphylea pinnata	Staphylea pinnata	Streptophyta	Magnoliopsida	Crossosomatales	Staphyleaceae	Staphylea	NCBI_LINEAGE
KR349412.1	Staphylea pinnata	Staphylea pinnata	Staphylea pinnata	Streptophyta	Magnoliopsida	Crossosomatales	Staphyleaceae	Staphylea	NCBI_LINEAGE
KR349413.1	Staphylea pinnata	Staphylea pinnata	Staphylea pinnata	Streptophyta	Magnoliopsida	Crossosomatales	Staphyleaceae	Staphylea	NCBI_LINEAGE
KR349414.1	Staphylea pinnata	Staphylea pinnata	Staphylea pinnata	Streptophyta	Magnoliopsida	Crossosomatales	Staphyleaceae	Staphylea	NCBI_LINEAGE
KR349415.1	Staphylea pinnata	Staphylea pinnata	Staphylea pinnata	Streptophyta	Magnoliopsida	Crossosomatales	Staphyleaceae	Staphylea	NCBI_LINEAGE
KR349416.1	Staphylea pinnata	Staphylea pinnata	Staphylea pinnata	Streptophyta	Magnoliopsida	Crossosomatales	Staphyleaceae	Staphylea	NCBI_LINEAGE
KR349417.1	Staphylea pinnata	Staphylea pinnata	Staphylea pinnata	Streptophyta	Magnoliopsida	Crossosomatales	Staphyleaceae	Staphylea	NCBI_LINEAGE
KR349418.1	Staphylea pinnata	Staphylea pinnata	Staphylea pinnata	Streptophyta	Magnoliopsida	Crossosomatales	Staphyleaceae	Staphylea	NCBI_LINEAGE
KR349419.1	Staphylea pinnata	Staphylea pinnata	Staphylea pinnata	Streptophyta	Magnoliopsida	Crossosomatales	Staphyleaceae	Staphylea	NCBI_LINEAGE
KR349420.1	Staphylea pinnata	Staphylea pinnata	Staphylea pinnata	Streptophyta	Magnoliopsida	Crossosomatales	Staphyleaceae	Staphylea	NCBI_LINEAGE
KR349421.1	Staphylea pinnata	Staphylea pinnata	Staphylea pinnata	Streptophyta	Magnoliopsida	Crossosomatales	Staphyleaceae	Staphylea	NCBI_LINEAGE
KR349422.1	Staphylea pinnata	Staphylea pinnata	Staphylea pinnata	Streptophyta	Magnoliopsida	Crossosomatales	Staphyleaceae	Staphylea	NCBI_LINEAGE
KR349423.1	Staphylea pinnata	Staphylea pinnata	Staphylea pinnata	Streptophyta	Magnoliopsida	Crossosomatales	Staphyleaceae	Staphylea	NCBI_LINEAGE
KR349424.1	Staphylea pinnata	Staphylea pinnata	Staphylea pinnata	Streptophyta	Magnoliopsida	Crossosomatales	Staphyleaceae	Staphylea	NCBI_LINEAGE
KR349425.1	Staphylea pinnata	Staphylea pinnata	Staphylea pinnata	Streptophyta	Magnoliopsida	Crossosomatales	Staphyleaceae	Staphylea	NCBI_LINEAGE
KR349426.1	Staphylea pinnata	Staphylea pinnata	Staphylea pinnata	Streptophyta	Magnoliopsida	Crossosomatales	Staphyleaceae	Staphylea	NCBI_LINEAGE
KR349427.1	Staphylea pinnata	Staphylea pinnata	Staphylea pinnata	Streptophyta	Magnoliopsida	Crossosomatales	Staphyleaceae	Staphylea	NCBI_LINEAGE
KR349428.1	Staphylea pinnata	Staphylea pinnata	Staphylea pinnata	Streptophyta	Magnoliopsida	Crossosomatales	Staphyleaceae	Staphylea	NCBI_LINEAGE
KR349429.1	Staphylea pinnata	Staphylea pinnata	Staphylea pinnata	Streptophyta	Magnoliopsida	Crossosomatales	Staphyleaceae	Staphylea	NCBI_LINEAGE
KR349430.1	Staphylea pinnata	Staphylea pinnata	Staphylea pinnata	Streptophyta	Magnoliopsida	Crossosomatales	Staphyleaceae	Staphylea	NCBI_LINEAGE
KR349431.1	Staphylea pinnata	Staphylea pinnata	Staphylea pinnata	Streptophyta	Magnoliopsida	Crossosomatales	Staphyleaceae	Staphylea	NCBI_LINEAGE
KR349432.1	Staphylea pinnata	Staphylea pinnata	Staphylea pinnata	Streptophyta	Magnoliopsida	Crossosomatales	Staphyleaceae	Staphylea	NCBI_LINEAGE
KR349433.1	Staphylea pinnata	Staphylea pinnata	Staphylea pinnata	Streptophyta	Magnoliopsida	Crossosomatales	Staphyleaceae	Staphylea	NCBI_LINEAGE
KR349434.1	Staphylea pinnata	Staphylea pinnata	Staphylea pinnata	Streptophyta	Magnoliopsida	Crossosomatales	Staphyleaceae	Staphylea	NCBI_LINEAGE
KR349435.1	Staphylea pinnata	Staphylea pinnata	Staphylea pinnata	Streptophyta	Magnoliopsida	Crossosomatales	Staphyleaceae	Staphylea	NCBI_LINEAGE
AY577755.1	Stauridium tetras	Stauridium tetras	Stauridium tetras	Chlorophyta	Chlorophyceae	Sphaeropleales	Hydrodictyaceae	Stauridium	NCBI_LINEAGE
AY577760.1	Stauridium tetras	Stauridium tetras	Stauridium tetras	Chlorophyta	Chlorophyceae	Sphaeropleales	Hydrodictyaceae	Stauridium	NCBI_LINEAGE
AY577761.1	Stauridium tetras	Stauridium tetras	Stauridium tetras	Chlorophyta	Chlorophyceae	Sphaeropleales	Hydrodictyaceae	Stauridium	NCBI_LINEAGE
AY577762.1	Stauridium tetras	Stauridium tetras	Stauridium tetras	Chlorophyta	Chlorophyceae	Sphaeropleales	Hydrodictyaceae	Stauridium	NCBI_LINEAGE
AY779869.1	Stauridium tetras	Stauridium tetras	Stauridium tetras	Chlorophyta	Chlorophyceae	Sphaeropleales	Hydrodictyaceae	Stauridium	NCBI_LINEAGE
AY779870.1	Stauridium tetras	Stauridium tetras	Stauridium tetras	Chlorophyta	Chlorophyceae	Sphaeropleales	Hydrodictyaceae	Stauridium	NCBI_LINEAGE
AY780656.1	Stauridium tetras	Stauridium tetras	Stauridium tetras	Chlorophyta	Chlorophyceae	Sphaeropleales	Hydrodictyaceae	Stauridium	NCBI_LINEAGE
HM021313.1	Stauridium tetras	Stauridium tetras	Stauridium tetras	Chlorophyta	Chlorophyceae	Sphaeropleales	Hydrodictyaceae	Stauridium	NCBI_LINEAGE
HM021314.1	Stauridium tetras	Stauridium tetras	Stauridium tetras	Chlorophyta	Chlorophyceae	Sphaeropleales	Hydrodictyaceae	Stauridium	NCBI_LINEAGE
HM021315.1	Stauridium tetras	Stauridium tetras	Stauridium tetras	Chlorophyta	Chlorophyceae	Sphaeropleales	Hydrodictyaceae	Stauridium	NCBI_LINEAGE
HM021316.1	Stauridium tetras	Stauridium tetras	Stauridium tetras	Chlorophyta	Chlorophyceae	Sphaeropleales	Hydrodictyaceae	Stauridium	NCBI_LINEAGE
HM021317.1	Stauridium tetras	Stauridium tetras	Stauridium tetras	Chlorophyta	Chlorophyceae	Sphaeropleales	Hydrodictyaceae	Stauridium	NCBI_LINEAGE
KP726271.1	Stauridium tetras	Stauridium tetras	Stauridium tetras	Chlorophyta	Chlorophyceae	Sphaeropleales	Hydrodictyaceae	Stauridium	NCBI_LINEAGE
KX183995.1	Stellaria holostea	Rabelera holostea	Rabelera holostea	Streptophyta	Magnoliopsida	Caryophyllales	Caryophyllaceae	Rabelera	NCBI_LINEAGE
KX183996.1	Stellaria holostea	Rabelera holostea	Rabelera holostea	Streptophyta	Magnoliopsida	Caryophyllales	Caryophyllaceae	Rabelera	NCBI_LINEAGE
KX183997.1	Stellaria holostea	Rabelera holostea	Rabelera holostea	Streptophyta	Magnoliopsida	Caryophyllales	Caryophyllaceae	Rabelera	NCBI_LINEAGE
GU254623.1	Stipa eriocaulis	Stipa pennata subsp. eriocaulis	Stipa pennata	Streptophyta	Magnoliopsida	Poales	Poaceae	Stipa	NCBI_LINEAGE
KP175253.1	Symphyotrichum squamatum	Symphyotrichum subulatum var. squamatum	Symphyotrichum subulatum	Tracheophyta	Magnoliopsida	Asterales	Asteraceae	Symphyotrichum	BOLD_GENUS_BACKBONE
GQ285235.1	Symphytum bulbosum	Symphytum bulbosum	Symphytum bulbosum	Tracheophyta	Magnoliopsida	Boraginales	Boraginaceae	Symphytum	BOLD_GENUS_BACKBONE
AF413576.1	Tagetes minuta	Tagetes minuta	Tagetes minuta	Tracheophyta	Magnoliopsida	Asterales	Asteraceae	Tagetes	BOLD_GENUS_BACKBONE
KC800429.1	Tagetes minuta	Tagetes minuta	Tagetes minuta	Tracheophyta	Magnoliopsida	Asterales	Asteraceae	Tagetes	BOLD_GENUS_BACKBONE
DQ862121.1	Tagetes patula	Tagetes patula	Tagetes patula	Tracheophyta	Magnoliopsida	Asterales	Asteraceae	Tagetes	BOLD_GENUS_BACKBONE
KC800425.1	Tagetes patula	Tagetes patula	Tagetes patula	Tracheophyta	Magnoliopsida	Asterales	Asteraceae	Tagetes	BOLD_GENUS_BACKBONE
KC800426.1	Tagetes patula	Tagetes patula	Tagetes patula	Tracheophyta	Magnoliopsida	Asterales	Asteraceae	Tagetes	BOLD_GENUS_BACKBONE
KY968932.1	Tagetes patula	Tagetes patula	Tagetes patula	Tracheophyta	Magnoliopsida	Asterales	Asteraceae	Tagetes	BOLD_GENUS_BACKBONE
KY968945.1	Tagetes patula	Tagetes patula	Tagetes patula	Tracheophyta	Magnoliopsida	Asterales	Asteraceae	Tagetes	BOLD_GENUS_BACKBONE
KY397508.1	Tagetes tenuifolia	Tagetes tenuifolia	Tagetes tenuifolia	Tracheophyta	Magnoliopsida	Asterales	Asteraceae	Tagetes	BOLD_GENUS_BACKBONE
MH626290.1	Tamarix dalmatica	Tamarix dalmatica	Tamarix dalmatica	Tracheophyta	Magnoliopsida	Caryophyllales	Tamaricaceae	Tamarix	BOLD_GENUS_BACKBONE
MH626291.1	Tamarix dalmatica	Tamarix dalmatica	Tamarix dalmatica	Tracheophyta	Magnoliopsida	Caryophyllales	Tamaricaceae	Tamarix	BOLD_GENUS_BACKBONE
MH626318.1	Tamarix parviflora	Tamarix parviflora	Tamarix parviflora	Tracheophyta	Magnoliopsida	Caryophyllales	Tamaricaceae	Tamarix	BOLD_GENUS_BACKBONE
MH626319.1	Tamarix parviflora	Tamarix parviflora	Tamarix parviflora	Tracheophyta	Magnoliopsida	Caryophyllales	Tamaricaceae	Tamarix	BOLD_GENUS_BACKBONE
AY548211.1	Taraxacum officinale	Taraxacum officinale	Taraxacum officinale	Tracheophyta	Magnoliopsida	Asterales	Asteraceae	Taraxacum	BOLD_GENUS_BACKBONE
AY862576.1	Taraxacum officinale	Taraxacum officinale	Taraxacum officinale	Tracheophyta	Magnoliopsida	Asterales	Asteraceae	Taraxacum	BOLD_GENUS_BACKBONE
AY862583.1	Taraxacum officinale	Taraxacum officinale	Taraxacum officinale	Tracheophyta	Magnoliopsida	Asterales	Asteraceae	Taraxacum	BOLD_GENUS_BACKBONE
HQ161934.1	Taraxacum officinale	Taraxacum officinale	Taraxacum officinale	Tracheophyta	Magnoliopsida	Asterales	Asteraceae	Taraxacum	BOLD_GENUS_BACKBONE
JQ230979.1	Taraxacum officinale	Taraxacum officinale	Taraxacum officinale	Tracheophyta	Magnoliopsida	Asterales	Asteraceae	Taraxacum	BOLD_GENUS_BACKBONE
KT249880.1	Taraxacum officinale	Taraxacum officinale	Taraxacum officinale	Tracheophyta	Magnoliopsida	Asterales	Asteraceae	Taraxacum	BOLD_GENUS_BACKBONE
KT249883.1	Taraxacum officinale	Taraxacum officinale	Taraxacum officinale	Tracheophyta	Magnoliopsida	Asterales	Asteraceae	Taraxacum	BOLD_GENUS_BACKBONE
KT249884.1	Taraxacum officinale	Taraxacum officinale	Taraxacum officinale	Tracheophyta	Magnoliopsida	Asterales	Asteraceae	Taraxacum	BOLD_GENUS_BACKBONE
L48338.1	Taraxacum officinale	Taraxacum officinale	Taraxacum officinale	Tracheophyta	Magnoliopsida	Asterales	Asteraceae	Taraxacum	BOLD_GENUS_BACKBONE
MK950964.1	Taraxacum officinale	Taraxacum officinale	Taraxacum officinale	Tracheophyta	Magnoliopsida	Asterales	Asteraceae	Taraxacum	BOLD_GENUS_BACKBONE
MK951002.1	Taraxacum officinale	Taraxacum officinale	Taraxacum officinale	Tracheophyta	Magnoliopsida	Asterales	Asteraceae	Taraxacum	BOLD_GENUS_BACKBONE
MT856981.1	Taraxacum officinale	Taraxacum officinale	Taraxacum officinale	Tracheophyta	Magnoliopsida	Asterales	Asteraceae	Taraxacum	BOLD_GENUS_BACKBONE
MT856982.1	Taraxacum officinale	Taraxacum officinale	Taraxacum officinale	Tracheophyta	Magnoliopsida	Asterales	Asteraceae	Taraxacum	BOLD_GENUS_BACKBONE
OR400875.1	Taraxacum officinale	Taraxacum officinale	Taraxacum officinale	Tracheophyta	Magnoliopsida	Asterales	Asteraceae	Taraxacum	BOLD_GENUS_BACKBONE
OR400876.1	Taraxacum officinale	Taraxacum officinale	Taraxacum officinale	Tracheophyta	Magnoliopsida	Asterales	Asteraceae	Taraxacum	BOLD_GENUS_BACKBONE
PZ148338.1	Taraxacum officinale	Taraxacum officinale	Taraxacum officinale	Tracheophyta	Magnoliopsida	Asterales	Asteraceae	Taraxacum	BOLD_GENUS_BACKBONE
AB917100.1	Tetradesmus obliquus	Tetradesmus obliquus	Tetradesmus obliquus	Chlorophyta	Chlorophyceae	Sphaeropleales	Scenedesmaceae	Tetradesmus	NCBI_LINEAGE
AB917101.1	Tetradesmus obliquus	Tetradesmus obliquus	Tetradesmus obliquus	Chlorophyta	Chlorophyceae	Sphaeropleales	Scenedesmaceae	Tetradesmus	NCBI_LINEAGE
AB917114.1	Tetradesmus obliquus	Tetradesmus obliquus	Tetradesmus obliquus	Chlorophyta	Chlorophyceae	Sphaeropleales	Scenedesmaceae	Tetradesmus	NCBI_LINEAGE
AB917115.1	Tetradesmus obliquus	Tetradesmus obliquus	Tetradesmus obliquus	Chlorophyta	Chlorophyceae	Sphaeropleales	Scenedesmaceae	Tetradesmus	NCBI_LINEAGE
AB917117.1	Tetradesmus obliquus	Tetradesmus obliquus	Tetradesmus obliquus	Chlorophyta	Chlorophyceae	Sphaeropleales	Scenedesmaceae	Tetradesmus	NCBI_LINEAGE
AB917118.1	Tetradesmus obliquus	Tetradesmus obliquus	Tetradesmus obliquus	Chlorophyta	Chlorophyceae	Sphaeropleales	Scenedesmaceae	Tetradesmus	NCBI_LINEAGE
AB917120.1	Tetradesmus obliquus	Tetradesmus obliquus	Tetradesmus obliquus	Chlorophyta	Chlorophyceae	Sphaeropleales	Scenedesmaceae	Tetradesmus	NCBI_LINEAGE
AB917121.1	Tetradesmus obliquus	Tetradesmus obliquus	Tetradesmus obliquus	Chlorophyta	Chlorophyceae	Sphaeropleales	Scenedesmaceae	Tetradesmus	NCBI_LINEAGE
AB917122.1	Tetradesmus obliquus	Tetradesmus obliquus	Tetradesmus obliquus	Chlorophyta	Chlorophyceae	Sphaeropleales	Scenedesmaceae	Tetradesmus	NCBI_LINEAGE
AB917124.1	Tetradesmus obliquus	Tetradesmus obliquus	Tetradesmus obliquus	Chlorophyta	Chlorophyceae	Sphaeropleales	Scenedesmaceae	Tetradesmus	NCBI_LINEAGE
AB917125.1	Tetradesmus obliquus	Tetradesmus obliquus	Tetradesmus obliquus	Chlorophyta	Chlorophyceae	Sphaeropleales	Scenedesmaceae	Tetradesmus	NCBI_LINEAGE
AB917126.1	Tetradesmus obliquus	Tetradesmus obliquus	Tetradesmus obliquus	Chlorophyta	Chlorophyceae	Sphaeropleales	Scenedesmaceae	Tetradesmus	NCBI_LINEAGE
AB917127.1	Tetradesmus obliquus	Tetradesmus obliquus	Tetradesmus obliquus	Chlorophyta	Chlorophyceae	Sphaeropleales	Scenedesmaceae	Tetradesmus	NCBI_LINEAGE
JQ082316.1	Tetradesmus obliquus	Tetradesmus obliquus var. dactylococcoides	Tetradesmus obliquus	Chlorophyta	Chlorophyceae	Sphaeropleales	Scenedesmaceae	Tetradesmus	NCBI_LINEAGE
JQ082317.1	Tetradesmus obliquus	Tetradesmus obliquus var. dactylococcoides	Tetradesmus obliquus	Chlorophyta	Chlorophyceae	Sphaeropleales	Scenedesmaceae	Tetradesmus	NCBI_LINEAGE
JQ082318.1	Tetradesmus obliquus	Tetradesmus obliquus	Tetradesmus obliquus	Chlorophyta	Chlorophyceae	Sphaeropleales	Scenedesmaceae	Tetradesmus	NCBI_LINEAGE
JQ082319.1	Tetradesmus obliquus	Tetradesmus obliquus	Tetradesmus obliquus	Chlorophyta	Chlorophyceae	Sphaeropleales	Scenedesmaceae	Tetradesmus	NCBI_LINEAGE
JQ082324.1	Tetradesmus obliquus	Tetradesmus obliquus	Tetradesmus obliquus	Chlorophyta	Chlorophyceae	Sphaeropleales	Scenedesmaceae	Tetradesmus	NCBI_LINEAGE
JQ082333.1	Tetradesmus obliquus	Tetradesmus obliquus	Tetradesmus obliquus	Chlorophyta	Chlorophyceae	Sphaeropleales	Scenedesmaceae	Tetradesmus	NCBI_LINEAGE
JQ240279.1	Tetradesmus obliquus	Tetradesmus obliquus	Tetradesmus obliquus	Chlorophyta	Chlorophyceae	Sphaeropleales	Scenedesmaceae	Tetradesmus	NCBI_LINEAGE
JQ240286.1	Tetradesmus obliquus	Tetradesmus obliquus var. dactylococcoides	Tetradesmus obliquus	Chlorophyta	Chlorophyceae	Sphaeropleales	Scenedesmaceae	Tetradesmus	NCBI_LINEAGE
JQ684088.1	Tetradesmus obliquus	Tetradesmus obliquus	Tetradesmus obliquus	Chlorophyta	Chlorophyceae	Sphaeropleales	Scenedesmaceae	Tetradesmus	NCBI_LINEAGE
JQ684089.1	Tetradesmus obliquus	Tetradesmus obliquus	Tetradesmus obliquus	Chlorophyta	Chlorophyceae	Sphaeropleales	Scenedesmaceae	Tetradesmus	NCBI_LINEAGE
JQ684090.1	Tetradesmus obliquus	Tetradesmus obliquus	Tetradesmus obliquus	Chlorophyta	Chlorophyceae	Sphaeropleales	Scenedesmaceae	Tetradesmus	NCBI_LINEAGE
JQ684091.1	Tetradesmus obliquus	Tetradesmus obliquus	Tetradesmus obliquus	Chlorophyta	Chlorophyceae	Sphaeropleales	Scenedesmaceae	Tetradesmus	NCBI_LINEAGE
JQ684092.1	Tetradesmus obliquus	Tetradesmus obliquus	Tetradesmus obliquus	Chlorophyta	Chlorophyceae	Sphaeropleales	Scenedesmaceae	Tetradesmus	NCBI_LINEAGE
JQ684093.1	Tetradesmus obliquus	Tetradesmus obliquus	Tetradesmus obliquus	Chlorophyta	Chlorophyceae	Sphaeropleales	Scenedesmaceae	Tetradesmus	NCBI_LINEAGE
JQ684094.1	Tetradesmus obliquus	Tetradesmus obliquus	Tetradesmus obliquus	Chlorophyta	Chlorophyceae	Sphaeropleales	Scenedesmaceae	Tetradesmus	NCBI_LINEAGE
JQ684095.1	Tetradesmus obliquus	Tetradesmus obliquus	Tetradesmus obliquus	Chlorophyta	Chlorophyceae	Sphaeropleales	Scenedesmaceae	Tetradesmus	NCBI_LINEAGE
JQ684096.1	Tetradesmus obliquus	Tetradesmus obliquus	Tetradesmus obliquus	Chlorophyta	Chlorophyceae	Sphaeropleales	Scenedesmaceae	Tetradesmus	NCBI_LINEAGE
JQ684097.1	Tetradesmus obliquus	Tetradesmus obliquus	Tetradesmus obliquus	Chlorophyta	Chlorophyceae	Sphaeropleales	Scenedesmaceae	Tetradesmus	NCBI_LINEAGE
JQ684098.1	Tetradesmus obliquus	Tetradesmus obliquus	Tetradesmus obliquus	Chlorophyta	Chlorophyceae	Sphaeropleales	Scenedesmaceae	Tetradesmus	NCBI_LINEAGE
JX519262.1	Tetradesmus obliquus	Tetradesmus obliquus	Tetradesmus obliquus	Chlorophyta	Chlorophyceae	Sphaeropleales	Scenedesmaceae	Tetradesmus	NCBI_LINEAGE
KC800949.1	Tetradesmus obliquus	Tetradesmus obliquus	Tetradesmus obliquus	Chlorophyta	Chlorophyceae	Sphaeropleales	Scenedesmaceae	Tetradesmus	NCBI_LINEAGE
KF644443.1	Tetradesmus obliquus	Tetradesmus obliquus	Tetradesmus obliquus	Chlorophyta	Chlorophyceae	Sphaeropleales	Scenedesmaceae	Tetradesmus	NCBI_LINEAGE
KF887342.1	Tetradesmus obliquus	Tetradesmus obliquus	Tetradesmus obliquus	Chlorophyta	Chlorophyceae	Sphaeropleales	Scenedesmaceae	Tetradesmus	NCBI_LINEAGE
KJ676129.1	Tetradesmus obliquus	Tetradesmus obliquus	Tetradesmus obliquus	Chlorophyta	Chlorophyceae	Sphaeropleales	Scenedesmaceae	Tetradesmus	NCBI_LINEAGE
KP645231.1	Tetradesmus obliquus	Tetradesmus obliquus	Tetradesmus obliquus	Chlorophyta	Chlorophyceae	Sphaeropleales	Scenedesmaceae	Tetradesmus	NCBI_LINEAGE
KP645233.1	Tetradesmus obliquus	Tetradesmus obliquus	Tetradesmus obliquus	Chlorophyta	Chlorophyceae	Sphaeropleales	Scenedesmaceae	Tetradesmus	NCBI_LINEAGE
KP645234.1	Tetradesmus obliquus	Tetradesmus obliquus	Tetradesmus obliquus	Chlorophyta	Chlorophyceae	Sphaeropleales	Scenedesmaceae	Tetradesmus	NCBI_LINEAGE
KP726267.1	Tetradesmus obliquus	Tetradesmus obliquus	Tetradesmus obliquus	Chlorophyta	Chlorophyceae	Sphaeropleales	Scenedesmaceae	Tetradesmus	NCBI_LINEAGE
KP726268.1	Tetradesmus obliquus	Tetradesmus obliquus	Tetradesmus obliquus	Chlorophyta	Chlorophyceae	Sphaeropleales	Scenedesmaceae	Tetradesmus	NCBI_LINEAGE
KP726269.1	Tetradesmus obliquus	Tetradesmus obliquus	Tetradesmus obliquus	Chlorophyta	Chlorophyceae	Sphaeropleales	Scenedesmaceae	Tetradesmus	NCBI_LINEAGE
KT581423.1	Tetradesmus obliquus	Tetradesmus obliquus	Tetradesmus obliquus	Chlorophyta	Chlorophyceae	Sphaeropleales	Scenedesmaceae	Tetradesmus	NCBI_LINEAGE
KX427161.1	Tetradesmus obliquus	Tetradesmus obliquus	Tetradesmus obliquus	Chlorophyta	Chlorophyceae	Sphaeropleales	Scenedesmaceae	Tetradesmus	NCBI_LINEAGE
KX530785.1	Tetradesmus obliquus	Tetradesmus obliquus	Tetradesmus obliquus	Chlorophyta	Chlorophyceae	Sphaeropleales	Scenedesmaceae	Tetradesmus	NCBI_LINEAGE
MT270137.1	Tetradesmus obliquus	Tetradesmus obliquus	Tetradesmus obliquus	Chlorophyta	Chlorophyceae	Sphaeropleales	Scenedesmaceae	Tetradesmus	NCBI_LINEAGE
PP937764.1	Tetradesmus obliquus	Tetradesmus obliquus	Tetradesmus obliquus	Chlorophyta	Chlorophyceae	Sphaeropleales	Scenedesmaceae	Tetradesmus	NCBI_LINEAGE
PQ490564.1	Tetradesmus obliquus	Tetradesmus obliquus	Tetradesmus obliquus	Chlorophyta	Chlorophyceae	Sphaeropleales	Scenedesmaceae	Tetradesmus	NCBI_LINEAGE
PZ019997.1	Tetradesmus obliquus	Tetradesmus obliquus f. rectilineare	Tetradesmus obliquus	Chlorophyta	Chlorophyceae	Sphaeropleales	Scenedesmaceae	Tetradesmus	NCBI_LINEAGE
PZ019998.1	Tetradesmus obliquus	Tetradesmus obliquus f. rectilineare	Tetradesmus obliquus	Chlorophyta	Chlorophyceae	Sphaeropleales	Scenedesmaceae	Tetradesmus	NCBI_LINEAGE
PZ019999.1	Tetradesmus obliquus	Tetradesmus obliquus f. rectilineare	Tetradesmus obliquus	Chlorophyta	Chlorophyceae	Sphaeropleales	Scenedesmaceae	Tetradesmus	NCBI_LINEAGE
PZ020000.1	Tetradesmus obliquus	Tetradesmus obliquus	Tetradesmus obliquus	Chlorophyta	Chlorophyceae	Sphaeropleales	Scenedesmaceae	Tetradesmus	NCBI_LINEAGE
PZ020001.1	Tetradesmus obliquus	Tetradesmus obliquus	Tetradesmus obliquus	Chlorophyta	Chlorophyceae	Sphaeropleales	Scenedesmaceae	Tetradesmus	NCBI_LINEAGE
PZ020002.1	Tetradesmus obliquus	Tetradesmus obliquus	Tetradesmus obliquus	Chlorophyta	Chlorophyceae	Sphaeropleales	Scenedesmaceae	Tetradesmus	NCBI_LINEAGE
PZ020004.1	Tetradesmus obliquus	Tetradesmus obliquus	Tetradesmus obliquus	Chlorophyta	Chlorophyceae	Sphaeropleales	Scenedesmaceae	Tetradesmus	NCBI_LINEAGE
AF218505.1	Tetragonolobus maritimus	Lotus maritimus	Lotus maritimus	Tracheophyta	Magnoliopsida	Fabales	Fabaceae	Lotus	BOLD_GENUS_BACKBONE
KT250891.1	Tetragonolobus maritimus	Lotus maritimus	Lotus maritimus	Tracheophyta	Magnoliopsida	Fabales	Fabaceae	Lotus	BOLD_GENUS_BACKBONE
HQ646955.1	Teucrium flavum	Teucrium flavum subsp. glaucum	Teucrium flavum	Tracheophyta	Magnoliopsida	Lamiales	Lamiaceae	Teucrium	BOLD_GENUS_BACKBONE
HQ646956.1	Teucrium flavum	Teucrium flavum subsp. glaucum	Teucrium flavum	Tracheophyta	Magnoliopsida	Lamiales	Lamiaceae	Teucrium	BOLD_GENUS_BACKBONE
HQ646957.1	Teucrium flavum	Teucrium flavum subsp. glaucum	Teucrium flavum	Tracheophyta	Magnoliopsida	Lamiales	Lamiaceae	Teucrium	BOLD_GENUS_BACKBONE
HQ646958.1	Teucrium flavum	Teucrium flavum subsp. glaucum	Teucrium flavum	Tracheophyta	Magnoliopsida	Lamiales	Lamiaceae	Teucrium	BOLD_GENUS_BACKBONE
HQ646959.1	Teucrium flavum	Teucrium flavum subsp. glaucum	Teucrium flavum	Tracheophyta	Magnoliopsida	Lamiales	Lamiaceae	Teucrium	BOLD_GENUS_BACKBONE
HQ646960.1	Teucrium flavum	Teucrium flavum subsp. glaucum	Teucrium flavum	Tracheophyta	Magnoliopsida	Lamiales	Lamiaceae	Teucrium	BOLD_GENUS_BACKBONE
HQ646961.1	Teucrium flavum	Teucrium flavum subsp. glaucum	Teucrium flavum	Tracheophyta	Magnoliopsida	Lamiales	Lamiaceae	Teucrium	BOLD_GENUS_BACKBONE
HQ646962.1	Teucrium flavum	Teucrium flavum subsp. glaucum	Teucrium flavum	Tracheophyta	Magnoliopsida	Lamiales	Lamiaceae	Teucrium	BOLD_GENUS_BACKBONE
HQ646963.1	Teucrium flavum	Teucrium flavum subsp. glaucum	Teucrium flavum	Tracheophyta	Magnoliopsida	Lamiales	Lamiaceae	Teucrium	BOLD_GENUS_BACKBONE
HQ646964.1	Teucrium flavum	Teucrium flavum subsp. glaucum	Teucrium flavum	Tracheophyta	Magnoliopsida	Lamiales	Lamiaceae	Teucrium	BOLD_GENUS_BACKBONE
HQ646965.1	Teucrium flavum	Teucrium flavum subsp. flavum	Teucrium flavum	Tracheophyta	Magnoliopsida	Lamiales	Lamiaceae	Teucrium	BOLD_GENUS_BACKBONE
HQ646966.1	Teucrium flavum	Teucrium flavum subsp. flavum	Teucrium flavum	Tracheophyta	Magnoliopsida	Lamiales	Lamiaceae	Teucrium	BOLD_GENUS_BACKBONE
HQ646967.1	Teucrium flavum	Teucrium flavum subsp. flavum	Teucrium flavum	Tracheophyta	Magnoliopsida	Lamiales	Lamiaceae	Teucrium	BOLD_GENUS_BACKBONE
JN575355.1	Teucrium flavum	Teucrium flavum subsp. glaucum	Teucrium flavum	Tracheophyta	Magnoliopsida	Lamiales	Lamiaceae	Teucrium	BOLD_GENUS_BACKBONE
AY154815.1	Thlaspi cepaeifolium	Noccaea cepaeifolia	Noccaea cepaeifolia	Streptophyta	Magnoliopsida	Brassicales	Brassicaceae	Noccaea	NCBI_LINEAGE
AY154810.1	Thlaspi perfoliatum	Microthlaspi perfoliatum	Microthlaspi perfoliatum	Streptophyta	Magnoliopsida	Brassicales	Brassicaceae	Microthlaspi	NCBI_LINEAGE
FM164567.1	Thlaspi perfoliatum	Microthlaspi perfoliatum	Microthlaspi perfoliatum	Streptophyta	Magnoliopsida	Brassicales	Brassicaceae	Microthlaspi	NCBI_LINEAGE
KF022704.1	Thlaspi perfoliatum	Microthlaspi perfoliatum	Microthlaspi perfoliatum	Streptophyta	Magnoliopsida	Brassicales	Brassicaceae	Microthlaspi	NCBI_LINEAGE
KP163735.1	Thlaspi perfoliatum	Microthlaspi perfoliatum	Microthlaspi perfoliatum	Streptophyta	Magnoliopsida	Brassicales	Brassicaceae	Microthlaspi	NCBI_LINEAGE
KP163736.1	Thlaspi perfoliatum	Microthlaspi perfoliatum	Microthlaspi perfoliatum	Streptophyta	Magnoliopsida	Brassicales	Brassicaceae	Microthlaspi	NCBI_LINEAGE
KP163737.1	Thlaspi perfoliatum	Microthlaspi perfoliatum	Microthlaspi perfoliatum	Streptophyta	Magnoliopsida	Brassicales	Brassicaceae	Microthlaspi	NCBI_LINEAGE
KP163738.1	Thlaspi perfoliatum	Microthlaspi perfoliatum	Microthlaspi perfoliatum	Streptophyta	Magnoliopsida	Brassicales	Brassicaceae	Microthlaspi	NCBI_LINEAGE
KP163739.1	Thlaspi perfoliatum	Microthlaspi perfoliatum	Microthlaspi perfoliatum	Streptophyta	Magnoliopsida	Brassicales	Brassicaceae	Microthlaspi	NCBI_LINEAGE
KP163740.1	Thlaspi perfoliatum	Microthlaspi perfoliatum	Microthlaspi perfoliatum	Streptophyta	Magnoliopsida	Brassicales	Brassicaceae	Microthlaspi	NCBI_LINEAGE
KP163741.1	Thlaspi perfoliatum	Microthlaspi perfoliatum	Microthlaspi perfoliatum	Streptophyta	Magnoliopsida	Brassicales	Brassicaceae	Microthlaspi	NCBI_LINEAGE
KP163742.1	Thlaspi perfoliatum	Microthlaspi perfoliatum	Microthlaspi perfoliatum	Streptophyta	Magnoliopsida	Brassicales	Brassicaceae	Microthlaspi	NCBI_LINEAGE
KP163743.1	Thlaspi perfoliatum	Microthlaspi perfoliatum	Microthlaspi perfoliatum	Streptophyta	Magnoliopsida	Brassicales	Brassicaceae	Microthlaspi	NCBI_LINEAGE
KP163744.1	Thlaspi perfoliatum	Microthlaspi perfoliatum	Microthlaspi perfoliatum	Streptophyta	Magnoliopsida	Brassicales	Brassicaceae	Microthlaspi	NCBI_LINEAGE
KP163745.1	Thlaspi perfoliatum	Microthlaspi perfoliatum	Microthlaspi perfoliatum	Streptophyta	Magnoliopsida	Brassicales	Brassicaceae	Microthlaspi	NCBI_LINEAGE
KP163746.1	Thlaspi perfoliatum	Microthlaspi perfoliatum	Microthlaspi perfoliatum	Streptophyta	Magnoliopsida	Brassicales	Brassicaceae	Microthlaspi	NCBI_LINEAGE
KP163747.1	Thlaspi perfoliatum	Microthlaspi perfoliatum	Microthlaspi perfoliatum	Streptophyta	Magnoliopsida	Brassicales	Brassicaceae	Microthlaspi	NCBI_LINEAGE
KP163748.1	Thlaspi perfoliatum	Microthlaspi perfoliatum	Microthlaspi perfoliatum	Streptophyta	Magnoliopsida	Brassicales	Brassicaceae	Microthlaspi	NCBI_LINEAGE
KP163749.1	Thlaspi perfoliatum	Microthlaspi perfoliatum	Microthlaspi perfoliatum	Streptophyta	Magnoliopsida	Brassicales	Brassicaceae	Microthlaspi	NCBI_LINEAGE
KP163750.1	Thlaspi perfoliatum	Microthlaspi perfoliatum	Microthlaspi perfoliatum	Streptophyta	Magnoliopsida	Brassicales	Brassicaceae	Microthlaspi	NCBI_LINEAGE
KP163751.1	Thlaspi perfoliatum	Microthlaspi perfoliatum	Microthlaspi perfoliatum	Streptophyta	Magnoliopsida	Brassicales	Brassicaceae	Microthlaspi	NCBI_LINEAGE
KP163752.1	Thlaspi perfoliatum	Microthlaspi perfoliatum	Microthlaspi perfoliatum	Streptophyta	Magnoliopsida	Brassicales	Brassicaceae	Microthlaspi	NCBI_LINEAGE
KP163753.1	Thlaspi perfoliatum	Microthlaspi perfoliatum	Microthlaspi perfoliatum	Streptophyta	Magnoliopsida	Brassicales	Brassicaceae	Microthlaspi	NCBI_LINEAGE
KP163754.1	Thlaspi perfoliatum	Microthlaspi perfoliatum	Microthlaspi perfoliatum	Streptophyta	Magnoliopsida	Brassicales	Brassicaceae	Microthlaspi	NCBI_LINEAGE
KP163755.1	Thlaspi perfoliatum	Microthlaspi perfoliatum	Microthlaspi perfoliatum	Streptophyta	Magnoliopsida	Brassicales	Brassicaceae	Microthlaspi	NCBI_LINEAGE
KP163756.1	Thlaspi perfoliatum	Microthlaspi perfoliatum	Microthlaspi perfoliatum	Streptophyta	Magnoliopsida	Brassicales	Brassicaceae	Microthlaspi	NCBI_LINEAGE
KP163757.1	Thlaspi perfoliatum	Microthlaspi perfoliatum	Microthlaspi perfoliatum	Streptophyta	Magnoliopsida	Brassicales	Brassicaceae	Microthlaspi	NCBI_LINEAGE
KP163758.1	Thlaspi perfoliatum	Microthlaspi perfoliatum	Microthlaspi perfoliatum	Streptophyta	Magnoliopsida	Brassicales	Brassicaceae	Microthlaspi	NCBI_LINEAGE
KT220637.1	Thlaspi perfoliatum	Microthlaspi perfoliatum	Microthlaspi perfoliatum	Streptophyta	Magnoliopsida	Brassicales	Brassicaceae	Microthlaspi	NCBI_LINEAGE
KT220638.1	Thlaspi perfoliatum	Microthlaspi perfoliatum	Microthlaspi perfoliatum	Streptophyta	Magnoliopsida	Brassicales	Brassicaceae	Microthlaspi	NCBI_LINEAGE
KT220639.1	Thlaspi perfoliatum	Microthlaspi perfoliatum	Microthlaspi perfoliatum	Streptophyta	Magnoliopsida	Brassicales	Brassicaceae	Microthlaspi	NCBI_LINEAGE
KU293697.1	Thlaspi perfoliatum	Microthlaspi perfoliatum	Microthlaspi perfoliatum	Streptophyta	Magnoliopsida	Brassicales	Brassicaceae	Microthlaspi	NCBI_LINEAGE
KU293698.1	Thlaspi perfoliatum	Microthlaspi perfoliatum	Microthlaspi perfoliatum	Streptophyta	Magnoliopsida	Brassicales	Brassicaceae	Microthlaspi	NCBI_LINEAGE
KU293699.1	Thlaspi perfoliatum	Microthlaspi perfoliatum	Microthlaspi perfoliatum	Streptophyta	Magnoliopsida	Brassicales	Brassicaceae	Microthlaspi	NCBI_LINEAGE
KU293700.1	Thlaspi perfoliatum	Microthlaspi perfoliatum	Microthlaspi perfoliatum	Streptophyta	Magnoliopsida	Brassicales	Brassicaceae	Microthlaspi	NCBI_LINEAGE
KU293701.1	Thlaspi perfoliatum	Microthlaspi perfoliatum	Microthlaspi perfoliatum	Streptophyta	Magnoliopsida	Brassicales	Brassicaceae	Microthlaspi	NCBI_LINEAGE
KU293704.1	Thlaspi perfoliatum	Microthlaspi perfoliatum	Microthlaspi perfoliatum	Streptophyta	Magnoliopsida	Brassicales	Brassicaceae	Microthlaspi	NCBI_LINEAGE
KU293705.1	Thlaspi perfoliatum	Microthlaspi perfoliatum	Microthlaspi perfoliatum	Streptophyta	Magnoliopsida	Brassicales	Brassicaceae	Microthlaspi	NCBI_LINEAGE
KU293706.1	Thlaspi perfoliatum	Microthlaspi perfoliatum	Microthlaspi perfoliatum	Streptophyta	Magnoliopsida	Brassicales	Brassicaceae	Microthlaspi	NCBI_LINEAGE
KU293707.1	Thlaspi perfoliatum	Microthlaspi perfoliatum	Microthlaspi perfoliatum	Streptophyta	Magnoliopsida	Brassicales	Brassicaceae	Microthlaspi	NCBI_LINEAGE
KU293708.1	Thlaspi perfoliatum	Microthlaspi perfoliatum	Microthlaspi perfoliatum	Streptophyta	Magnoliopsida	Brassicales	Brassicaceae	Microthlaspi	NCBI_LINEAGE
KU293709.1	Thlaspi perfoliatum	Microthlaspi perfoliatum	Microthlaspi perfoliatum	Streptophyta	Magnoliopsida	Brassicales	Brassicaceae	Microthlaspi	NCBI_LINEAGE
KU293710.1	Thlaspi perfoliatum	Microthlaspi perfoliatum	Microthlaspi perfoliatum	Streptophyta	Magnoliopsida	Brassicales	Brassicaceae	Microthlaspi	NCBI_LINEAGE
KU293713.1	Thlaspi perfoliatum	Microthlaspi perfoliatum	Microthlaspi perfoliatum	Streptophyta	Magnoliopsida	Brassicales	Brassicaceae	Microthlaspi	NCBI_LINEAGE
KU293723.1	Thlaspi perfoliatum	Microthlaspi perfoliatum	Microthlaspi perfoliatum	Streptophyta	Magnoliopsida	Brassicales	Brassicaceae	Microthlaspi	NCBI_LINEAGE
KU293724.1	Thlaspi perfoliatum	Microthlaspi perfoliatum	Microthlaspi perfoliatum	Streptophyta	Magnoliopsida	Brassicales	Brassicaceae	Microthlaspi	NCBI_LINEAGE
KU293725.1	Thlaspi perfoliatum	Microthlaspi perfoliatum	Microthlaspi perfoliatum	Streptophyta	Magnoliopsida	Brassicales	Brassicaceae	Microthlaspi	NCBI_LINEAGE
KU293726.1	Thlaspi perfoliatum	Microthlaspi perfoliatum	Microthlaspi perfoliatum	Streptophyta	Magnoliopsida	Brassicales	Brassicaceae	Microthlaspi	NCBI_LINEAGE
KU293727.1	Thlaspi perfoliatum	Microthlaspi perfoliatum	Microthlaspi perfoliatum	Streptophyta	Magnoliopsida	Brassicales	Brassicaceae	Microthlaspi	NCBI_LINEAGE
KU293728.1	Thlaspi perfoliatum	Microthlaspi perfoliatum	Microthlaspi perfoliatum	Streptophyta	Magnoliopsida	Brassicales	Brassicaceae	Microthlaspi	NCBI_LINEAGE
KU293729.1	Thlaspi perfoliatum	Microthlaspi perfoliatum	Microthlaspi perfoliatum	Streptophyta	Magnoliopsida	Brassicales	Brassicaceae	Microthlaspi	NCBI_LINEAGE
KU293730.1	Thlaspi perfoliatum	Microthlaspi perfoliatum	Microthlaspi perfoliatum	Streptophyta	Magnoliopsida	Brassicales	Brassicaceae	Microthlaspi	NCBI_LINEAGE
KU293731.1	Thlaspi perfoliatum	Microthlaspi perfoliatum	Microthlaspi perfoliatum	Streptophyta	Magnoliopsida	Brassicales	Brassicaceae	Microthlaspi	NCBI_LINEAGE
KU293732.1	Thlaspi perfoliatum	Microthlaspi perfoliatum	Microthlaspi perfoliatum	Streptophyta	Magnoliopsida	Brassicales	Brassicaceae	Microthlaspi	NCBI_LINEAGE
KU293733.1	Thlaspi perfoliatum	Microthlaspi perfoliatum	Microthlaspi perfoliatum	Streptophyta	Magnoliopsida	Brassicales	Brassicaceae	Microthlaspi	NCBI_LINEAGE
KU293734.1	Thlaspi perfoliatum	Microthlaspi perfoliatum	Microthlaspi perfoliatum	Streptophyta	Magnoliopsida	Brassicales	Brassicaceae	Microthlaspi	NCBI_LINEAGE
KU293735.1	Thlaspi perfoliatum	Microthlaspi perfoliatum	Microthlaspi perfoliatum	Streptophyta	Magnoliopsida	Brassicales	Brassicaceae	Microthlaspi	NCBI_LINEAGE
KU293736.1	Thlaspi perfoliatum	Microthlaspi perfoliatum	Microthlaspi perfoliatum	Streptophyta	Magnoliopsida	Brassicales	Brassicaceae	Microthlaspi	NCBI_LINEAGE
KU293737.1	Thlaspi perfoliatum	Microthlaspi perfoliatum	Microthlaspi perfoliatum	Streptophyta	Magnoliopsida	Brassicales	Brassicaceae	Microthlaspi	NCBI_LINEAGE
KU293738.1	Thlaspi perfoliatum	Microthlaspi perfoliatum	Microthlaspi perfoliatum	Streptophyta	Magnoliopsida	Brassicales	Brassicaceae	Microthlaspi	NCBI_LINEAGE
KU293739.1	Thlaspi perfoliatum	Microthlaspi perfoliatum	Microthlaspi perfoliatum	Streptophyta	Magnoliopsida	Brassicales	Brassicaceae	Microthlaspi	NCBI_LINEAGE
KU293740.1	Thlaspi perfoliatum	Microthlaspi perfoliatum	Microthlaspi perfoliatum	Streptophyta	Magnoliopsida	Brassicales	Brassicaceae	Microthlaspi	NCBI_LINEAGE
KU293741.1	Thlaspi perfoliatum	Microthlaspi perfoliatum	Microthlaspi perfoliatum	Streptophyta	Magnoliopsida	Brassicales	Brassicaceae	Microthlaspi	NCBI_LINEAGE
KU293742.1	Thlaspi perfoliatum	Microthlaspi perfoliatum	Microthlaspi perfoliatum	Streptophyta	Magnoliopsida	Brassicales	Brassicaceae	Microthlaspi	NCBI_LINEAGE
KU293743.1	Thlaspi perfoliatum	Microthlaspi perfoliatum	Microthlaspi perfoliatum	Streptophyta	Magnoliopsida	Brassicales	Brassicaceae	Microthlaspi	NCBI_LINEAGE
KU293744.1	Thlaspi perfoliatum	Microthlaspi perfoliatum	Microthlaspi perfoliatum	Streptophyta	Magnoliopsida	Brassicales	Brassicaceae	Microthlaspi	NCBI_LINEAGE
KU293745.1	Thlaspi perfoliatum	Microthlaspi perfoliatum	Microthlaspi perfoliatum	Streptophyta	Magnoliopsida	Brassicales	Brassicaceae	Microthlaspi	NCBI_LINEAGE
KU293746.1	Thlaspi perfoliatum	Microthlaspi perfoliatum	Microthlaspi perfoliatum	Streptophyta	Magnoliopsida	Brassicales	Brassicaceae	Microthlaspi	NCBI_LINEAGE
KU293747.1	Thlaspi perfoliatum	Microthlaspi perfoliatum	Microthlaspi perfoliatum	Streptophyta	Magnoliopsida	Brassicales	Brassicaceae	Microthlaspi	NCBI_LINEAGE
KU293748.1	Thlaspi perfoliatum	Microthlaspi perfoliatum	Microthlaspi perfoliatum	Streptophyta	Magnoliopsida	Brassicales	Brassicaceae	Microthlaspi	NCBI_LINEAGE
KU293749.1	Thlaspi perfoliatum	Microthlaspi perfoliatum	Microthlaspi perfoliatum	Streptophyta	Magnoliopsida	Brassicales	Brassicaceae	Microthlaspi	NCBI_LINEAGE
KU293750.1	Thlaspi perfoliatum	Microthlaspi perfoliatum	Microthlaspi perfoliatum	Streptophyta	Magnoliopsida	Brassicales	Brassicaceae	Microthlaspi	NCBI_LINEAGE
KU293751.1	Thlaspi perfoliatum	Microthlaspi perfoliatum	Microthlaspi perfoliatum	Streptophyta	Magnoliopsida	Brassicales	Brassicaceae	Microthlaspi	NCBI_LINEAGE
KU293752.1	Thlaspi perfoliatum	Microthlaspi perfoliatum	Microthlaspi perfoliatum	Streptophyta	Magnoliopsida	Brassicales	Brassicaceae	Microthlaspi	NCBI_LINEAGE
KU293753.1	Thlaspi perfoliatum	Microthlaspi perfoliatum	Microthlaspi perfoliatum	Streptophyta	Magnoliopsida	Brassicales	Brassicaceae	Microthlaspi	NCBI_LINEAGE
KU293754.1	Thlaspi perfoliatum	Microthlaspi perfoliatum	Microthlaspi perfoliatum	Streptophyta	Magnoliopsida	Brassicales	Brassicaceae	Microthlaspi	NCBI_LINEAGE
KU293755.1	Thlaspi perfoliatum	Microthlaspi perfoliatum	Microthlaspi perfoliatum	Streptophyta	Magnoliopsida	Brassicales	Brassicaceae	Microthlaspi	NCBI_LINEAGE
KU293756.1	Thlaspi perfoliatum	Microthlaspi perfoliatum	Microthlaspi perfoliatum	Streptophyta	Magnoliopsida	Brassicales	Brassicaceae	Microthlaspi	NCBI_LINEAGE
KU293757.1	Thlaspi perfoliatum	Microthlaspi perfoliatum	Microthlaspi perfoliatum	Streptophyta	Magnoliopsida	Brassicales	Brassicaceae	Microthlaspi	NCBI_LINEAGE
KU293758.1	Thlaspi perfoliatum	Microthlaspi perfoliatum	Microthlaspi perfoliatum	Streptophyta	Magnoliopsida	Brassicales	Brassicaceae	Microthlaspi	NCBI_LINEAGE
KU293759.1	Thlaspi perfoliatum	Microthlaspi perfoliatum	Microthlaspi perfoliatum	Streptophyta	Magnoliopsida	Brassicales	Brassicaceae	Microthlaspi	NCBI_LINEAGE
KU293760.1	Thlaspi perfoliatum	Microthlaspi perfoliatum	Microthlaspi perfoliatum	Streptophyta	Magnoliopsida	Brassicales	Brassicaceae	Microthlaspi	NCBI_LINEAGE
KU293761.1	Thlaspi perfoliatum	Microthlaspi perfoliatum	Microthlaspi perfoliatum	Streptophyta	Magnoliopsida	Brassicales	Brassicaceae	Microthlaspi	NCBI_LINEAGE
KU293762.1	Thlaspi perfoliatum	Microthlaspi perfoliatum	Microthlaspi perfoliatum	Streptophyta	Magnoliopsida	Brassicales	Brassicaceae	Microthlaspi	NCBI_LINEAGE
KU293763.1	Thlaspi perfoliatum	Microthlaspi perfoliatum	Microthlaspi perfoliatum	Streptophyta	Magnoliopsida	Brassicales	Brassicaceae	Microthlaspi	NCBI_LINEAGE
KU293764.1	Thlaspi perfoliatum	Microthlaspi perfoliatum	Microthlaspi perfoliatum	Streptophyta	Magnoliopsida	Brassicales	Brassicaceae	Microthlaspi	NCBI_LINEAGE
KU293765.1	Thlaspi perfoliatum	Microthlaspi perfoliatum	Microthlaspi perfoliatum	Streptophyta	Magnoliopsida	Brassicales	Brassicaceae	Microthlaspi	NCBI_LINEAGE
KU293766.1	Thlaspi perfoliatum	Microthlaspi perfoliatum	Microthlaspi perfoliatum	Streptophyta	Magnoliopsida	Brassicales	Brassicaceae	Microthlaspi	NCBI_LINEAGE
KU293767.1	Thlaspi perfoliatum	Microthlaspi perfoliatum	Microthlaspi perfoliatum	Streptophyta	Magnoliopsida	Brassicales	Brassicaceae	Microthlaspi	NCBI_LINEAGE
KU293768.1	Thlaspi perfoliatum	Microthlaspi perfoliatum	Microthlaspi perfoliatum	Streptophyta	Magnoliopsida	Brassicales	Brassicaceae	Microthlaspi	NCBI_LINEAGE
KU293769.1	Thlaspi perfoliatum	Microthlaspi perfoliatum	Microthlaspi perfoliatum	Streptophyta	Magnoliopsida	Brassicales	Brassicaceae	Microthlaspi	NCBI_LINEAGE
KU293770.1	Thlaspi perfoliatum	Microthlaspi perfoliatum	Microthlaspi perfoliatum	Streptophyta	Magnoliopsida	Brassicales	Brassicaceae	Microthlaspi	NCBI_LINEAGE
KU293771.1	Thlaspi perfoliatum	Microthlaspi perfoliatum	Microthlaspi perfoliatum	Streptophyta	Magnoliopsida	Brassicales	Brassicaceae	Microthlaspi	NCBI_LINEAGE
KU293772.1	Thlaspi perfoliatum	Microthlaspi perfoliatum	Microthlaspi perfoliatum	Streptophyta	Magnoliopsida	Brassicales	Brassicaceae	Microthlaspi	NCBI_LINEAGE
KU293773.1	Thlaspi perfoliatum	Microthlaspi perfoliatum	Microthlaspi perfoliatum	Streptophyta	Magnoliopsida	Brassicales	Brassicaceae	Microthlaspi	NCBI_LINEAGE
KU293774.1	Thlaspi perfoliatum	Microthlaspi perfoliatum	Microthlaspi perfoliatum	Streptophyta	Magnoliopsida	Brassicales	Brassicaceae	Microthlaspi	NCBI_LINEAGE
KU293775.1	Thlaspi perfoliatum	Microthlaspi perfoliatum	Microthlaspi perfoliatum	Streptophyta	Magnoliopsida	Brassicales	Brassicaceae	Microthlaspi	NCBI_LINEAGE
KU293776.1	Thlaspi perfoliatum	Microthlaspi perfoliatum	Microthlaspi perfoliatum	Streptophyta	Magnoliopsida	Brassicales	Brassicaceae	Microthlaspi	NCBI_LINEAGE
KU293777.1	Thlaspi perfoliatum	Microthlaspi perfoliatum	Microthlaspi perfoliatum	Streptophyta	Magnoliopsida	Brassicales	Brassicaceae	Microthlaspi	NCBI_LINEAGE
KU293778.1	Thlaspi perfoliatum	Microthlaspi perfoliatum	Microthlaspi perfoliatum	Streptophyta	Magnoliopsida	Brassicales	Brassicaceae	Microthlaspi	NCBI_LINEAGE
KU293779.1	Thlaspi perfoliatum	Microthlaspi perfoliatum	Microthlaspi perfoliatum	Streptophyta	Magnoliopsida	Brassicales	Brassicaceae	Microthlaspi	NCBI_LINEAGE
KU293780.1	Thlaspi perfoliatum	Microthlaspi perfoliatum	Microthlaspi perfoliatum	Streptophyta	Magnoliopsida	Brassicales	Brassicaceae	Microthlaspi	NCBI_LINEAGE
KU293781.1	Thlaspi perfoliatum	Microthlaspi perfoliatum	Microthlaspi perfoliatum	Streptophyta	Magnoliopsida	Brassicales	Brassicaceae	Microthlaspi	NCBI_LINEAGE
KU293782.1	Thlaspi perfoliatum	Microthlaspi perfoliatum	Microthlaspi perfoliatum	Streptophyta	Magnoliopsida	Brassicales	Brassicaceae	Microthlaspi	NCBI_LINEAGE
KU293783.1	Thlaspi perfoliatum	Microthlaspi perfoliatum	Microthlaspi perfoliatum	Streptophyta	Magnoliopsida	Brassicales	Brassicaceae	Microthlaspi	NCBI_LINEAGE
KU293784.1	Thlaspi perfoliatum	Microthlaspi perfoliatum	Microthlaspi perfoliatum	Streptophyta	Magnoliopsida	Brassicales	Brassicaceae	Microthlaspi	NCBI_LINEAGE
KU293785.1	Thlaspi perfoliatum	Microthlaspi perfoliatum	Microthlaspi perfoliatum	Streptophyta	Magnoliopsida	Brassicales	Brassicaceae	Microthlaspi	NCBI_LINEAGE
KU293786.1	Thlaspi perfoliatum	Microthlaspi perfoliatum	Microthlaspi perfoliatum	Streptophyta	Magnoliopsida	Brassicales	Brassicaceae	Microthlaspi	NCBI_LINEAGE
KU293787.1	Thlaspi perfoliatum	Microthlaspi perfoliatum	Microthlaspi perfoliatum	Streptophyta	Magnoliopsida	Brassicales	Brassicaceae	Microthlaspi	NCBI_LINEAGE
KU293788.1	Thlaspi perfoliatum	Microthlaspi perfoliatum	Microthlaspi perfoliatum	Streptophyta	Magnoliopsida	Brassicales	Brassicaceae	Microthlaspi	NCBI_LINEAGE
KU293790.1	Thlaspi perfoliatum	Microthlaspi perfoliatum	Microthlaspi perfoliatum	Streptophyta	Magnoliopsida	Brassicales	Brassicaceae	Microthlaspi	NCBI_LINEAGE
KU293791.1	Thlaspi perfoliatum	Microthlaspi perfoliatum	Microthlaspi perfoliatum	Streptophyta	Magnoliopsida	Brassicales	Brassicaceae	Microthlaspi	NCBI_LINEAGE
KU293792.1	Thlaspi perfoliatum	Microthlaspi perfoliatum	Microthlaspi perfoliatum	Streptophyta	Magnoliopsida	Brassicales	Brassicaceae	Microthlaspi	NCBI_LINEAGE
KU293793.1	Thlaspi perfoliatum	Microthlaspi perfoliatum	Microthlaspi perfoliatum	Streptophyta	Magnoliopsida	Brassicales	Brassicaceae	Microthlaspi	NCBI_LINEAGE
KU293794.1	Thlaspi perfoliatum	Microthlaspi perfoliatum	Microthlaspi perfoliatum	Streptophyta	Magnoliopsida	Brassicales	Brassicaceae	Microthlaspi	NCBI_LINEAGE
KU293795.1	Thlaspi perfoliatum	Microthlaspi perfoliatum	Microthlaspi perfoliatum	Streptophyta	Magnoliopsida	Brassicales	Brassicaceae	Microthlaspi	NCBI_LINEAGE
KU293796.1	Thlaspi perfoliatum	Microthlaspi perfoliatum	Microthlaspi perfoliatum	Streptophyta	Magnoliopsida	Brassicales	Brassicaceae	Microthlaspi	NCBI_LINEAGE
KU293797.1	Thlaspi perfoliatum	Microthlaspi perfoliatum	Microthlaspi perfoliatum	Streptophyta	Magnoliopsida	Brassicales	Brassicaceae	Microthlaspi	NCBI_LINEAGE
KU293798.1	Thlaspi perfoliatum	Microthlaspi perfoliatum	Microthlaspi perfoliatum	Streptophyta	Magnoliopsida	Brassicales	Brassicaceae	Microthlaspi	NCBI_LINEAGE
KU293799.1	Thlaspi perfoliatum	Microthlaspi perfoliatum	Microthlaspi perfoliatum	Streptophyta	Magnoliopsida	Brassicales	Brassicaceae	Microthlaspi	NCBI_LINEAGE
KU293800.1	Thlaspi perfoliatum	Microthlaspi perfoliatum	Microthlaspi perfoliatum	Streptophyta	Magnoliopsida	Brassicales	Brassicaceae	Microthlaspi	NCBI_LINEAGE
KU293801.1	Thlaspi perfoliatum	Microthlaspi perfoliatum	Microthlaspi perfoliatum	Streptophyta	Magnoliopsida	Brassicales	Brassicaceae	Microthlaspi	NCBI_LINEAGE
KU293802.1	Thlaspi perfoliatum	Microthlaspi perfoliatum	Microthlaspi perfoliatum	Streptophyta	Magnoliopsida	Brassicales	Brassicaceae	Microthlaspi	NCBI_LINEAGE
KU293803.1	Thlaspi perfoliatum	Microthlaspi perfoliatum	Microthlaspi perfoliatum	Streptophyta	Magnoliopsida	Brassicales	Brassicaceae	Microthlaspi	NCBI_LINEAGE
KU293804.1	Thlaspi perfoliatum	Microthlaspi perfoliatum	Microthlaspi perfoliatum	Streptophyta	Magnoliopsida	Brassicales	Brassicaceae	Microthlaspi	NCBI_LINEAGE
KU293805.1	Thlaspi perfoliatum	Microthlaspi perfoliatum	Microthlaspi perfoliatum	Streptophyta	Magnoliopsida	Brassicales	Brassicaceae	Microthlaspi	NCBI_LINEAGE
KU293806.1	Thlaspi perfoliatum	Microthlaspi perfoliatum	Microthlaspi perfoliatum	Streptophyta	Magnoliopsida	Brassicales	Brassicaceae	Microthlaspi	NCBI_LINEAGE
KU293808.1	Thlaspi perfoliatum	Microthlaspi perfoliatum	Microthlaspi perfoliatum	Streptophyta	Magnoliopsida	Brassicales	Brassicaceae	Microthlaspi	NCBI_LINEAGE
KU293809.1	Thlaspi perfoliatum	Microthlaspi perfoliatum	Microthlaspi perfoliatum	Streptophyta	Magnoliopsida	Brassicales	Brassicaceae	Microthlaspi	NCBI_LINEAGE
KU293810.1	Thlaspi perfoliatum	Microthlaspi perfoliatum	Microthlaspi perfoliatum	Streptophyta	Magnoliopsida	Brassicales	Brassicaceae	Microthlaspi	NCBI_LINEAGE
KU293811.1	Thlaspi perfoliatum	Microthlaspi perfoliatum	Microthlaspi perfoliatum	Streptophyta	Magnoliopsida	Brassicales	Brassicaceae	Microthlaspi	NCBI_LINEAGE
KU293812.1	Thlaspi perfoliatum	Microthlaspi perfoliatum	Microthlaspi perfoliatum	Streptophyta	Magnoliopsida	Brassicales	Brassicaceae	Microthlaspi	NCBI_LINEAGE
KU293813.1	Thlaspi perfoliatum	Microthlaspi perfoliatum	Microthlaspi perfoliatum	Streptophyta	Magnoliopsida	Brassicales	Brassicaceae	Microthlaspi	NCBI_LINEAGE
KU293814.1	Thlaspi perfoliatum	Microthlaspi perfoliatum	Microthlaspi perfoliatum	Streptophyta	Magnoliopsida	Brassicales	Brassicaceae	Microthlaspi	NCBI_LINEAGE
KU293815.1	Thlaspi perfoliatum	Microthlaspi perfoliatum	Microthlaspi perfoliatum	Streptophyta	Magnoliopsida	Brassicales	Brassicaceae	Microthlaspi	NCBI_LINEAGE
KU293816.1	Thlaspi perfoliatum	Microthlaspi perfoliatum	Microthlaspi perfoliatum	Streptophyta	Magnoliopsida	Brassicales	Brassicaceae	Microthlaspi	NCBI_LINEAGE
KU293817.1	Thlaspi perfoliatum	Microthlaspi perfoliatum	Microthlaspi perfoliatum	Streptophyta	Magnoliopsida	Brassicales	Brassicaceae	Microthlaspi	NCBI_LINEAGE
KU293818.1	Thlaspi perfoliatum	Microthlaspi perfoliatum	Microthlaspi perfoliatum	Streptophyta	Magnoliopsida	Brassicales	Brassicaceae	Microthlaspi	NCBI_LINEAGE
KU293819.1	Thlaspi perfoliatum	Microthlaspi perfoliatum	Microthlaspi perfoliatum	Streptophyta	Magnoliopsida	Brassicales	Brassicaceae	Microthlaspi	NCBI_LINEAGE
KU293820.1	Thlaspi perfoliatum	Microthlaspi perfoliatum	Microthlaspi perfoliatum	Streptophyta	Magnoliopsida	Brassicales	Brassicaceae	Microthlaspi	NCBI_LINEAGE
KU293821.1	Thlaspi perfoliatum	Microthlaspi perfoliatum	Microthlaspi perfoliatum	Streptophyta	Magnoliopsida	Brassicales	Brassicaceae	Microthlaspi	NCBI_LINEAGE
KU293822.1	Thlaspi perfoliatum	Microthlaspi perfoliatum	Microthlaspi perfoliatum	Streptophyta	Magnoliopsida	Brassicales	Brassicaceae	Microthlaspi	NCBI_LINEAGE
KU293823.1	Thlaspi perfoliatum	Microthlaspi perfoliatum	Microthlaspi perfoliatum	Streptophyta	Magnoliopsida	Brassicales	Brassicaceae	Microthlaspi	NCBI_LINEAGE
KU293824.1	Thlaspi perfoliatum	Microthlaspi perfoliatum	Microthlaspi perfoliatum	Streptophyta	Magnoliopsida	Brassicales	Brassicaceae	Microthlaspi	NCBI_LINEAGE
KU293825.1	Thlaspi perfoliatum	Microthlaspi perfoliatum	Microthlaspi perfoliatum	Streptophyta	Magnoliopsida	Brassicales	Brassicaceae	Microthlaspi	NCBI_LINEAGE
KU293826.1	Thlaspi perfoliatum	Microthlaspi perfoliatum	Microthlaspi perfoliatum	Streptophyta	Magnoliopsida	Brassicales	Brassicaceae	Microthlaspi	NCBI_LINEAGE
KU293827.1	Thlaspi perfoliatum	Microthlaspi perfoliatum	Microthlaspi perfoliatum	Streptophyta	Magnoliopsida	Brassicales	Brassicaceae	Microthlaspi	NCBI_LINEAGE
KU293828.1	Thlaspi perfoliatum	Microthlaspi perfoliatum	Microthlaspi perfoliatum	Streptophyta	Magnoliopsida	Brassicales	Brassicaceae	Microthlaspi	NCBI_LINEAGE
KU293829.1	Thlaspi perfoliatum	Microthlaspi perfoliatum	Microthlaspi perfoliatum	Streptophyta	Magnoliopsida	Brassicales	Brassicaceae	Microthlaspi	NCBI_LINEAGE
KU293830.1	Thlaspi perfoliatum	Microthlaspi perfoliatum	Microthlaspi perfoliatum	Streptophyta	Magnoliopsida	Brassicales	Brassicaceae	Microthlaspi	NCBI_LINEAGE
KU293831.1	Thlaspi perfoliatum	Microthlaspi perfoliatum	Microthlaspi perfoliatum	Streptophyta	Magnoliopsida	Brassicales	Brassicaceae	Microthlaspi	NCBI_LINEAGE
KU293832.1	Thlaspi perfoliatum	Microthlaspi perfoliatum	Microthlaspi perfoliatum	Streptophyta	Magnoliopsida	Brassicales	Brassicaceae	Microthlaspi	NCBI_LINEAGE
KU293833.1	Thlaspi perfoliatum	Microthlaspi perfoliatum	Microthlaspi perfoliatum	Streptophyta	Magnoliopsida	Brassicales	Brassicaceae	Microthlaspi	NCBI_LINEAGE
KU293834.1	Thlaspi perfoliatum	Microthlaspi perfoliatum	Microthlaspi perfoliatum	Streptophyta	Magnoliopsida	Brassicales	Brassicaceae	Microthlaspi	NCBI_LINEAGE
KU293835.1	Thlaspi perfoliatum	Microthlaspi perfoliatum	Microthlaspi perfoliatum	Streptophyta	Magnoliopsida	Brassicales	Brassicaceae	Microthlaspi	NCBI_LINEAGE
KU293836.1	Thlaspi perfoliatum	Microthlaspi perfoliatum	Microthlaspi perfoliatum	Streptophyta	Magnoliopsida	Brassicales	Brassicaceae	Microthlaspi	NCBI_LINEAGE
KU293837.1	Thlaspi perfoliatum	Microthlaspi perfoliatum	Microthlaspi perfoliatum	Streptophyta	Magnoliopsida	Brassicales	Brassicaceae	Microthlaspi	NCBI_LINEAGE
KU293838.1	Thlaspi perfoliatum	Microthlaspi perfoliatum	Microthlaspi perfoliatum	Streptophyta	Magnoliopsida	Brassicales	Brassicaceae	Microthlaspi	NCBI_LINEAGE
KU293839.1	Thlaspi perfoliatum	Microthlaspi perfoliatum	Microthlaspi perfoliatum	Streptophyta	Magnoliopsida	Brassicales	Brassicaceae	Microthlaspi	NCBI_LINEAGE
KU293840.1	Thlaspi perfoliatum	Microthlaspi perfoliatum	Microthlaspi perfoliatum	Streptophyta	Magnoliopsida	Brassicales	Brassicaceae	Microthlaspi	NCBI_LINEAGE
KU293841.1	Thlaspi perfoliatum	Microthlaspi perfoliatum	Microthlaspi perfoliatum	Streptophyta	Magnoliopsida	Brassicales	Brassicaceae	Microthlaspi	NCBI_LINEAGE
KU293842.1	Thlaspi perfoliatum	Microthlaspi perfoliatum	Microthlaspi perfoliatum	Streptophyta	Magnoliopsida	Brassicales	Brassicaceae	Microthlaspi	NCBI_LINEAGE
KU293843.1	Thlaspi perfoliatum	Microthlaspi perfoliatum	Microthlaspi perfoliatum	Streptophyta	Magnoliopsida	Brassicales	Brassicaceae	Microthlaspi	NCBI_LINEAGE
KU293844.1	Thlaspi perfoliatum	Microthlaspi perfoliatum	Microthlaspi perfoliatum	Streptophyta	Magnoliopsida	Brassicales	Brassicaceae	Microthlaspi	NCBI_LINEAGE
KU293845.1	Thlaspi perfoliatum	Microthlaspi perfoliatum	Microthlaspi perfoliatum	Streptophyta	Magnoliopsida	Brassicales	Brassicaceae	Microthlaspi	NCBI_LINEAGE
KU293846.1	Thlaspi perfoliatum	Microthlaspi perfoliatum	Microthlaspi perfoliatum	Streptophyta	Magnoliopsida	Brassicales	Brassicaceae	Microthlaspi	NCBI_LINEAGE
KU293847.1	Thlaspi perfoliatum	Microthlaspi perfoliatum	Microthlaspi perfoliatum	Streptophyta	Magnoliopsida	Brassicales	Brassicaceae	Microthlaspi	NCBI_LINEAGE
KU293848.1	Thlaspi perfoliatum	Microthlaspi perfoliatum	Microthlaspi perfoliatum	Streptophyta	Magnoliopsida	Brassicales	Brassicaceae	Microthlaspi	NCBI_LINEAGE
KU293849.1	Thlaspi perfoliatum	Microthlaspi perfoliatum	Microthlaspi perfoliatum	Streptophyta	Magnoliopsida	Brassicales	Brassicaceae	Microthlaspi	NCBI_LINEAGE
KU293850.1	Thlaspi perfoliatum	Microthlaspi perfoliatum	Microthlaspi perfoliatum	Streptophyta	Magnoliopsida	Brassicales	Brassicaceae	Microthlaspi	NCBI_LINEAGE
KU293851.1	Thlaspi perfoliatum	Microthlaspi perfoliatum	Microthlaspi perfoliatum	Streptophyta	Magnoliopsida	Brassicales	Brassicaceae	Microthlaspi	NCBI_LINEAGE
KU293852.1	Thlaspi perfoliatum	Microthlaspi perfoliatum	Microthlaspi perfoliatum	Streptophyta	Magnoliopsida	Brassicales	Brassicaceae	Microthlaspi	NCBI_LINEAGE
KU293853.1	Thlaspi perfoliatum	Microthlaspi perfoliatum	Microthlaspi perfoliatum	Streptophyta	Magnoliopsida	Brassicales	Brassicaceae	Microthlaspi	NCBI_LINEAGE
KU293854.1	Thlaspi perfoliatum	Microthlaspi perfoliatum	Microthlaspi perfoliatum	Streptophyta	Magnoliopsida	Brassicales	Brassicaceae	Microthlaspi	NCBI_LINEAGE
KU293855.1	Thlaspi perfoliatum	Microthlaspi perfoliatum	Microthlaspi perfoliatum	Streptophyta	Magnoliopsida	Brassicales	Brassicaceae	Microthlaspi	NCBI_LINEAGE
KU293856.1	Thlaspi perfoliatum	Microthlaspi perfoliatum	Microthlaspi perfoliatum	Streptophyta	Magnoliopsida	Brassicales	Brassicaceae	Microthlaspi	NCBI_LINEAGE
KU293857.1	Thlaspi perfoliatum	Microthlaspi perfoliatum	Microthlaspi perfoliatum	Streptophyta	Magnoliopsida	Brassicales	Brassicaceae	Microthlaspi	NCBI_LINEAGE
KU293858.1	Thlaspi perfoliatum	Microthlaspi perfoliatum	Microthlaspi perfoliatum	Streptophyta	Magnoliopsida	Brassicales	Brassicaceae	Microthlaspi	NCBI_LINEAGE
KU293859.1	Thlaspi perfoliatum	Microthlaspi perfoliatum	Microthlaspi perfoliatum	Streptophyta	Magnoliopsida	Brassicales	Brassicaceae	Microthlaspi	NCBI_LINEAGE
KU293860.1	Thlaspi perfoliatum	Microthlaspi perfoliatum	Microthlaspi perfoliatum	Streptophyta	Magnoliopsida	Brassicales	Brassicaceae	Microthlaspi	NCBI_LINEAGE
KU293861.1	Thlaspi perfoliatum	Microthlaspi perfoliatum	Microthlaspi perfoliatum	Streptophyta	Magnoliopsida	Brassicales	Brassicaceae	Microthlaspi	NCBI_LINEAGE
KU293862.1	Thlaspi perfoliatum	Microthlaspi perfoliatum	Microthlaspi perfoliatum	Streptophyta	Magnoliopsida	Brassicales	Brassicaceae	Microthlaspi	NCBI_LINEAGE
KU293863.1	Thlaspi perfoliatum	Microthlaspi perfoliatum	Microthlaspi perfoliatum	Streptophyta	Magnoliopsida	Brassicales	Brassicaceae	Microthlaspi	NCBI_LINEAGE
KU293864.1	Thlaspi perfoliatum	Microthlaspi perfoliatum	Microthlaspi perfoliatum	Streptophyta	Magnoliopsida	Brassicales	Brassicaceae	Microthlaspi	NCBI_LINEAGE
KU293865.1	Thlaspi perfoliatum	Microthlaspi perfoliatum	Microthlaspi perfoliatum	Streptophyta	Magnoliopsida	Brassicales	Brassicaceae	Microthlaspi	NCBI_LINEAGE
KU293866.1	Thlaspi perfoliatum	Microthlaspi perfoliatum	Microthlaspi perfoliatum	Streptophyta	Magnoliopsida	Brassicales	Brassicaceae	Microthlaspi	NCBI_LINEAGE
KU293867.1	Thlaspi perfoliatum	Microthlaspi perfoliatum	Microthlaspi perfoliatum	Streptophyta	Magnoliopsida	Brassicales	Brassicaceae	Microthlaspi	NCBI_LINEAGE
KU293868.1	Thlaspi perfoliatum	Microthlaspi perfoliatum	Microthlaspi perfoliatum	Streptophyta	Magnoliopsida	Brassicales	Brassicaceae	Microthlaspi	NCBI_LINEAGE
KU293869.1	Thlaspi perfoliatum	Microthlaspi perfoliatum	Microthlaspi perfoliatum	Streptophyta	Magnoliopsida	Brassicales	Brassicaceae	Microthlaspi	NCBI_LINEAGE
KU293870.1	Thlaspi perfoliatum	Microthlaspi perfoliatum	Microthlaspi perfoliatum	Streptophyta	Magnoliopsida	Brassicales	Brassicaceae	Microthlaspi	NCBI_LINEAGE
KU293871.1	Thlaspi perfoliatum	Microthlaspi perfoliatum	Microthlaspi perfoliatum	Streptophyta	Magnoliopsida	Brassicales	Brassicaceae	Microthlaspi	NCBI_LINEAGE
KU293872.1	Thlaspi perfoliatum	Microthlaspi perfoliatum	Microthlaspi perfoliatum	Streptophyta	Magnoliopsida	Brassicales	Brassicaceae	Microthlaspi	NCBI_LINEAGE
KU293873.1	Thlaspi perfoliatum	Microthlaspi perfoliatum	Microthlaspi perfoliatum	Streptophyta	Magnoliopsida	Brassicales	Brassicaceae	Microthlaspi	NCBI_LINEAGE
KU293874.1	Thlaspi perfoliatum	Microthlaspi perfoliatum	Microthlaspi perfoliatum	Streptophyta	Magnoliopsida	Brassicales	Brassicaceae	Microthlaspi	NCBI_LINEAGE
KU293875.1	Thlaspi perfoliatum	Microthlaspi perfoliatum	Microthlaspi perfoliatum	Streptophyta	Magnoliopsida	Brassicales	Brassicaceae	Microthlaspi	NCBI_LINEAGE
KU293876.1	Thlaspi perfoliatum	Microthlaspi perfoliatum	Microthlaspi perfoliatum	Streptophyta	Magnoliopsida	Brassicales	Brassicaceae	Microthlaspi	NCBI_LINEAGE
KU293879.1	Thlaspi perfoliatum	Microthlaspi perfoliatum	Microthlaspi perfoliatum	Streptophyta	Magnoliopsida	Brassicales	Brassicaceae	Microthlaspi	NCBI_LINEAGE
KU293880.1	Thlaspi perfoliatum	Microthlaspi perfoliatum	Microthlaspi perfoliatum	Streptophyta	Magnoliopsida	Brassicales	Brassicaceae	Microthlaspi	NCBI_LINEAGE
KU293881.1	Thlaspi perfoliatum	Microthlaspi perfoliatum	Microthlaspi perfoliatum	Streptophyta	Magnoliopsida	Brassicales	Brassicaceae	Microthlaspi	NCBI_LINEAGE
KU293882.1	Thlaspi perfoliatum	Microthlaspi perfoliatum	Microthlaspi perfoliatum	Streptophyta	Magnoliopsida	Brassicales	Brassicaceae	Microthlaspi	NCBI_LINEAGE
KU293883.1	Thlaspi perfoliatum	Microthlaspi perfoliatum	Microthlaspi perfoliatum	Streptophyta	Magnoliopsida	Brassicales	Brassicaceae	Microthlaspi	NCBI_LINEAGE
KU293884.1	Thlaspi perfoliatum	Microthlaspi perfoliatum	Microthlaspi perfoliatum	Streptophyta	Magnoliopsida	Brassicales	Brassicaceae	Microthlaspi	NCBI_LINEAGE
KU293885.1	Thlaspi perfoliatum	Microthlaspi perfoliatum	Microthlaspi perfoliatum	Streptophyta	Magnoliopsida	Brassicales	Brassicaceae	Microthlaspi	NCBI_LINEAGE
KU293886.1	Thlaspi perfoliatum	Microthlaspi perfoliatum	Microthlaspi perfoliatum	Streptophyta	Magnoliopsida	Brassicales	Brassicaceae	Microthlaspi	NCBI_LINEAGE
KU293887.1	Thlaspi perfoliatum	Microthlaspi perfoliatum	Microthlaspi perfoliatum	Streptophyta	Magnoliopsida	Brassicales	Brassicaceae	Microthlaspi	NCBI_LINEAGE
KU293888.1	Thlaspi perfoliatum	Microthlaspi perfoliatum	Microthlaspi perfoliatum	Streptophyta	Magnoliopsida	Brassicales	Brassicaceae	Microthlaspi	NCBI_LINEAGE
KU293889.1	Thlaspi perfoliatum	Microthlaspi perfoliatum	Microthlaspi perfoliatum	Streptophyta	Magnoliopsida	Brassicales	Brassicaceae	Microthlaspi	NCBI_LINEAGE
KU293890.1	Thlaspi perfoliatum	Microthlaspi perfoliatum	Microthlaspi perfoliatum	Streptophyta	Magnoliopsida	Brassicales	Brassicaceae	Microthlaspi	NCBI_LINEAGE
KU293891.1	Thlaspi perfoliatum	Microthlaspi perfoliatum	Microthlaspi perfoliatum	Streptophyta	Magnoliopsida	Brassicales	Brassicaceae	Microthlaspi	NCBI_LINEAGE
KU293892.1	Thlaspi perfoliatum	Microthlaspi perfoliatum	Microthlaspi perfoliatum	Streptophyta	Magnoliopsida	Brassicales	Brassicaceae	Microthlaspi	NCBI_LINEAGE
KU293893.1	Thlaspi perfoliatum	Microthlaspi perfoliatum	Microthlaspi perfoliatum	Streptophyta	Magnoliopsida	Brassicales	Brassicaceae	Microthlaspi	NCBI_LINEAGE
KU293894.1	Thlaspi perfoliatum	Microthlaspi perfoliatum	Microthlaspi perfoliatum	Streptophyta	Magnoliopsida	Brassicales	Brassicaceae	Microthlaspi	NCBI_LINEAGE
KU293895.1	Thlaspi perfoliatum	Microthlaspi perfoliatum	Microthlaspi perfoliatum	Streptophyta	Magnoliopsida	Brassicales	Brassicaceae	Microthlaspi	NCBI_LINEAGE
KU293896.1	Thlaspi perfoliatum	Microthlaspi perfoliatum	Microthlaspi perfoliatum	Streptophyta	Magnoliopsida	Brassicales	Brassicaceae	Microthlaspi	NCBI_LINEAGE
KU293897.1	Thlaspi perfoliatum	Microthlaspi perfoliatum	Microthlaspi perfoliatum	Streptophyta	Magnoliopsida	Brassicales	Brassicaceae	Microthlaspi	NCBI_LINEAGE
KU293898.1	Thlaspi perfoliatum	Microthlaspi perfoliatum	Microthlaspi perfoliatum	Streptophyta	Magnoliopsida	Brassicales	Brassicaceae	Microthlaspi	NCBI_LINEAGE
KU293899.1	Thlaspi perfoliatum	Microthlaspi perfoliatum	Microthlaspi perfoliatum	Streptophyta	Magnoliopsida	Brassicales	Brassicaceae	Microthlaspi	NCBI_LINEAGE
KU293900.1	Thlaspi perfoliatum	Microthlaspi perfoliatum	Microthlaspi perfoliatum	Streptophyta	Magnoliopsida	Brassicales	Brassicaceae	Microthlaspi	NCBI_LINEAGE
KU293901.1	Thlaspi perfoliatum	Microthlaspi perfoliatum	Microthlaspi perfoliatum	Streptophyta	Magnoliopsida	Brassicales	Brassicaceae	Microthlaspi	NCBI_LINEAGE
KU293902.1	Thlaspi perfoliatum	Microthlaspi perfoliatum	Microthlaspi perfoliatum	Streptophyta	Magnoliopsida	Brassicales	Brassicaceae	Microthlaspi	NCBI_LINEAGE
KU293903.1	Thlaspi perfoliatum	Microthlaspi perfoliatum	Microthlaspi perfoliatum	Streptophyta	Magnoliopsida	Brassicales	Brassicaceae	Microthlaspi	NCBI_LINEAGE
KU293904.1	Thlaspi perfoliatum	Microthlaspi perfoliatum	Microthlaspi perfoliatum	Streptophyta	Magnoliopsida	Brassicales	Brassicaceae	Microthlaspi	NCBI_LINEAGE
KU293905.1	Thlaspi perfoliatum	Microthlaspi perfoliatum	Microthlaspi perfoliatum	Streptophyta	Magnoliopsida	Brassicales	Brassicaceae	Microthlaspi	NCBI_LINEAGE
KU293906.1	Thlaspi perfoliatum	Microthlaspi perfoliatum	Microthlaspi perfoliatum	Streptophyta	Magnoliopsida	Brassicales	Brassicaceae	Microthlaspi	NCBI_LINEAGE
KU293907.1	Thlaspi perfoliatum	Microthlaspi perfoliatum	Microthlaspi perfoliatum	Streptophyta	Magnoliopsida	Brassicales	Brassicaceae	Microthlaspi	NCBI_LINEAGE
KU293908.1	Thlaspi perfoliatum	Microthlaspi perfoliatum	Microthlaspi perfoliatum	Streptophyta	Magnoliopsida	Brassicales	Brassicaceae	Microthlaspi	NCBI_LINEAGE
KU293909.1	Thlaspi perfoliatum	Microthlaspi perfoliatum	Microthlaspi perfoliatum	Streptophyta	Magnoliopsida	Brassicales	Brassicaceae	Microthlaspi	NCBI_LINEAGE
KU293910.1	Thlaspi perfoliatum	Microthlaspi perfoliatum	Microthlaspi perfoliatum	Streptophyta	Magnoliopsida	Brassicales	Brassicaceae	Microthlaspi	NCBI_LINEAGE
KU293911.1	Thlaspi perfoliatum	Microthlaspi perfoliatum	Microthlaspi perfoliatum	Streptophyta	Magnoliopsida	Brassicales	Brassicaceae	Microthlaspi	NCBI_LINEAGE
KU293914.1	Thlaspi perfoliatum	Microthlaspi perfoliatum	Microthlaspi perfoliatum	Streptophyta	Magnoliopsida	Brassicales	Brassicaceae	Microthlaspi	NCBI_LINEAGE
KU293915.1	Thlaspi perfoliatum	Microthlaspi perfoliatum	Microthlaspi perfoliatum	Streptophyta	Magnoliopsida	Brassicales	Brassicaceae	Microthlaspi	NCBI_LINEAGE
KU293916.1	Thlaspi perfoliatum	Microthlaspi perfoliatum	Microthlaspi perfoliatum	Streptophyta	Magnoliopsida	Brassicales	Brassicaceae	Microthlaspi	NCBI_LINEAGE
KU293917.1	Thlaspi perfoliatum	Microthlaspi perfoliatum	Microthlaspi perfoliatum	Streptophyta	Magnoliopsida	Brassicales	Brassicaceae	Microthlaspi	NCBI_LINEAGE
KU293918.1	Thlaspi perfoliatum	Microthlaspi perfoliatum	Microthlaspi perfoliatum	Streptophyta	Magnoliopsida	Brassicales	Brassicaceae	Microthlaspi	NCBI_LINEAGE
KU293919.1	Thlaspi perfoliatum	Microthlaspi perfoliatum	Microthlaspi perfoliatum	Streptophyta	Magnoliopsida	Brassicales	Brassicaceae	Microthlaspi	NCBI_LINEAGE
KU293920.1	Thlaspi perfoliatum	Microthlaspi perfoliatum	Microthlaspi perfoliatum	Streptophyta	Magnoliopsida	Brassicales	Brassicaceae	Microthlaspi	NCBI_LINEAGE
KU293921.1	Thlaspi perfoliatum	Microthlaspi perfoliatum	Microthlaspi perfoliatum	Streptophyta	Magnoliopsida	Brassicales	Brassicaceae	Microthlaspi	NCBI_LINEAGE
KU293922.1	Thlaspi perfoliatum	Microthlaspi perfoliatum	Microthlaspi perfoliatum	Streptophyta	Magnoliopsida	Brassicales	Brassicaceae	Microthlaspi	NCBI_LINEAGE
KU293923.1	Thlaspi perfoliatum	Microthlaspi perfoliatum	Microthlaspi perfoliatum	Streptophyta	Magnoliopsida	Brassicales	Brassicaceae	Microthlaspi	NCBI_LINEAGE
KU293924.1	Thlaspi perfoliatum	Microthlaspi perfoliatum	Microthlaspi perfoliatum	Streptophyta	Magnoliopsida	Brassicales	Brassicaceae	Microthlaspi	NCBI_LINEAGE
KU293925.1	Thlaspi perfoliatum	Microthlaspi perfoliatum	Microthlaspi perfoliatum	Streptophyta	Magnoliopsida	Brassicales	Brassicaceae	Microthlaspi	NCBI_LINEAGE
KU293926.1	Thlaspi perfoliatum	Microthlaspi perfoliatum	Microthlaspi perfoliatum	Streptophyta	Magnoliopsida	Brassicales	Brassicaceae	Microthlaspi	NCBI_LINEAGE
KU293929.1	Thlaspi perfoliatum	Microthlaspi perfoliatum	Microthlaspi perfoliatum	Streptophyta	Magnoliopsida	Brassicales	Brassicaceae	Microthlaspi	NCBI_LINEAGE
KU293930.1	Thlaspi perfoliatum	Microthlaspi perfoliatum	Microthlaspi perfoliatum	Streptophyta	Magnoliopsida	Brassicales	Brassicaceae	Microthlaspi	NCBI_LINEAGE
KU293931.1	Thlaspi perfoliatum	Microthlaspi perfoliatum	Microthlaspi perfoliatum	Streptophyta	Magnoliopsida	Brassicales	Brassicaceae	Microthlaspi	NCBI_LINEAGE
KU293932.1	Thlaspi perfoliatum	Microthlaspi perfoliatum	Microthlaspi perfoliatum	Streptophyta	Magnoliopsida	Brassicales	Brassicaceae	Microthlaspi	NCBI_LINEAGE
KU293933.1	Thlaspi perfoliatum	Microthlaspi perfoliatum	Microthlaspi perfoliatum	Streptophyta	Magnoliopsida	Brassicales	Brassicaceae	Microthlaspi	NCBI_LINEAGE
KU293934.1	Thlaspi perfoliatum	Microthlaspi perfoliatum	Microthlaspi perfoliatum	Streptophyta	Magnoliopsida	Brassicales	Brassicaceae	Microthlaspi	NCBI_LINEAGE
KU293935.1	Thlaspi perfoliatum	Microthlaspi perfoliatum	Microthlaspi perfoliatum	Streptophyta	Magnoliopsida	Brassicales	Brassicaceae	Microthlaspi	NCBI_LINEAGE
KU293936.1	Thlaspi perfoliatum	Microthlaspi perfoliatum	Microthlaspi perfoliatum	Streptophyta	Magnoliopsida	Brassicales	Brassicaceae	Microthlaspi	NCBI_LINEAGE
KU293937.1	Thlaspi perfoliatum	Microthlaspi perfoliatum	Microthlaspi perfoliatum	Streptophyta	Magnoliopsida	Brassicales	Brassicaceae	Microthlaspi	NCBI_LINEAGE
KU293939.1	Thlaspi perfoliatum	Microthlaspi perfoliatum	Microthlaspi perfoliatum	Streptophyta	Magnoliopsida	Brassicales	Brassicaceae	Microthlaspi	NCBI_LINEAGE
KU293940.1	Thlaspi perfoliatum	Microthlaspi perfoliatum	Microthlaspi perfoliatum	Streptophyta	Magnoliopsida	Brassicales	Brassicaceae	Microthlaspi	NCBI_LINEAGE
KU293941.1	Thlaspi perfoliatum	Microthlaspi perfoliatum	Microthlaspi perfoliatum	Streptophyta	Magnoliopsida	Brassicales	Brassicaceae	Microthlaspi	NCBI_LINEAGE
KU293942.1	Thlaspi perfoliatum	Microthlaspi perfoliatum	Microthlaspi perfoliatum	Streptophyta	Magnoliopsida	Brassicales	Brassicaceae	Microthlaspi	NCBI_LINEAGE
KU293943.1	Thlaspi perfoliatum	Microthlaspi perfoliatum	Microthlaspi perfoliatum	Streptophyta	Magnoliopsida	Brassicales	Brassicaceae	Microthlaspi	NCBI_LINEAGE
KU293944.1	Thlaspi perfoliatum	Microthlaspi perfoliatum	Microthlaspi perfoliatum	Streptophyta	Magnoliopsida	Brassicales	Brassicaceae	Microthlaspi	NCBI_LINEAGE
KU293945.1	Thlaspi perfoliatum	Microthlaspi perfoliatum	Microthlaspi perfoliatum	Streptophyta	Magnoliopsida	Brassicales	Brassicaceae	Microthlaspi	NCBI_LINEAGE
KU293946.1	Thlaspi perfoliatum	Microthlaspi perfoliatum	Microthlaspi perfoliatum	Streptophyta	Magnoliopsida	Brassicales	Brassicaceae	Microthlaspi	NCBI_LINEAGE
KU293947.1	Thlaspi perfoliatum	Microthlaspi perfoliatum	Microthlaspi perfoliatum	Streptophyta	Magnoliopsida	Brassicales	Brassicaceae	Microthlaspi	NCBI_LINEAGE
KU293948.1	Thlaspi perfoliatum	Microthlaspi perfoliatum	Microthlaspi perfoliatum	Streptophyta	Magnoliopsida	Brassicales	Brassicaceae	Microthlaspi	NCBI_LINEAGE
KU293949.1	Thlaspi perfoliatum	Microthlaspi perfoliatum	Microthlaspi perfoliatum	Streptophyta	Magnoliopsida	Brassicales	Brassicaceae	Microthlaspi	NCBI_LINEAGE
KU293950.1	Thlaspi perfoliatum	Microthlaspi perfoliatum	Microthlaspi perfoliatum	Streptophyta	Magnoliopsida	Brassicales	Brassicaceae	Microthlaspi	NCBI_LINEAGE
KU293951.1	Thlaspi perfoliatum	Microthlaspi perfoliatum	Microthlaspi perfoliatum	Streptophyta	Magnoliopsida	Brassicales	Brassicaceae	Microthlaspi	NCBI_LINEAGE
KU293952.1	Thlaspi perfoliatum	Microthlaspi perfoliatum	Microthlaspi perfoliatum	Streptophyta	Magnoliopsida	Brassicales	Brassicaceae	Microthlaspi	NCBI_LINEAGE
KU293953.1	Thlaspi perfoliatum	Microthlaspi perfoliatum	Microthlaspi perfoliatum	Streptophyta	Magnoliopsida	Brassicales	Brassicaceae	Microthlaspi	NCBI_LINEAGE
KU293954.1	Thlaspi perfoliatum	Microthlaspi perfoliatum	Microthlaspi perfoliatum	Streptophyta	Magnoliopsida	Brassicales	Brassicaceae	Microthlaspi	NCBI_LINEAGE
KU293955.1	Thlaspi perfoliatum	Microthlaspi perfoliatum	Microthlaspi perfoliatum	Streptophyta	Magnoliopsida	Brassicales	Brassicaceae	Microthlaspi	NCBI_LINEAGE
KU293956.1	Thlaspi perfoliatum	Microthlaspi perfoliatum	Microthlaspi perfoliatum	Streptophyta	Magnoliopsida	Brassicales	Brassicaceae	Microthlaspi	NCBI_LINEAGE
KU293957.1	Thlaspi perfoliatum	Microthlaspi perfoliatum	Microthlaspi perfoliatum	Streptophyta	Magnoliopsida	Brassicales	Brassicaceae	Microthlaspi	NCBI_LINEAGE
KU293958.1	Thlaspi perfoliatum	Microthlaspi perfoliatum	Microthlaspi perfoliatum	Streptophyta	Magnoliopsida	Brassicales	Brassicaceae	Microthlaspi	NCBI_LINEAGE
KU293959.1	Thlaspi perfoliatum	Microthlaspi perfoliatum	Microthlaspi perfoliatum	Streptophyta	Magnoliopsida	Brassicales	Brassicaceae	Microthlaspi	NCBI_LINEAGE
KU293960.1	Thlaspi perfoliatum	Microthlaspi perfoliatum	Microthlaspi perfoliatum	Streptophyta	Magnoliopsida	Brassicales	Brassicaceae	Microthlaspi	NCBI_LINEAGE
KU293961.1	Thlaspi perfoliatum	Microthlaspi perfoliatum	Microthlaspi perfoliatum	Streptophyta	Magnoliopsida	Brassicales	Brassicaceae	Microthlaspi	NCBI_LINEAGE
KU293962.1	Thlaspi perfoliatum	Microthlaspi perfoliatum	Microthlaspi perfoliatum	Streptophyta	Magnoliopsida	Brassicales	Brassicaceae	Microthlaspi	NCBI_LINEAGE
KU293963.1	Thlaspi perfoliatum	Microthlaspi perfoliatum	Microthlaspi perfoliatum	Streptophyta	Magnoliopsida	Brassicales	Brassicaceae	Microthlaspi	NCBI_LINEAGE
KU293964.1	Thlaspi perfoliatum	Microthlaspi perfoliatum	Microthlaspi perfoliatum	Streptophyta	Magnoliopsida	Brassicales	Brassicaceae	Microthlaspi	NCBI_LINEAGE
KU293965.1	Thlaspi perfoliatum	Microthlaspi perfoliatum	Microthlaspi perfoliatum	Streptophyta	Magnoliopsida	Brassicales	Brassicaceae	Microthlaspi	NCBI_LINEAGE
KU293966.1	Thlaspi perfoliatum	Microthlaspi perfoliatum	Microthlaspi perfoliatum	Streptophyta	Magnoliopsida	Brassicales	Brassicaceae	Microthlaspi	NCBI_LINEAGE
KU293967.1	Thlaspi perfoliatum	Microthlaspi perfoliatum	Microthlaspi perfoliatum	Streptophyta	Magnoliopsida	Brassicales	Brassicaceae	Microthlaspi	NCBI_LINEAGE
KU293968.1	Thlaspi perfoliatum	Microthlaspi perfoliatum	Microthlaspi perfoliatum	Streptophyta	Magnoliopsida	Brassicales	Brassicaceae	Microthlaspi	NCBI_LINEAGE
KU293969.1	Thlaspi perfoliatum	Microthlaspi perfoliatum	Microthlaspi perfoliatum	Streptophyta	Magnoliopsida	Brassicales	Brassicaceae	Microthlaspi	NCBI_LINEAGE
KU293970.1	Thlaspi perfoliatum	Microthlaspi perfoliatum	Microthlaspi perfoliatum	Streptophyta	Magnoliopsida	Brassicales	Brassicaceae	Microthlaspi	NCBI_LINEAGE
KU293971.1	Thlaspi perfoliatum	Microthlaspi perfoliatum	Microthlaspi perfoliatum	Streptophyta	Magnoliopsida	Brassicales	Brassicaceae	Microthlaspi	NCBI_LINEAGE
KU293972.1	Thlaspi perfoliatum	Microthlaspi perfoliatum	Microthlaspi perfoliatum	Streptophyta	Magnoliopsida	Brassicales	Brassicaceae	Microthlaspi	NCBI_LINEAGE
KU293973.1	Thlaspi perfoliatum	Microthlaspi perfoliatum	Microthlaspi perfoliatum	Streptophyta	Magnoliopsida	Brassicales	Brassicaceae	Microthlaspi	NCBI_LINEAGE
KU293974.1	Thlaspi perfoliatum	Microthlaspi perfoliatum	Microthlaspi perfoliatum	Streptophyta	Magnoliopsida	Brassicales	Brassicaceae	Microthlaspi	NCBI_LINEAGE
KU293975.1	Thlaspi perfoliatum	Microthlaspi perfoliatum	Microthlaspi perfoliatum	Streptophyta	Magnoliopsida	Brassicales	Brassicaceae	Microthlaspi	NCBI_LINEAGE
KU293976.1	Thlaspi perfoliatum	Microthlaspi perfoliatum	Microthlaspi perfoliatum	Streptophyta	Magnoliopsida	Brassicales	Brassicaceae	Microthlaspi	NCBI_LINEAGE
KU293978.1	Thlaspi perfoliatum	Microthlaspi perfoliatum	Microthlaspi perfoliatum	Streptophyta	Magnoliopsida	Brassicales	Brassicaceae	Microthlaspi	NCBI_LINEAGE
KU293979.1	Thlaspi perfoliatum	Microthlaspi perfoliatum	Microthlaspi perfoliatum	Streptophyta	Magnoliopsida	Brassicales	Brassicaceae	Microthlaspi	NCBI_LINEAGE
KU293980.1	Thlaspi perfoliatum	Microthlaspi perfoliatum	Microthlaspi perfoliatum	Streptophyta	Magnoliopsida	Brassicales	Brassicaceae	Microthlaspi	NCBI_LINEAGE
KU293981.1	Thlaspi perfoliatum	Microthlaspi perfoliatum	Microthlaspi perfoliatum	Streptophyta	Magnoliopsida	Brassicales	Brassicaceae	Microthlaspi	NCBI_LINEAGE
KU293982.1	Thlaspi perfoliatum	Microthlaspi perfoliatum	Microthlaspi perfoliatum	Streptophyta	Magnoliopsida	Brassicales	Brassicaceae	Microthlaspi	NCBI_LINEAGE
KU293983.1	Thlaspi perfoliatum	Microthlaspi perfoliatum	Microthlaspi perfoliatum	Streptophyta	Magnoliopsida	Brassicales	Brassicaceae	Microthlaspi	NCBI_LINEAGE
KU293984.1	Thlaspi perfoliatum	Microthlaspi perfoliatum	Microthlaspi perfoliatum	Streptophyta	Magnoliopsida	Brassicales	Brassicaceae	Microthlaspi	NCBI_LINEAGE
KU293985.1	Thlaspi perfoliatum	Microthlaspi perfoliatum	Microthlaspi perfoliatum	Streptophyta	Magnoliopsida	Brassicales	Brassicaceae	Microthlaspi	NCBI_LINEAGE
KU293986.1	Thlaspi perfoliatum	Microthlaspi perfoliatum	Microthlaspi perfoliatum	Streptophyta	Magnoliopsida	Brassicales	Brassicaceae	Microthlaspi	NCBI_LINEAGE
KU293987.1	Thlaspi perfoliatum	Microthlaspi perfoliatum	Microthlaspi perfoliatum	Streptophyta	Magnoliopsida	Brassicales	Brassicaceae	Microthlaspi	NCBI_LINEAGE
KU293988.1	Thlaspi perfoliatum	Microthlaspi perfoliatum	Microthlaspi perfoliatum	Streptophyta	Magnoliopsida	Brassicales	Brassicaceae	Microthlaspi	NCBI_LINEAGE
KU293989.1	Thlaspi perfoliatum	Microthlaspi perfoliatum	Microthlaspi perfoliatum	Streptophyta	Magnoliopsida	Brassicales	Brassicaceae	Microthlaspi	NCBI_LINEAGE
KU293991.1	Thlaspi perfoliatum	Microthlaspi perfoliatum	Microthlaspi perfoliatum	Streptophyta	Magnoliopsida	Brassicales	Brassicaceae	Microthlaspi	NCBI_LINEAGE
KU293992.1	Thlaspi perfoliatum	Microthlaspi perfoliatum	Microthlaspi perfoliatum	Streptophyta	Magnoliopsida	Brassicales	Brassicaceae	Microthlaspi	NCBI_LINEAGE
KU293993.1	Thlaspi perfoliatum	Microthlaspi perfoliatum	Microthlaspi perfoliatum	Streptophyta	Magnoliopsida	Brassicales	Brassicaceae	Microthlaspi	NCBI_LINEAGE
KU293994.1	Thlaspi perfoliatum	Microthlaspi perfoliatum	Microthlaspi perfoliatum	Streptophyta	Magnoliopsida	Brassicales	Brassicaceae	Microthlaspi	NCBI_LINEAGE
KU293995.1	Thlaspi perfoliatum	Microthlaspi perfoliatum	Microthlaspi perfoliatum	Streptophyta	Magnoliopsida	Brassicales	Brassicaceae	Microthlaspi	NCBI_LINEAGE
KU293996.1	Thlaspi perfoliatum	Microthlaspi perfoliatum	Microthlaspi perfoliatum	Streptophyta	Magnoliopsida	Brassicales	Brassicaceae	Microthlaspi	NCBI_LINEAGE
KU293997.1	Thlaspi perfoliatum	Microthlaspi perfoliatum	Microthlaspi perfoliatum	Streptophyta	Magnoliopsida	Brassicales	Brassicaceae	Microthlaspi	NCBI_LINEAGE
KU293998.1	Thlaspi perfoliatum	Microthlaspi perfoliatum	Microthlaspi perfoliatum	Streptophyta	Magnoliopsida	Brassicales	Brassicaceae	Microthlaspi	NCBI_LINEAGE
KU293999.1	Thlaspi perfoliatum	Microthlaspi perfoliatum	Microthlaspi perfoliatum	Streptophyta	Magnoliopsida	Brassicales	Brassicaceae	Microthlaspi	NCBI_LINEAGE
KU294000.1	Thlaspi perfoliatum	Microthlaspi perfoliatum	Microthlaspi perfoliatum	Streptophyta	Magnoliopsida	Brassicales	Brassicaceae	Microthlaspi	NCBI_LINEAGE
KU294001.1	Thlaspi perfoliatum	Microthlaspi perfoliatum	Microthlaspi perfoliatum	Streptophyta	Magnoliopsida	Brassicales	Brassicaceae	Microthlaspi	NCBI_LINEAGE
KU294002.1	Thlaspi perfoliatum	Microthlaspi perfoliatum	Microthlaspi perfoliatum	Streptophyta	Magnoliopsida	Brassicales	Brassicaceae	Microthlaspi	NCBI_LINEAGE
KU294003.1	Thlaspi perfoliatum	Microthlaspi perfoliatum	Microthlaspi perfoliatum	Streptophyta	Magnoliopsida	Brassicales	Brassicaceae	Microthlaspi	NCBI_LINEAGE
KU294004.1	Thlaspi perfoliatum	Microthlaspi perfoliatum	Microthlaspi perfoliatum	Streptophyta	Magnoliopsida	Brassicales	Brassicaceae	Microthlaspi	NCBI_LINEAGE
KU294005.1	Thlaspi perfoliatum	Microthlaspi perfoliatum	Microthlaspi perfoliatum	Streptophyta	Magnoliopsida	Brassicales	Brassicaceae	Microthlaspi	NCBI_LINEAGE
KU294006.1	Thlaspi perfoliatum	Microthlaspi perfoliatum	Microthlaspi perfoliatum	Streptophyta	Magnoliopsida	Brassicales	Brassicaceae	Microthlaspi	NCBI_LINEAGE
KU294007.1	Thlaspi perfoliatum	Microthlaspi perfoliatum	Microthlaspi perfoliatum	Streptophyta	Magnoliopsida	Brassicales	Brassicaceae	Microthlaspi	NCBI_LINEAGE
KU294008.1	Thlaspi perfoliatum	Microthlaspi perfoliatum	Microthlaspi perfoliatum	Streptophyta	Magnoliopsida	Brassicales	Brassicaceae	Microthlaspi	NCBI_LINEAGE
KU294009.1	Thlaspi perfoliatum	Microthlaspi perfoliatum	Microthlaspi perfoliatum	Streptophyta	Magnoliopsida	Brassicales	Brassicaceae	Microthlaspi	NCBI_LINEAGE
KU294010.1	Thlaspi perfoliatum	Microthlaspi perfoliatum	Microthlaspi perfoliatum	Streptophyta	Magnoliopsida	Brassicales	Brassicaceae	Microthlaspi	NCBI_LINEAGE
KU294011.1	Thlaspi perfoliatum	Microthlaspi perfoliatum	Microthlaspi perfoliatum	Streptophyta	Magnoliopsida	Brassicales	Brassicaceae	Microthlaspi	NCBI_LINEAGE
KU294012.1	Thlaspi perfoliatum	Microthlaspi perfoliatum	Microthlaspi perfoliatum	Streptophyta	Magnoliopsida	Brassicales	Brassicaceae	Microthlaspi	NCBI_LINEAGE
KU294013.1	Thlaspi perfoliatum	Microthlaspi perfoliatum	Microthlaspi perfoliatum	Streptophyta	Magnoliopsida	Brassicales	Brassicaceae	Microthlaspi	NCBI_LINEAGE
KU294014.1	Thlaspi perfoliatum	Microthlaspi perfoliatum	Microthlaspi perfoliatum	Streptophyta	Magnoliopsida	Brassicales	Brassicaceae	Microthlaspi	NCBI_LINEAGE
KU294015.1	Thlaspi perfoliatum	Microthlaspi perfoliatum	Microthlaspi perfoliatum	Streptophyta	Magnoliopsida	Brassicales	Brassicaceae	Microthlaspi	NCBI_LINEAGE
KU294016.1	Thlaspi perfoliatum	Microthlaspi perfoliatum	Microthlaspi perfoliatum	Streptophyta	Magnoliopsida	Brassicales	Brassicaceae	Microthlaspi	NCBI_LINEAGE
KU294021.1	Thlaspi perfoliatum	Microthlaspi perfoliatum	Microthlaspi perfoliatum	Streptophyta	Magnoliopsida	Brassicales	Brassicaceae	Microthlaspi	NCBI_LINEAGE
KU294022.1	Thlaspi perfoliatum	Microthlaspi perfoliatum	Microthlaspi perfoliatum	Streptophyta	Magnoliopsida	Brassicales	Brassicaceae	Microthlaspi	NCBI_LINEAGE
KU294023.1	Thlaspi perfoliatum	Microthlaspi perfoliatum	Microthlaspi perfoliatum	Streptophyta	Magnoliopsida	Brassicales	Brassicaceae	Microthlaspi	NCBI_LINEAGE
KU294024.1	Thlaspi perfoliatum	Microthlaspi perfoliatum	Microthlaspi perfoliatum	Streptophyta	Magnoliopsida	Brassicales	Brassicaceae	Microthlaspi	NCBI_LINEAGE
KU294025.1	Thlaspi perfoliatum	Microthlaspi perfoliatum	Microthlaspi perfoliatum	Streptophyta	Magnoliopsida	Brassicales	Brassicaceae	Microthlaspi	NCBI_LINEAGE
KY318764.1	Thlaspi perfoliatum	Microthlaspi perfoliatum	Microthlaspi perfoliatum	Streptophyta	Magnoliopsida	Brassicales	Brassicaceae	Microthlaspi	NCBI_LINEAGE
KY318765.1	Thlaspi perfoliatum	Microthlaspi perfoliatum	Microthlaspi perfoliatum	Streptophyta	Magnoliopsida	Brassicales	Brassicaceae	Microthlaspi	NCBI_LINEAGE
KY318766.1	Thlaspi perfoliatum	Microthlaspi perfoliatum	Microthlaspi perfoliatum	Streptophyta	Magnoliopsida	Brassicales	Brassicaceae	Microthlaspi	NCBI_LINEAGE
KY318767.1	Thlaspi perfoliatum	Microthlaspi perfoliatum	Microthlaspi perfoliatum	Streptophyta	Magnoliopsida	Brassicales	Brassicaceae	Microthlaspi	NCBI_LINEAGE
KY318768.1	Thlaspi perfoliatum	Microthlaspi perfoliatum	Microthlaspi perfoliatum	Streptophyta	Magnoliopsida	Brassicales	Brassicaceae	Microthlaspi	NCBI_LINEAGE
KY318769.1	Thlaspi perfoliatum	Microthlaspi perfoliatum	Microthlaspi perfoliatum	Streptophyta	Magnoliopsida	Brassicales	Brassicaceae	Microthlaspi	NCBI_LINEAGE
KY318770.1	Thlaspi perfoliatum	Microthlaspi perfoliatum	Microthlaspi perfoliatum	Streptophyta	Magnoliopsida	Brassicales	Brassicaceae	Microthlaspi	NCBI_LINEAGE
KY318771.1	Thlaspi perfoliatum	Microthlaspi perfoliatum	Microthlaspi perfoliatum	Streptophyta	Magnoliopsida	Brassicales	Brassicaceae	Microthlaspi	NCBI_LINEAGE
KY318772.1	Thlaspi perfoliatum	Microthlaspi perfoliatum	Microthlaspi perfoliatum	Streptophyta	Magnoliopsida	Brassicales	Brassicaceae	Microthlaspi	NCBI_LINEAGE
KY318773.1	Thlaspi perfoliatum	Microthlaspi perfoliatum	Microthlaspi perfoliatum	Streptophyta	Magnoliopsida	Brassicales	Brassicaceae	Microthlaspi	NCBI_LINEAGE
KY318774.1	Thlaspi perfoliatum	Microthlaspi perfoliatum	Microthlaspi perfoliatum	Streptophyta	Magnoliopsida	Brassicales	Brassicaceae	Microthlaspi	NCBI_LINEAGE
KY318775.1	Thlaspi perfoliatum	Microthlaspi perfoliatum	Microthlaspi perfoliatum	Streptophyta	Magnoliopsida	Brassicales	Brassicaceae	Microthlaspi	NCBI_LINEAGE
KY318776.1	Thlaspi perfoliatum	Microthlaspi perfoliatum	Microthlaspi perfoliatum	Streptophyta	Magnoliopsida	Brassicales	Brassicaceae	Microthlaspi	NCBI_LINEAGE
KY318777.1	Thlaspi perfoliatum	Microthlaspi perfoliatum	Microthlaspi perfoliatum	Streptophyta	Magnoliopsida	Brassicales	Brassicaceae	Microthlaspi	NCBI_LINEAGE
KY318778.1	Thlaspi perfoliatum	Microthlaspi perfoliatum	Microthlaspi perfoliatum	Streptophyta	Magnoliopsida	Brassicales	Brassicaceae	Microthlaspi	NCBI_LINEAGE
KY318779.1	Thlaspi perfoliatum	Microthlaspi perfoliatum	Microthlaspi perfoliatum	Streptophyta	Magnoliopsida	Brassicales	Brassicaceae	Microthlaspi	NCBI_LINEAGE
KY318780.1	Thlaspi perfoliatum	Microthlaspi perfoliatum	Microthlaspi perfoliatum	Streptophyta	Magnoliopsida	Brassicales	Brassicaceae	Microthlaspi	NCBI_LINEAGE
KY318781.1	Thlaspi perfoliatum	Microthlaspi perfoliatum	Microthlaspi perfoliatum	Streptophyta	Magnoliopsida	Brassicales	Brassicaceae	Microthlaspi	NCBI_LINEAGE
KY318782.1	Thlaspi perfoliatum	Microthlaspi perfoliatum	Microthlaspi perfoliatum	Streptophyta	Magnoliopsida	Brassicales	Brassicaceae	Microthlaspi	NCBI_LINEAGE
KY318783.1	Thlaspi perfoliatum	Microthlaspi perfoliatum	Microthlaspi perfoliatum	Streptophyta	Magnoliopsida	Brassicales	Brassicaceae	Microthlaspi	NCBI_LINEAGE
KY318784.1	Thlaspi perfoliatum	Microthlaspi perfoliatum	Microthlaspi perfoliatum	Streptophyta	Magnoliopsida	Brassicales	Brassicaceae	Microthlaspi	NCBI_LINEAGE
KY318785.1	Thlaspi perfoliatum	Microthlaspi perfoliatum	Microthlaspi perfoliatum	Streptophyta	Magnoliopsida	Brassicales	Brassicaceae	Microthlaspi	NCBI_LINEAGE
KY318786.1	Thlaspi perfoliatum	Microthlaspi perfoliatum	Microthlaspi perfoliatum	Streptophyta	Magnoliopsida	Brassicales	Brassicaceae	Microthlaspi	NCBI_LINEAGE
KY318787.1	Thlaspi perfoliatum	Microthlaspi perfoliatum	Microthlaspi perfoliatum	Streptophyta	Magnoliopsida	Brassicales	Brassicaceae	Microthlaspi	NCBI_LINEAGE
KY318788.1	Thlaspi perfoliatum	Microthlaspi perfoliatum	Microthlaspi perfoliatum	Streptophyta	Magnoliopsida	Brassicales	Brassicaceae	Microthlaspi	NCBI_LINEAGE
KY318789.1	Thlaspi perfoliatum	Microthlaspi perfoliatum	Microthlaspi perfoliatum	Streptophyta	Magnoliopsida	Brassicales	Brassicaceae	Microthlaspi	NCBI_LINEAGE
KY318790.1	Thlaspi perfoliatum	Microthlaspi perfoliatum	Microthlaspi perfoliatum	Streptophyta	Magnoliopsida	Brassicales	Brassicaceae	Microthlaspi	NCBI_LINEAGE
KY318791.1	Thlaspi perfoliatum	Microthlaspi perfoliatum	Microthlaspi perfoliatum	Streptophyta	Magnoliopsida	Brassicales	Brassicaceae	Microthlaspi	NCBI_LINEAGE
KY318792.1	Thlaspi perfoliatum	Microthlaspi perfoliatum	Microthlaspi perfoliatum	Streptophyta	Magnoliopsida	Brassicales	Brassicaceae	Microthlaspi	NCBI_LINEAGE
KY318793.1	Thlaspi perfoliatum	Microthlaspi perfoliatum	Microthlaspi perfoliatum	Streptophyta	Magnoliopsida	Brassicales	Brassicaceae	Microthlaspi	NCBI_LINEAGE
KY318794.1	Thlaspi perfoliatum	Microthlaspi perfoliatum	Microthlaspi perfoliatum	Streptophyta	Magnoliopsida	Brassicales	Brassicaceae	Microthlaspi	NCBI_LINEAGE
KY318795.1	Thlaspi perfoliatum	Microthlaspi perfoliatum	Microthlaspi perfoliatum	Streptophyta	Magnoliopsida	Brassicales	Brassicaceae	Microthlaspi	NCBI_LINEAGE
KY318796.1	Thlaspi perfoliatum	Microthlaspi perfoliatum	Microthlaspi perfoliatum	Streptophyta	Magnoliopsida	Brassicales	Brassicaceae	Microthlaspi	NCBI_LINEAGE
KY318797.1	Thlaspi perfoliatum	Microthlaspi perfoliatum	Microthlaspi perfoliatum	Streptophyta	Magnoliopsida	Brassicales	Brassicaceae	Microthlaspi	NCBI_LINEAGE
KY318798.1	Thlaspi perfoliatum	Microthlaspi perfoliatum	Microthlaspi perfoliatum	Streptophyta	Magnoliopsida	Brassicales	Brassicaceae	Microthlaspi	NCBI_LINEAGE
KY318799.1	Thlaspi perfoliatum	Microthlaspi perfoliatum	Microthlaspi perfoliatum	Streptophyta	Magnoliopsida	Brassicales	Brassicaceae	Microthlaspi	NCBI_LINEAGE
KY318800.1	Thlaspi perfoliatum	Microthlaspi perfoliatum	Microthlaspi perfoliatum	Streptophyta	Magnoliopsida	Brassicales	Brassicaceae	Microthlaspi	NCBI_LINEAGE
KY318801.1	Thlaspi perfoliatum	Microthlaspi perfoliatum	Microthlaspi perfoliatum	Streptophyta	Magnoliopsida	Brassicales	Brassicaceae	Microthlaspi	NCBI_LINEAGE
KY318802.1	Thlaspi perfoliatum	Microthlaspi perfoliatum	Microthlaspi perfoliatum	Streptophyta	Magnoliopsida	Brassicales	Brassicaceae	Microthlaspi	NCBI_LINEAGE
KY318803.1	Thlaspi perfoliatum	Microthlaspi perfoliatum	Microthlaspi perfoliatum	Streptophyta	Magnoliopsida	Brassicales	Brassicaceae	Microthlaspi	NCBI_LINEAGE
KY318804.1	Thlaspi perfoliatum	Microthlaspi perfoliatum	Microthlaspi perfoliatum	Streptophyta	Magnoliopsida	Brassicales	Brassicaceae	Microthlaspi	NCBI_LINEAGE
KY318805.1	Thlaspi perfoliatum	Microthlaspi perfoliatum	Microthlaspi perfoliatum	Streptophyta	Magnoliopsida	Brassicales	Brassicaceae	Microthlaspi	NCBI_LINEAGE
KY318806.1	Thlaspi perfoliatum	Microthlaspi perfoliatum	Microthlaspi perfoliatum	Streptophyta	Magnoliopsida	Brassicales	Brassicaceae	Microthlaspi	NCBI_LINEAGE
KY318807.1	Thlaspi perfoliatum	Microthlaspi perfoliatum	Microthlaspi perfoliatum	Streptophyta	Magnoliopsida	Brassicales	Brassicaceae	Microthlaspi	NCBI_LINEAGE
KY318808.1	Thlaspi perfoliatum	Microthlaspi perfoliatum	Microthlaspi perfoliatum	Streptophyta	Magnoliopsida	Brassicales	Brassicaceae	Microthlaspi	NCBI_LINEAGE
KY318809.1	Thlaspi perfoliatum	Microthlaspi perfoliatum	Microthlaspi perfoliatum	Streptophyta	Magnoliopsida	Brassicales	Brassicaceae	Microthlaspi	NCBI_LINEAGE
KY318810.1	Thlaspi perfoliatum	Microthlaspi perfoliatum	Microthlaspi perfoliatum	Streptophyta	Magnoliopsida	Brassicales	Brassicaceae	Microthlaspi	NCBI_LINEAGE
KY318811.1	Thlaspi perfoliatum	Microthlaspi perfoliatum	Microthlaspi perfoliatum	Streptophyta	Magnoliopsida	Brassicales	Brassicaceae	Microthlaspi	NCBI_LINEAGE
KY318812.1	Thlaspi perfoliatum	Microthlaspi perfoliatum	Microthlaspi perfoliatum	Streptophyta	Magnoliopsida	Brassicales	Brassicaceae	Microthlaspi	NCBI_LINEAGE
KY318813.1	Thlaspi perfoliatum	Microthlaspi perfoliatum	Microthlaspi perfoliatum	Streptophyta	Magnoliopsida	Brassicales	Brassicaceae	Microthlaspi	NCBI_LINEAGE
KY318814.1	Thlaspi perfoliatum	Microthlaspi perfoliatum	Microthlaspi perfoliatum	Streptophyta	Magnoliopsida	Brassicales	Brassicaceae	Microthlaspi	NCBI_LINEAGE
KY318815.1	Thlaspi perfoliatum	Microthlaspi perfoliatum	Microthlaspi perfoliatum	Streptophyta	Magnoliopsida	Brassicales	Brassicaceae	Microthlaspi	NCBI_LINEAGE
KY318816.1	Thlaspi perfoliatum	Microthlaspi perfoliatum	Microthlaspi perfoliatum	Streptophyta	Magnoliopsida	Brassicales	Brassicaceae	Microthlaspi	NCBI_LINEAGE
KY318817.1	Thlaspi perfoliatum	Microthlaspi perfoliatum	Microthlaspi perfoliatum	Streptophyta	Magnoliopsida	Brassicales	Brassicaceae	Microthlaspi	NCBI_LINEAGE
KY318818.1	Thlaspi perfoliatum	Microthlaspi perfoliatum	Microthlaspi perfoliatum	Streptophyta	Magnoliopsida	Brassicales	Brassicaceae	Microthlaspi	NCBI_LINEAGE
KY318819.1	Thlaspi perfoliatum	Microthlaspi perfoliatum	Microthlaspi perfoliatum	Streptophyta	Magnoliopsida	Brassicales	Brassicaceae	Microthlaspi	NCBI_LINEAGE
KY318820.1	Thlaspi perfoliatum	Microthlaspi perfoliatum	Microthlaspi perfoliatum	Streptophyta	Magnoliopsida	Brassicales	Brassicaceae	Microthlaspi	NCBI_LINEAGE
KY318821.1	Thlaspi perfoliatum	Microthlaspi perfoliatum	Microthlaspi perfoliatum	Streptophyta	Magnoliopsida	Brassicales	Brassicaceae	Microthlaspi	NCBI_LINEAGE
KY318822.1	Thlaspi perfoliatum	Microthlaspi perfoliatum	Microthlaspi perfoliatum	Streptophyta	Magnoliopsida	Brassicales	Brassicaceae	Microthlaspi	NCBI_LINEAGE
KY318823.1	Thlaspi perfoliatum	Microthlaspi perfoliatum	Microthlaspi perfoliatum	Streptophyta	Magnoliopsida	Brassicales	Brassicaceae	Microthlaspi	NCBI_LINEAGE
KY318824.1	Thlaspi perfoliatum	Microthlaspi perfoliatum	Microthlaspi perfoliatum	Streptophyta	Magnoliopsida	Brassicales	Brassicaceae	Microthlaspi	NCBI_LINEAGE
KY318825.1	Thlaspi perfoliatum	Microthlaspi perfoliatum	Microthlaspi perfoliatum	Streptophyta	Magnoliopsida	Brassicales	Brassicaceae	Microthlaspi	NCBI_LINEAGE
KY318826.1	Thlaspi perfoliatum	Microthlaspi perfoliatum	Microthlaspi perfoliatum	Streptophyta	Magnoliopsida	Brassicales	Brassicaceae	Microthlaspi	NCBI_LINEAGE
KY318827.1	Thlaspi perfoliatum	Microthlaspi perfoliatum	Microthlaspi perfoliatum	Streptophyta	Magnoliopsida	Brassicales	Brassicaceae	Microthlaspi	NCBI_LINEAGE
KY318828.1	Thlaspi perfoliatum	Microthlaspi perfoliatum	Microthlaspi perfoliatum	Streptophyta	Magnoliopsida	Brassicales	Brassicaceae	Microthlaspi	NCBI_LINEAGE
KY318829.1	Thlaspi perfoliatum	Microthlaspi perfoliatum	Microthlaspi perfoliatum	Streptophyta	Magnoliopsida	Brassicales	Brassicaceae	Microthlaspi	NCBI_LINEAGE
KY318830.1	Thlaspi perfoliatum	Microthlaspi perfoliatum	Microthlaspi perfoliatum	Streptophyta	Magnoliopsida	Brassicales	Brassicaceae	Microthlaspi	NCBI_LINEAGE
KY318831.1	Thlaspi perfoliatum	Microthlaspi perfoliatum	Microthlaspi perfoliatum	Streptophyta	Magnoliopsida	Brassicales	Brassicaceae	Microthlaspi	NCBI_LINEAGE
KY318832.1	Thlaspi perfoliatum	Microthlaspi perfoliatum	Microthlaspi perfoliatum	Streptophyta	Magnoliopsida	Brassicales	Brassicaceae	Microthlaspi	NCBI_LINEAGE
KY318833.1	Thlaspi perfoliatum	Microthlaspi perfoliatum	Microthlaspi perfoliatum	Streptophyta	Magnoliopsida	Brassicales	Brassicaceae	Microthlaspi	NCBI_LINEAGE
KY318834.1	Thlaspi perfoliatum	Microthlaspi perfoliatum	Microthlaspi perfoliatum	Streptophyta	Magnoliopsida	Brassicales	Brassicaceae	Microthlaspi	NCBI_LINEAGE
KY318835.1	Thlaspi perfoliatum	Microthlaspi perfoliatum	Microthlaspi perfoliatum	Streptophyta	Magnoliopsida	Brassicales	Brassicaceae	Microthlaspi	NCBI_LINEAGE
KY318836.1	Thlaspi perfoliatum	Microthlaspi perfoliatum	Microthlaspi perfoliatum	Streptophyta	Magnoliopsida	Brassicales	Brassicaceae	Microthlaspi	NCBI_LINEAGE
KY318837.1	Thlaspi perfoliatum	Microthlaspi perfoliatum	Microthlaspi perfoliatum	Streptophyta	Magnoliopsida	Brassicales	Brassicaceae	Microthlaspi	NCBI_LINEAGE
KY318838.1	Thlaspi perfoliatum	Microthlaspi perfoliatum	Microthlaspi perfoliatum	Streptophyta	Magnoliopsida	Brassicales	Brassicaceae	Microthlaspi	NCBI_LINEAGE
KY318839.1	Thlaspi perfoliatum	Microthlaspi perfoliatum	Microthlaspi perfoliatum	Streptophyta	Magnoliopsida	Brassicales	Brassicaceae	Microthlaspi	NCBI_LINEAGE
KY318840.1	Thlaspi perfoliatum	Microthlaspi perfoliatum	Microthlaspi perfoliatum	Streptophyta	Magnoliopsida	Brassicales	Brassicaceae	Microthlaspi	NCBI_LINEAGE
KY318841.1	Thlaspi perfoliatum	Microthlaspi perfoliatum	Microthlaspi perfoliatum	Streptophyta	Magnoliopsida	Brassicales	Brassicaceae	Microthlaspi	NCBI_LINEAGE
KY318842.1	Thlaspi perfoliatum	Microthlaspi perfoliatum	Microthlaspi perfoliatum	Streptophyta	Magnoliopsida	Brassicales	Brassicaceae	Microthlaspi	NCBI_LINEAGE
KY318843.1	Thlaspi perfoliatum	Microthlaspi perfoliatum	Microthlaspi perfoliatum	Streptophyta	Magnoliopsida	Brassicales	Brassicaceae	Microthlaspi	NCBI_LINEAGE
KY318844.1	Thlaspi perfoliatum	Microthlaspi perfoliatum	Microthlaspi perfoliatum	Streptophyta	Magnoliopsida	Brassicales	Brassicaceae	Microthlaspi	NCBI_LINEAGE
KY318845.1	Thlaspi perfoliatum	Microthlaspi perfoliatum	Microthlaspi perfoliatum	Streptophyta	Magnoliopsida	Brassicales	Brassicaceae	Microthlaspi	NCBI_LINEAGE
KY318846.1	Thlaspi perfoliatum	Microthlaspi perfoliatum	Microthlaspi perfoliatum	Streptophyta	Magnoliopsida	Brassicales	Brassicaceae	Microthlaspi	NCBI_LINEAGE
KY318847.1	Thlaspi perfoliatum	Microthlaspi perfoliatum	Microthlaspi perfoliatum	Streptophyta	Magnoliopsida	Brassicales	Brassicaceae	Microthlaspi	NCBI_LINEAGE
KY318848.1	Thlaspi perfoliatum	Microthlaspi perfoliatum	Microthlaspi perfoliatum	Streptophyta	Magnoliopsida	Brassicales	Brassicaceae	Microthlaspi	NCBI_LINEAGE
KY318849.1	Thlaspi perfoliatum	Microthlaspi perfoliatum	Microthlaspi perfoliatum	Streptophyta	Magnoliopsida	Brassicales	Brassicaceae	Microthlaspi	NCBI_LINEAGE
KY318850.1	Thlaspi perfoliatum	Microthlaspi perfoliatum	Microthlaspi perfoliatum	Streptophyta	Magnoliopsida	Brassicales	Brassicaceae	Microthlaspi	NCBI_LINEAGE
KY318851.1	Thlaspi perfoliatum	Microthlaspi perfoliatum	Microthlaspi perfoliatum	Streptophyta	Magnoliopsida	Brassicales	Brassicaceae	Microthlaspi	NCBI_LINEAGE
KY318852.1	Thlaspi perfoliatum	Microthlaspi perfoliatum	Microthlaspi perfoliatum	Streptophyta	Magnoliopsida	Brassicales	Brassicaceae	Microthlaspi	NCBI_LINEAGE
KY318853.1	Thlaspi perfoliatum	Microthlaspi perfoliatum	Microthlaspi perfoliatum	Streptophyta	Magnoliopsida	Brassicales	Brassicaceae	Microthlaspi	NCBI_LINEAGE
KY318854.1	Thlaspi perfoliatum	Microthlaspi perfoliatum	Microthlaspi perfoliatum	Streptophyta	Magnoliopsida	Brassicales	Brassicaceae	Microthlaspi	NCBI_LINEAGE
KY318855.1	Thlaspi perfoliatum	Microthlaspi perfoliatum	Microthlaspi perfoliatum	Streptophyta	Magnoliopsida	Brassicales	Brassicaceae	Microthlaspi	NCBI_LINEAGE
KY318856.1	Thlaspi perfoliatum	Microthlaspi perfoliatum	Microthlaspi perfoliatum	Streptophyta	Magnoliopsida	Brassicales	Brassicaceae	Microthlaspi	NCBI_LINEAGE
KY318857.1	Thlaspi perfoliatum	Microthlaspi perfoliatum	Microthlaspi perfoliatum	Streptophyta	Magnoliopsida	Brassicales	Brassicaceae	Microthlaspi	NCBI_LINEAGE
KY318858.1	Thlaspi perfoliatum	Microthlaspi perfoliatum	Microthlaspi perfoliatum	Streptophyta	Magnoliopsida	Brassicales	Brassicaceae	Microthlaspi	NCBI_LINEAGE
KY318859.1	Thlaspi perfoliatum	Microthlaspi perfoliatum	Microthlaspi perfoliatum	Streptophyta	Magnoliopsida	Brassicales	Brassicaceae	Microthlaspi	NCBI_LINEAGE
KY318860.1	Thlaspi perfoliatum	Microthlaspi perfoliatum	Microthlaspi perfoliatum	Streptophyta	Magnoliopsida	Brassicales	Brassicaceae	Microthlaspi	NCBI_LINEAGE
KY318861.1	Thlaspi perfoliatum	Microthlaspi perfoliatum	Microthlaspi perfoliatum	Streptophyta	Magnoliopsida	Brassicales	Brassicaceae	Microthlaspi	NCBI_LINEAGE
KY318862.1	Thlaspi perfoliatum	Microthlaspi perfoliatum	Microthlaspi perfoliatum	Streptophyta	Magnoliopsida	Brassicales	Brassicaceae	Microthlaspi	NCBI_LINEAGE
KY318863.1	Thlaspi perfoliatum	Microthlaspi perfoliatum	Microthlaspi perfoliatum	Streptophyta	Magnoliopsida	Brassicales	Brassicaceae	Microthlaspi	NCBI_LINEAGE
KY318864.1	Thlaspi perfoliatum	Microthlaspi perfoliatum	Microthlaspi perfoliatum	Streptophyta	Magnoliopsida	Brassicales	Brassicaceae	Microthlaspi	NCBI_LINEAGE
KY318865.1	Thlaspi perfoliatum	Microthlaspi perfoliatum	Microthlaspi perfoliatum	Streptophyta	Magnoliopsida	Brassicales	Brassicaceae	Microthlaspi	NCBI_LINEAGE
KY318866.1	Thlaspi perfoliatum	Microthlaspi perfoliatum	Microthlaspi perfoliatum	Streptophyta	Magnoliopsida	Brassicales	Brassicaceae	Microthlaspi	NCBI_LINEAGE
KY318867.1	Thlaspi perfoliatum	Microthlaspi perfoliatum	Microthlaspi perfoliatum	Streptophyta	Magnoliopsida	Brassicales	Brassicaceae	Microthlaspi	NCBI_LINEAGE
KY318868.1	Thlaspi perfoliatum	Microthlaspi perfoliatum	Microthlaspi perfoliatum	Streptophyta	Magnoliopsida	Brassicales	Brassicaceae	Microthlaspi	NCBI_LINEAGE
KY318869.1	Thlaspi perfoliatum	Microthlaspi perfoliatum	Microthlaspi perfoliatum	Streptophyta	Magnoliopsida	Brassicales	Brassicaceae	Microthlaspi	NCBI_LINEAGE
KY318870.1	Thlaspi perfoliatum	Microthlaspi perfoliatum	Microthlaspi perfoliatum	Streptophyta	Magnoliopsida	Brassicales	Brassicaceae	Microthlaspi	NCBI_LINEAGE
KY318871.1	Thlaspi perfoliatum	Microthlaspi perfoliatum	Microthlaspi perfoliatum	Streptophyta	Magnoliopsida	Brassicales	Brassicaceae	Microthlaspi	NCBI_LINEAGE
KY318872.1	Thlaspi perfoliatum	Microthlaspi perfoliatum	Microthlaspi perfoliatum	Streptophyta	Magnoliopsida	Brassicales	Brassicaceae	Microthlaspi	NCBI_LINEAGE
KY318873.1	Thlaspi perfoliatum	Microthlaspi perfoliatum	Microthlaspi perfoliatum	Streptophyta	Magnoliopsida	Brassicales	Brassicaceae	Microthlaspi	NCBI_LINEAGE
KY318874.1	Thlaspi perfoliatum	Microthlaspi perfoliatum	Microthlaspi perfoliatum	Streptophyta	Magnoliopsida	Brassicales	Brassicaceae	Microthlaspi	NCBI_LINEAGE
KY318875.1	Thlaspi perfoliatum	Microthlaspi perfoliatum	Microthlaspi perfoliatum	Streptophyta	Magnoliopsida	Brassicales	Brassicaceae	Microthlaspi	NCBI_LINEAGE
KY318876.1	Thlaspi perfoliatum	Microthlaspi perfoliatum	Microthlaspi perfoliatum	Streptophyta	Magnoliopsida	Brassicales	Brassicaceae	Microthlaspi	NCBI_LINEAGE
KY318877.1	Thlaspi perfoliatum	Microthlaspi perfoliatum	Microthlaspi perfoliatum	Streptophyta	Magnoliopsida	Brassicales	Brassicaceae	Microthlaspi	NCBI_LINEAGE
KY318878.1	Thlaspi perfoliatum	Microthlaspi perfoliatum	Microthlaspi perfoliatum	Streptophyta	Magnoliopsida	Brassicales	Brassicaceae	Microthlaspi	NCBI_LINEAGE
KY318879.1	Thlaspi perfoliatum	Microthlaspi perfoliatum	Microthlaspi perfoliatum	Streptophyta	Magnoliopsida	Brassicales	Brassicaceae	Microthlaspi	NCBI_LINEAGE
KY318880.1	Thlaspi perfoliatum	Microthlaspi perfoliatum	Microthlaspi perfoliatum	Streptophyta	Magnoliopsida	Brassicales	Brassicaceae	Microthlaspi	NCBI_LINEAGE
KY318881.1	Thlaspi perfoliatum	Microthlaspi perfoliatum	Microthlaspi perfoliatum	Streptophyta	Magnoliopsida	Brassicales	Brassicaceae	Microthlaspi	NCBI_LINEAGE
KY318882.1	Thlaspi perfoliatum	Microthlaspi perfoliatum	Microthlaspi perfoliatum	Streptophyta	Magnoliopsida	Brassicales	Brassicaceae	Microthlaspi	NCBI_LINEAGE
KY318883.1	Thlaspi perfoliatum	Microthlaspi perfoliatum	Microthlaspi perfoliatum	Streptophyta	Magnoliopsida	Brassicales	Brassicaceae	Microthlaspi	NCBI_LINEAGE
KY318884.1	Thlaspi perfoliatum	Microthlaspi perfoliatum	Microthlaspi perfoliatum	Streptophyta	Magnoliopsida	Brassicales	Brassicaceae	Microthlaspi	NCBI_LINEAGE
KY318885.1	Thlaspi perfoliatum	Microthlaspi perfoliatum	Microthlaspi perfoliatum	Streptophyta	Magnoliopsida	Brassicales	Brassicaceae	Microthlaspi	NCBI_LINEAGE
KY318886.1	Thlaspi perfoliatum	Microthlaspi perfoliatum	Microthlaspi perfoliatum	Streptophyta	Magnoliopsida	Brassicales	Brassicaceae	Microthlaspi	NCBI_LINEAGE
KY318887.1	Thlaspi perfoliatum	Microthlaspi perfoliatum	Microthlaspi perfoliatum	Streptophyta	Magnoliopsida	Brassicales	Brassicaceae	Microthlaspi	NCBI_LINEAGE
KY318888.1	Thlaspi perfoliatum	Microthlaspi perfoliatum	Microthlaspi perfoliatum	Streptophyta	Magnoliopsida	Brassicales	Brassicaceae	Microthlaspi	NCBI_LINEAGE
KY318889.1	Thlaspi perfoliatum	Microthlaspi perfoliatum	Microthlaspi perfoliatum	Streptophyta	Magnoliopsida	Brassicales	Brassicaceae	Microthlaspi	NCBI_LINEAGE
KY318890.1	Thlaspi perfoliatum	Microthlaspi perfoliatum	Microthlaspi perfoliatum	Streptophyta	Magnoliopsida	Brassicales	Brassicaceae	Microthlaspi	NCBI_LINEAGE
KY318891.1	Thlaspi perfoliatum	Microthlaspi perfoliatum	Microthlaspi perfoliatum	Streptophyta	Magnoliopsida	Brassicales	Brassicaceae	Microthlaspi	NCBI_LINEAGE
KY318892.1	Thlaspi perfoliatum	Microthlaspi perfoliatum	Microthlaspi perfoliatum	Streptophyta	Magnoliopsida	Brassicales	Brassicaceae	Microthlaspi	NCBI_LINEAGE
KY318893.1	Thlaspi perfoliatum	Microthlaspi perfoliatum	Microthlaspi perfoliatum	Streptophyta	Magnoliopsida	Brassicales	Brassicaceae	Microthlaspi	NCBI_LINEAGE
KY318894.1	Thlaspi perfoliatum	Microthlaspi perfoliatum	Microthlaspi perfoliatum	Streptophyta	Magnoliopsida	Brassicales	Brassicaceae	Microthlaspi	NCBI_LINEAGE
KY318895.1	Thlaspi perfoliatum	Microthlaspi perfoliatum	Microthlaspi perfoliatum	Streptophyta	Magnoliopsida	Brassicales	Brassicaceae	Microthlaspi	NCBI_LINEAGE
KY318896.1	Thlaspi perfoliatum	Microthlaspi perfoliatum	Microthlaspi perfoliatum	Streptophyta	Magnoliopsida	Brassicales	Brassicaceae	Microthlaspi	NCBI_LINEAGE
KY318897.1	Thlaspi perfoliatum	Microthlaspi perfoliatum	Microthlaspi perfoliatum	Streptophyta	Magnoliopsida	Brassicales	Brassicaceae	Microthlaspi	NCBI_LINEAGE
KY318898.1	Thlaspi perfoliatum	Microthlaspi perfoliatum	Microthlaspi perfoliatum	Streptophyta	Magnoliopsida	Brassicales	Brassicaceae	Microthlaspi	NCBI_LINEAGE
KY318899.1	Thlaspi perfoliatum	Microthlaspi perfoliatum	Microthlaspi perfoliatum	Streptophyta	Magnoliopsida	Brassicales	Brassicaceae	Microthlaspi	NCBI_LINEAGE
KY318900.1	Thlaspi perfoliatum	Microthlaspi perfoliatum	Microthlaspi perfoliatum	Streptophyta	Magnoliopsida	Brassicales	Brassicaceae	Microthlaspi	NCBI_LINEAGE
KY318901.1	Thlaspi perfoliatum	Microthlaspi perfoliatum	Microthlaspi perfoliatum	Streptophyta	Magnoliopsida	Brassicales	Brassicaceae	Microthlaspi	NCBI_LINEAGE
KY318902.1	Thlaspi perfoliatum	Microthlaspi perfoliatum	Microthlaspi perfoliatum	Streptophyta	Magnoliopsida	Brassicales	Brassicaceae	Microthlaspi	NCBI_LINEAGE
KY318903.1	Thlaspi perfoliatum	Microthlaspi perfoliatum	Microthlaspi perfoliatum	Streptophyta	Magnoliopsida	Brassicales	Brassicaceae	Microthlaspi	NCBI_LINEAGE
KY318904.1	Thlaspi perfoliatum	Microthlaspi perfoliatum	Microthlaspi perfoliatum	Streptophyta	Magnoliopsida	Brassicales	Brassicaceae	Microthlaspi	NCBI_LINEAGE
KY318905.1	Thlaspi perfoliatum	Microthlaspi perfoliatum	Microthlaspi perfoliatum	Streptophyta	Magnoliopsida	Brassicales	Brassicaceae	Microthlaspi	NCBI_LINEAGE
KY318906.1	Thlaspi perfoliatum	Microthlaspi perfoliatum	Microthlaspi perfoliatum	Streptophyta	Magnoliopsida	Brassicales	Brassicaceae	Microthlaspi	NCBI_LINEAGE
KY318907.1	Thlaspi perfoliatum	Microthlaspi perfoliatum	Microthlaspi perfoliatum	Streptophyta	Magnoliopsida	Brassicales	Brassicaceae	Microthlaspi	NCBI_LINEAGE
KY318908.1	Thlaspi perfoliatum	Microthlaspi perfoliatum	Microthlaspi perfoliatum	Streptophyta	Magnoliopsida	Brassicales	Brassicaceae	Microthlaspi	NCBI_LINEAGE
KY318909.1	Thlaspi perfoliatum	Microthlaspi perfoliatum	Microthlaspi perfoliatum	Streptophyta	Magnoliopsida	Brassicales	Brassicaceae	Microthlaspi	NCBI_LINEAGE
KY318910.1	Thlaspi perfoliatum	Microthlaspi perfoliatum	Microthlaspi perfoliatum	Streptophyta	Magnoliopsida	Brassicales	Brassicaceae	Microthlaspi	NCBI_LINEAGE
KY318911.1	Thlaspi perfoliatum	Microthlaspi perfoliatum	Microthlaspi perfoliatum	Streptophyta	Magnoliopsida	Brassicales	Brassicaceae	Microthlaspi	NCBI_LINEAGE
KY318912.1	Thlaspi perfoliatum	Microthlaspi perfoliatum	Microthlaspi perfoliatum	Streptophyta	Magnoliopsida	Brassicales	Brassicaceae	Microthlaspi	NCBI_LINEAGE
KY318913.1	Thlaspi perfoliatum	Microthlaspi perfoliatum	Microthlaspi perfoliatum	Streptophyta	Magnoliopsida	Brassicales	Brassicaceae	Microthlaspi	NCBI_LINEAGE
KY318914.1	Thlaspi perfoliatum	Microthlaspi perfoliatum	Microthlaspi perfoliatum	Streptophyta	Magnoliopsida	Brassicales	Brassicaceae	Microthlaspi	NCBI_LINEAGE
KY318915.1	Thlaspi perfoliatum	Microthlaspi perfoliatum	Microthlaspi perfoliatum	Streptophyta	Magnoliopsida	Brassicales	Brassicaceae	Microthlaspi	NCBI_LINEAGE
KY318916.1	Thlaspi perfoliatum	Microthlaspi perfoliatum	Microthlaspi perfoliatum	Streptophyta	Magnoliopsida	Brassicales	Brassicaceae	Microthlaspi	NCBI_LINEAGE
KY318917.1	Thlaspi perfoliatum	Microthlaspi perfoliatum	Microthlaspi perfoliatum	Streptophyta	Magnoliopsida	Brassicales	Brassicaceae	Microthlaspi	NCBI_LINEAGE
KY318918.1	Thlaspi perfoliatum	Microthlaspi perfoliatum	Microthlaspi perfoliatum	Streptophyta	Magnoliopsida	Brassicales	Brassicaceae	Microthlaspi	NCBI_LINEAGE
KY318919.1	Thlaspi perfoliatum	Microthlaspi perfoliatum	Microthlaspi perfoliatum	Streptophyta	Magnoliopsida	Brassicales	Brassicaceae	Microthlaspi	NCBI_LINEAGE
KY318920.1	Thlaspi perfoliatum	Microthlaspi perfoliatum	Microthlaspi perfoliatum	Streptophyta	Magnoliopsida	Brassicales	Brassicaceae	Microthlaspi	NCBI_LINEAGE
KY318921.1	Thlaspi perfoliatum	Microthlaspi perfoliatum	Microthlaspi perfoliatum	Streptophyta	Magnoliopsida	Brassicales	Brassicaceae	Microthlaspi	NCBI_LINEAGE
KY318922.1	Thlaspi perfoliatum	Microthlaspi perfoliatum	Microthlaspi perfoliatum	Streptophyta	Magnoliopsida	Brassicales	Brassicaceae	Microthlaspi	NCBI_LINEAGE
KY318923.1	Thlaspi perfoliatum	Microthlaspi perfoliatum	Microthlaspi perfoliatum	Streptophyta	Magnoliopsida	Brassicales	Brassicaceae	Microthlaspi	NCBI_LINEAGE
KY318924.1	Thlaspi perfoliatum	Microthlaspi perfoliatum	Microthlaspi perfoliatum	Streptophyta	Magnoliopsida	Brassicales	Brassicaceae	Microthlaspi	NCBI_LINEAGE
KY318925.1	Thlaspi perfoliatum	Microthlaspi perfoliatum	Microthlaspi perfoliatum	Streptophyta	Magnoliopsida	Brassicales	Brassicaceae	Microthlaspi	NCBI_LINEAGE
KY318926.1	Thlaspi perfoliatum	Microthlaspi perfoliatum	Microthlaspi perfoliatum	Streptophyta	Magnoliopsida	Brassicales	Brassicaceae	Microthlaspi	NCBI_LINEAGE
KY318927.1	Thlaspi perfoliatum	Microthlaspi perfoliatum	Microthlaspi perfoliatum	Streptophyta	Magnoliopsida	Brassicales	Brassicaceae	Microthlaspi	NCBI_LINEAGE
KY318928.1	Thlaspi perfoliatum	Microthlaspi perfoliatum	Microthlaspi perfoliatum	Streptophyta	Magnoliopsida	Brassicales	Brassicaceae	Microthlaspi	NCBI_LINEAGE
KY318929.1	Thlaspi perfoliatum	Microthlaspi perfoliatum	Microthlaspi perfoliatum	Streptophyta	Magnoliopsida	Brassicales	Brassicaceae	Microthlaspi	NCBI_LINEAGE
KY318930.1	Thlaspi perfoliatum	Microthlaspi perfoliatum	Microthlaspi perfoliatum	Streptophyta	Magnoliopsida	Brassicales	Brassicaceae	Microthlaspi	NCBI_LINEAGE
KY318931.1	Thlaspi perfoliatum	Microthlaspi perfoliatum	Microthlaspi perfoliatum	Streptophyta	Magnoliopsida	Brassicales	Brassicaceae	Microthlaspi	NCBI_LINEAGE
KY318932.1	Thlaspi perfoliatum	Microthlaspi perfoliatum	Microthlaspi perfoliatum	Streptophyta	Magnoliopsida	Brassicales	Brassicaceae	Microthlaspi	NCBI_LINEAGE
KY318933.1	Thlaspi perfoliatum	Microthlaspi perfoliatum	Microthlaspi perfoliatum	Streptophyta	Magnoliopsida	Brassicales	Brassicaceae	Microthlaspi	NCBI_LINEAGE
KY318934.1	Thlaspi perfoliatum	Microthlaspi perfoliatum	Microthlaspi perfoliatum	Streptophyta	Magnoliopsida	Brassicales	Brassicaceae	Microthlaspi	NCBI_LINEAGE
KY318935.1	Thlaspi perfoliatum	Microthlaspi perfoliatum	Microthlaspi perfoliatum	Streptophyta	Magnoliopsida	Brassicales	Brassicaceae	Microthlaspi	NCBI_LINEAGE
KY318936.1	Thlaspi perfoliatum	Microthlaspi perfoliatum	Microthlaspi perfoliatum	Streptophyta	Magnoliopsida	Brassicales	Brassicaceae	Microthlaspi	NCBI_LINEAGE
KY318937.1	Thlaspi perfoliatum	Microthlaspi perfoliatum	Microthlaspi perfoliatum	Streptophyta	Magnoliopsida	Brassicales	Brassicaceae	Microthlaspi	NCBI_LINEAGE
KY318938.1	Thlaspi perfoliatum	Microthlaspi perfoliatum	Microthlaspi perfoliatum	Streptophyta	Magnoliopsida	Brassicales	Brassicaceae	Microthlaspi	NCBI_LINEAGE
KY318939.1	Thlaspi perfoliatum	Microthlaspi perfoliatum	Microthlaspi perfoliatum	Streptophyta	Magnoliopsida	Brassicales	Brassicaceae	Microthlaspi	NCBI_LINEAGE
KY318940.1	Thlaspi perfoliatum	Microthlaspi perfoliatum	Microthlaspi perfoliatum	Streptophyta	Magnoliopsida	Brassicales	Brassicaceae	Microthlaspi	NCBI_LINEAGE
KY318941.1	Thlaspi perfoliatum	Microthlaspi perfoliatum	Microthlaspi perfoliatum	Streptophyta	Magnoliopsida	Brassicales	Brassicaceae	Microthlaspi	NCBI_LINEAGE
KY318942.1	Thlaspi perfoliatum	Microthlaspi perfoliatum	Microthlaspi perfoliatum	Streptophyta	Magnoliopsida	Brassicales	Brassicaceae	Microthlaspi	NCBI_LINEAGE
KY318943.1	Thlaspi perfoliatum	Microthlaspi perfoliatum	Microthlaspi perfoliatum	Streptophyta	Magnoliopsida	Brassicales	Brassicaceae	Microthlaspi	NCBI_LINEAGE
KY318944.1	Thlaspi perfoliatum	Microthlaspi perfoliatum	Microthlaspi perfoliatum	Streptophyta	Magnoliopsida	Brassicales	Brassicaceae	Microthlaspi	NCBI_LINEAGE
KY318945.1	Thlaspi perfoliatum	Microthlaspi perfoliatum	Microthlaspi perfoliatum	Streptophyta	Magnoliopsida	Brassicales	Brassicaceae	Microthlaspi	NCBI_LINEAGE
KY318946.1	Thlaspi perfoliatum	Microthlaspi perfoliatum	Microthlaspi perfoliatum	Streptophyta	Magnoliopsida	Brassicales	Brassicaceae	Microthlaspi	NCBI_LINEAGE
KY318947.1	Thlaspi perfoliatum	Microthlaspi perfoliatum	Microthlaspi perfoliatum	Streptophyta	Magnoliopsida	Brassicales	Brassicaceae	Microthlaspi	NCBI_LINEAGE
KY318948.1	Thlaspi perfoliatum	Microthlaspi perfoliatum	Microthlaspi perfoliatum	Streptophyta	Magnoliopsida	Brassicales	Brassicaceae	Microthlaspi	NCBI_LINEAGE
KY318949.1	Thlaspi perfoliatum	Microthlaspi perfoliatum	Microthlaspi perfoliatum	Streptophyta	Magnoliopsida	Brassicales	Brassicaceae	Microthlaspi	NCBI_LINEAGE
KY318950.1	Thlaspi perfoliatum	Microthlaspi perfoliatum	Microthlaspi perfoliatum	Streptophyta	Magnoliopsida	Brassicales	Brassicaceae	Microthlaspi	NCBI_LINEAGE
KY318951.1	Thlaspi perfoliatum	Microthlaspi perfoliatum	Microthlaspi perfoliatum	Streptophyta	Magnoliopsida	Brassicales	Brassicaceae	Microthlaspi	NCBI_LINEAGE
KY318952.1	Thlaspi perfoliatum	Microthlaspi perfoliatum	Microthlaspi perfoliatum	Streptophyta	Magnoliopsida	Brassicales	Brassicaceae	Microthlaspi	NCBI_LINEAGE
KY318953.1	Thlaspi perfoliatum	Microthlaspi perfoliatum	Microthlaspi perfoliatum	Streptophyta	Magnoliopsida	Brassicales	Brassicaceae	Microthlaspi	NCBI_LINEAGE
KY318954.1	Thlaspi perfoliatum	Microthlaspi perfoliatum	Microthlaspi perfoliatum	Streptophyta	Magnoliopsida	Brassicales	Brassicaceae	Microthlaspi	NCBI_LINEAGE
KY318955.1	Thlaspi perfoliatum	Microthlaspi perfoliatum	Microthlaspi perfoliatum	Streptophyta	Magnoliopsida	Brassicales	Brassicaceae	Microthlaspi	NCBI_LINEAGE
KY318956.1	Thlaspi perfoliatum	Microthlaspi perfoliatum	Microthlaspi perfoliatum	Streptophyta	Magnoliopsida	Brassicales	Brassicaceae	Microthlaspi	NCBI_LINEAGE
KY318957.1	Thlaspi perfoliatum	Microthlaspi perfoliatum	Microthlaspi perfoliatum	Streptophyta	Magnoliopsida	Brassicales	Brassicaceae	Microthlaspi	NCBI_LINEAGE
KY318958.1	Thlaspi perfoliatum	Microthlaspi perfoliatum	Microthlaspi perfoliatum	Streptophyta	Magnoliopsida	Brassicales	Brassicaceae	Microthlaspi	NCBI_LINEAGE
KY318959.1	Thlaspi perfoliatum	Microthlaspi perfoliatum	Microthlaspi perfoliatum	Streptophyta	Magnoliopsida	Brassicales	Brassicaceae	Microthlaspi	NCBI_LINEAGE
KY318960.1	Thlaspi perfoliatum	Microthlaspi perfoliatum	Microthlaspi perfoliatum	Streptophyta	Magnoliopsida	Brassicales	Brassicaceae	Microthlaspi	NCBI_LINEAGE
KY318961.1	Thlaspi perfoliatum	Microthlaspi perfoliatum	Microthlaspi perfoliatum	Streptophyta	Magnoliopsida	Brassicales	Brassicaceae	Microthlaspi	NCBI_LINEAGE
KY318962.1	Thlaspi perfoliatum	Microthlaspi perfoliatum	Microthlaspi perfoliatum	Streptophyta	Magnoliopsida	Brassicales	Brassicaceae	Microthlaspi	NCBI_LINEAGE
KY318963.1	Thlaspi perfoliatum	Microthlaspi perfoliatum	Microthlaspi perfoliatum	Streptophyta	Magnoliopsida	Brassicales	Brassicaceae	Microthlaspi	NCBI_LINEAGE
KY318964.1	Thlaspi perfoliatum	Microthlaspi perfoliatum	Microthlaspi perfoliatum	Streptophyta	Magnoliopsida	Brassicales	Brassicaceae	Microthlaspi	NCBI_LINEAGE
KY318965.1	Thlaspi perfoliatum	Microthlaspi perfoliatum	Microthlaspi perfoliatum	Streptophyta	Magnoliopsida	Brassicales	Brassicaceae	Microthlaspi	NCBI_LINEAGE
KY318966.1	Thlaspi perfoliatum	Microthlaspi perfoliatum	Microthlaspi perfoliatum	Streptophyta	Magnoliopsida	Brassicales	Brassicaceae	Microthlaspi	NCBI_LINEAGE
KY318967.1	Thlaspi perfoliatum	Microthlaspi perfoliatum	Microthlaspi perfoliatum	Streptophyta	Magnoliopsida	Brassicales	Brassicaceae	Microthlaspi	NCBI_LINEAGE
KY318968.1	Thlaspi perfoliatum	Microthlaspi perfoliatum	Microthlaspi perfoliatum	Streptophyta	Magnoliopsida	Brassicales	Brassicaceae	Microthlaspi	NCBI_LINEAGE
KY318969.1	Thlaspi perfoliatum	Microthlaspi perfoliatum	Microthlaspi perfoliatum	Streptophyta	Magnoliopsida	Brassicales	Brassicaceae	Microthlaspi	NCBI_LINEAGE
KY318970.1	Thlaspi perfoliatum	Microthlaspi perfoliatum	Microthlaspi perfoliatum	Streptophyta	Magnoliopsida	Brassicales	Brassicaceae	Microthlaspi	NCBI_LINEAGE
KY318971.1	Thlaspi perfoliatum	Microthlaspi perfoliatum	Microthlaspi perfoliatum	Streptophyta	Magnoliopsida	Brassicales	Brassicaceae	Microthlaspi	NCBI_LINEAGE
KY318972.1	Thlaspi perfoliatum	Microthlaspi perfoliatum	Microthlaspi perfoliatum	Streptophyta	Magnoliopsida	Brassicales	Brassicaceae	Microthlaspi	NCBI_LINEAGE
KY318973.1	Thlaspi perfoliatum	Microthlaspi perfoliatum	Microthlaspi perfoliatum	Streptophyta	Magnoliopsida	Brassicales	Brassicaceae	Microthlaspi	NCBI_LINEAGE
KY318974.1	Thlaspi perfoliatum	Microthlaspi perfoliatum	Microthlaspi perfoliatum	Streptophyta	Magnoliopsida	Brassicales	Brassicaceae	Microthlaspi	NCBI_LINEAGE
KY318975.1	Thlaspi perfoliatum	Microthlaspi perfoliatum	Microthlaspi perfoliatum	Streptophyta	Magnoliopsida	Brassicales	Brassicaceae	Microthlaspi	NCBI_LINEAGE
KY318976.1	Thlaspi perfoliatum	Microthlaspi perfoliatum	Microthlaspi perfoliatum	Streptophyta	Magnoliopsida	Brassicales	Brassicaceae	Microthlaspi	NCBI_LINEAGE
KY318977.1	Thlaspi perfoliatum	Microthlaspi perfoliatum	Microthlaspi perfoliatum	Streptophyta	Magnoliopsida	Brassicales	Brassicaceae	Microthlaspi	NCBI_LINEAGE
KY318978.1	Thlaspi perfoliatum	Microthlaspi perfoliatum	Microthlaspi perfoliatum	Streptophyta	Magnoliopsida	Brassicales	Brassicaceae	Microthlaspi	NCBI_LINEAGE
KY318979.1	Thlaspi perfoliatum	Microthlaspi perfoliatum	Microthlaspi perfoliatum	Streptophyta	Magnoliopsida	Brassicales	Brassicaceae	Microthlaspi	NCBI_LINEAGE
KY318980.1	Thlaspi perfoliatum	Microthlaspi perfoliatum	Microthlaspi perfoliatum	Streptophyta	Magnoliopsida	Brassicales	Brassicaceae	Microthlaspi	NCBI_LINEAGE
KY318981.1	Thlaspi perfoliatum	Microthlaspi perfoliatum	Microthlaspi perfoliatum	Streptophyta	Magnoliopsida	Brassicales	Brassicaceae	Microthlaspi	NCBI_LINEAGE
KY318982.1	Thlaspi perfoliatum	Microthlaspi perfoliatum	Microthlaspi perfoliatum	Streptophyta	Magnoliopsida	Brassicales	Brassicaceae	Microthlaspi	NCBI_LINEAGE
KY318983.1	Thlaspi perfoliatum	Microthlaspi perfoliatum	Microthlaspi perfoliatum	Streptophyta	Magnoliopsida	Brassicales	Brassicaceae	Microthlaspi	NCBI_LINEAGE
KY318984.1	Thlaspi perfoliatum	Microthlaspi perfoliatum	Microthlaspi perfoliatum	Streptophyta	Magnoliopsida	Brassicales	Brassicaceae	Microthlaspi	NCBI_LINEAGE
KY318985.1	Thlaspi perfoliatum	Microthlaspi perfoliatum	Microthlaspi perfoliatum	Streptophyta	Magnoliopsida	Brassicales	Brassicaceae	Microthlaspi	NCBI_LINEAGE
KY318986.1	Thlaspi perfoliatum	Microthlaspi perfoliatum	Microthlaspi perfoliatum	Streptophyta	Magnoliopsida	Brassicales	Brassicaceae	Microthlaspi	NCBI_LINEAGE
KY318987.1	Thlaspi perfoliatum	Microthlaspi perfoliatum	Microthlaspi perfoliatum	Streptophyta	Magnoliopsida	Brassicales	Brassicaceae	Microthlaspi	NCBI_LINEAGE
KY318988.1	Thlaspi perfoliatum	Microthlaspi perfoliatum	Microthlaspi perfoliatum	Streptophyta	Magnoliopsida	Brassicales	Brassicaceae	Microthlaspi	NCBI_LINEAGE
KY318989.1	Thlaspi perfoliatum	Microthlaspi perfoliatum	Microthlaspi perfoliatum	Streptophyta	Magnoliopsida	Brassicales	Brassicaceae	Microthlaspi	NCBI_LINEAGE
KY318990.1	Thlaspi perfoliatum	Microthlaspi perfoliatum	Microthlaspi perfoliatum	Streptophyta	Magnoliopsida	Brassicales	Brassicaceae	Microthlaspi	NCBI_LINEAGE
KY318991.1	Thlaspi perfoliatum	Microthlaspi perfoliatum	Microthlaspi perfoliatum	Streptophyta	Magnoliopsida	Brassicales	Brassicaceae	Microthlaspi	NCBI_LINEAGE
KY318992.1	Thlaspi perfoliatum	Microthlaspi perfoliatum	Microthlaspi perfoliatum	Streptophyta	Magnoliopsida	Brassicales	Brassicaceae	Microthlaspi	NCBI_LINEAGE
KY318993.1	Thlaspi perfoliatum	Microthlaspi perfoliatum	Microthlaspi perfoliatum	Streptophyta	Magnoliopsida	Brassicales	Brassicaceae	Microthlaspi	NCBI_LINEAGE
KY318994.1	Thlaspi perfoliatum	Microthlaspi perfoliatum	Microthlaspi perfoliatum	Streptophyta	Magnoliopsida	Brassicales	Brassicaceae	Microthlaspi	NCBI_LINEAGE
KY318995.1	Thlaspi perfoliatum	Microthlaspi perfoliatum	Microthlaspi perfoliatum	Streptophyta	Magnoliopsida	Brassicales	Brassicaceae	Microthlaspi	NCBI_LINEAGE
KY318996.1	Thlaspi perfoliatum	Microthlaspi perfoliatum	Microthlaspi perfoliatum	Streptophyta	Magnoliopsida	Brassicales	Brassicaceae	Microthlaspi	NCBI_LINEAGE
KY318997.1	Thlaspi perfoliatum	Microthlaspi perfoliatum	Microthlaspi perfoliatum	Streptophyta	Magnoliopsida	Brassicales	Brassicaceae	Microthlaspi	NCBI_LINEAGE
KY318998.1	Thlaspi perfoliatum	Microthlaspi perfoliatum	Microthlaspi perfoliatum	Streptophyta	Magnoliopsida	Brassicales	Brassicaceae	Microthlaspi	NCBI_LINEAGE
KY318999.1	Thlaspi perfoliatum	Microthlaspi perfoliatum	Microthlaspi perfoliatum	Streptophyta	Magnoliopsida	Brassicales	Brassicaceae	Microthlaspi	NCBI_LINEAGE
KY319000.1	Thlaspi perfoliatum	Microthlaspi perfoliatum	Microthlaspi perfoliatum	Streptophyta	Magnoliopsida	Brassicales	Brassicaceae	Microthlaspi	NCBI_LINEAGE
KY319001.1	Thlaspi perfoliatum	Microthlaspi perfoliatum	Microthlaspi perfoliatum	Streptophyta	Magnoliopsida	Brassicales	Brassicaceae	Microthlaspi	NCBI_LINEAGE
KY319002.1	Thlaspi perfoliatum	Microthlaspi perfoliatum	Microthlaspi perfoliatum	Streptophyta	Magnoliopsida	Brassicales	Brassicaceae	Microthlaspi	NCBI_LINEAGE
KY319003.1	Thlaspi perfoliatum	Microthlaspi perfoliatum	Microthlaspi perfoliatum	Streptophyta	Magnoliopsida	Brassicales	Brassicaceae	Microthlaspi	NCBI_LINEAGE
KY319004.1	Thlaspi perfoliatum	Microthlaspi perfoliatum	Microthlaspi perfoliatum	Streptophyta	Magnoliopsida	Brassicales	Brassicaceae	Microthlaspi	NCBI_LINEAGE
KY319005.1	Thlaspi perfoliatum	Microthlaspi perfoliatum	Microthlaspi perfoliatum	Streptophyta	Magnoliopsida	Brassicales	Brassicaceae	Microthlaspi	NCBI_LINEAGE
KY319006.1	Thlaspi perfoliatum	Microthlaspi perfoliatum	Microthlaspi perfoliatum	Streptophyta	Magnoliopsida	Brassicales	Brassicaceae	Microthlaspi	NCBI_LINEAGE
KY319007.1	Thlaspi perfoliatum	Microthlaspi perfoliatum	Microthlaspi perfoliatum	Streptophyta	Magnoliopsida	Brassicales	Brassicaceae	Microthlaspi	NCBI_LINEAGE
KY319008.1	Thlaspi perfoliatum	Microthlaspi perfoliatum	Microthlaspi perfoliatum	Streptophyta	Magnoliopsida	Brassicales	Brassicaceae	Microthlaspi	NCBI_LINEAGE
KY319009.1	Thlaspi perfoliatum	Microthlaspi perfoliatum	Microthlaspi perfoliatum	Streptophyta	Magnoliopsida	Brassicales	Brassicaceae	Microthlaspi	NCBI_LINEAGE
KY319010.1	Thlaspi perfoliatum	Microthlaspi perfoliatum	Microthlaspi perfoliatum	Streptophyta	Magnoliopsida	Brassicales	Brassicaceae	Microthlaspi	NCBI_LINEAGE
KY319011.1	Thlaspi perfoliatum	Microthlaspi perfoliatum	Microthlaspi perfoliatum	Streptophyta	Magnoliopsida	Brassicales	Brassicaceae	Microthlaspi	NCBI_LINEAGE
KY319012.1	Thlaspi perfoliatum	Microthlaspi perfoliatum	Microthlaspi perfoliatum	Streptophyta	Magnoliopsida	Brassicales	Brassicaceae	Microthlaspi	NCBI_LINEAGE
KY319013.1	Thlaspi perfoliatum	Microthlaspi perfoliatum	Microthlaspi perfoliatum	Streptophyta	Magnoliopsida	Brassicales	Brassicaceae	Microthlaspi	NCBI_LINEAGE
KY319014.1	Thlaspi perfoliatum	Microthlaspi perfoliatum	Microthlaspi perfoliatum	Streptophyta	Magnoliopsida	Brassicales	Brassicaceae	Microthlaspi	NCBI_LINEAGE
KY319015.1	Thlaspi perfoliatum	Microthlaspi perfoliatum	Microthlaspi perfoliatum	Streptophyta	Magnoliopsida	Brassicales	Brassicaceae	Microthlaspi	NCBI_LINEAGE
KY319016.1	Thlaspi perfoliatum	Microthlaspi perfoliatum	Microthlaspi perfoliatum	Streptophyta	Magnoliopsida	Brassicales	Brassicaceae	Microthlaspi	NCBI_LINEAGE
KY319017.1	Thlaspi perfoliatum	Microthlaspi perfoliatum	Microthlaspi perfoliatum	Streptophyta	Magnoliopsida	Brassicales	Brassicaceae	Microthlaspi	NCBI_LINEAGE
KY319018.1	Thlaspi perfoliatum	Microthlaspi perfoliatum	Microthlaspi perfoliatum	Streptophyta	Magnoliopsida	Brassicales	Brassicaceae	Microthlaspi	NCBI_LINEAGE
KY319019.1	Thlaspi perfoliatum	Microthlaspi perfoliatum	Microthlaspi perfoliatum	Streptophyta	Magnoliopsida	Brassicales	Brassicaceae	Microthlaspi	NCBI_LINEAGE
KY319020.1	Thlaspi perfoliatum	Microthlaspi perfoliatum	Microthlaspi perfoliatum	Streptophyta	Magnoliopsida	Brassicales	Brassicaceae	Microthlaspi	NCBI_LINEAGE
KY319021.1	Thlaspi perfoliatum	Microthlaspi perfoliatum	Microthlaspi perfoliatum	Streptophyta	Magnoliopsida	Brassicales	Brassicaceae	Microthlaspi	NCBI_LINEAGE
KY319022.1	Thlaspi perfoliatum	Microthlaspi perfoliatum	Microthlaspi perfoliatum	Streptophyta	Magnoliopsida	Brassicales	Brassicaceae	Microthlaspi	NCBI_LINEAGE
KY319023.1	Thlaspi perfoliatum	Microthlaspi perfoliatum	Microthlaspi perfoliatum	Streptophyta	Magnoliopsida	Brassicales	Brassicaceae	Microthlaspi	NCBI_LINEAGE
KY319024.1	Thlaspi perfoliatum	Microthlaspi perfoliatum	Microthlaspi perfoliatum	Streptophyta	Magnoliopsida	Brassicales	Brassicaceae	Microthlaspi	NCBI_LINEAGE
KY319025.1	Thlaspi perfoliatum	Microthlaspi perfoliatum	Microthlaspi perfoliatum	Streptophyta	Magnoliopsida	Brassicales	Brassicaceae	Microthlaspi	NCBI_LINEAGE
KY319026.1	Thlaspi perfoliatum	Microthlaspi perfoliatum	Microthlaspi perfoliatum	Streptophyta	Magnoliopsida	Brassicales	Brassicaceae	Microthlaspi	NCBI_LINEAGE
KY319027.1	Thlaspi perfoliatum	Microthlaspi perfoliatum	Microthlaspi perfoliatum	Streptophyta	Magnoliopsida	Brassicales	Brassicaceae	Microthlaspi	NCBI_LINEAGE
KY319028.1	Thlaspi perfoliatum	Microthlaspi perfoliatum	Microthlaspi perfoliatum	Streptophyta	Magnoliopsida	Brassicales	Brassicaceae	Microthlaspi	NCBI_LINEAGE
KY319029.1	Thlaspi perfoliatum	Microthlaspi perfoliatum	Microthlaspi perfoliatum	Streptophyta	Magnoliopsida	Brassicales	Brassicaceae	Microthlaspi	NCBI_LINEAGE
MN275122.1	Thlaspi perfoliatum	Microthlaspi perfoliatum	Microthlaspi perfoliatum	Streptophyta	Magnoliopsida	Brassicales	Brassicaceae	Microthlaspi	NCBI_LINEAGE
AY836780.1	Thuja orientalis	Platycladus orientalis	Platycladus orientalis	Streptophyta	Pinopsida	Cupressales	Cupressaceae	Platycladus	NCBI_LINEAGE
GQ463478.1	Thuja orientalis	Platycladus orientalis	Platycladus orientalis	Streptophyta	Pinopsida	Cupressales	Cupressaceae	Platycladus	NCBI_LINEAGE
GQ463479.1	Thuja orientalis	Platycladus orientalis	Platycladus orientalis	Streptophyta	Pinopsida	Cupressales	Cupressaceae	Platycladus	NCBI_LINEAGE
GQ463480.1	Thuja orientalis	Platycladus orientalis	Platycladus orientalis	Streptophyta	Pinopsida	Cupressales	Cupressaceae	Platycladus	NCBI_LINEAGE
KC573828.1	Thuja orientalis	Platycladus orientalis	Platycladus orientalis	Streptophyta	Pinopsida	Cupressales	Cupressaceae	Platycladus	NCBI_LINEAGE
KC573829.1	Thuja orientalis	Platycladus orientalis	Platycladus orientalis	Streptophyta	Pinopsida	Cupressales	Cupressaceae	Platycladus	NCBI_LINEAGE
KT898213.1	Thuja orientalis	Platycladus orientalis	Platycladus orientalis	Streptophyta	Pinopsida	Cupressales	Cupressaceae	Platycladus	NCBI_LINEAGE
MF096803.1	Thuja orientalis	Platycladus orientalis	Platycladus orientalis	Streptophyta	Pinopsida	Cupressales	Cupressaceae	Platycladus	NCBI_LINEAGE
MF096804.1	Thuja orientalis	Platycladus orientalis	Platycladus orientalis	Streptophyta	Pinopsida	Cupressales	Cupressaceae	Platycladus	NCBI_LINEAGE
MF096805.1	Thuja orientalis	Platycladus orientalis	Platycladus orientalis	Streptophyta	Pinopsida	Cupressales	Cupressaceae	Platycladus	NCBI_LINEAGE
MF096806.1	Thuja orientalis	Platycladus orientalis	Platycladus orientalis	Streptophyta	Pinopsida	Cupressales	Cupressaceae	Platycladus	NCBI_LINEAGE
MF096807.1	Thuja orientalis	Platycladus orientalis	Platycladus orientalis	Streptophyta	Pinopsida	Cupressales	Cupressaceae	Platycladus	NCBI_LINEAGE
MF096808.1	Thuja orientalis	Platycladus orientalis	Platycladus orientalis	Streptophyta	Pinopsida	Cupressales	Cupressaceae	Platycladus	NCBI_LINEAGE
MF348985.1	Thuja orientalis	Platycladus orientalis	Platycladus orientalis	Streptophyta	Pinopsida	Cupressales	Cupressaceae	Platycladus	NCBI_LINEAGE
MF349086.1	Thuja orientalis	Platycladus orientalis	Platycladus orientalis	Streptophyta	Pinopsida	Cupressales	Cupressaceae	Platycladus	NCBI_LINEAGE
MF802967.1	Thuja orientalis	Platycladus orientalis	Platycladus orientalis	Streptophyta	Pinopsida	Cupressales	Cupressaceae	Platycladus	NCBI_LINEAGE
MF802968.1	Thuja orientalis	Platycladus orientalis	Platycladus orientalis	Streptophyta	Pinopsida	Cupressales	Cupressaceae	Platycladus	NCBI_LINEAGE
AF250023.1	Tilia tomentosa	Tilia tomentosa	Tilia tomentosa	Tracheophyta	Magnoliopsida	Malvales	Malvaceae	Tilia	BOLD_GENUS_BACKBONE
KF445417.1	Tilia tomentosa	Tilia tomentosa	Tilia tomentosa	Tracheophyta	Magnoliopsida	Malvales	Malvaceae	Tilia	BOLD_GENUS_BACKBONE
KF694725.1	Tilia tomentosa	Tilia tomentosa	Tilia tomentosa	Tracheophyta	Magnoliopsida	Malvales	Malvaceae	Tilia	BOLD_GENUS_BACKBONE
KF694727.1	Tilia tomentosa	Tilia tomentosa	Tilia tomentosa	Tracheophyta	Magnoliopsida	Malvales	Malvaceae	Tilia	BOLD_GENUS_BACKBONE
AB541078.1	Tofieldia calyculata	Tofieldia calyculata	Tofieldia calyculata	Streptophyta	Magnoliopsida	Alismatales	Tofieldiaceae	Tofieldia	NCBI_LINEAGE
AB541079.1	Tofieldia calyculata	Tofieldia calyculata	Tofieldia calyculata	Streptophyta	Magnoliopsida	Alismatales	Tofieldiaceae	Tofieldia	NCBI_LINEAGE
AB541081.1	Tofieldia calyculata	Tofieldia calyculata	Tofieldia calyculata	Streptophyta	Magnoliopsida	Alismatales	Tofieldiaceae	Tofieldia	NCBI_LINEAGE
AY796265.1	Tortella squarrosa	Pleurochaete squarrosa	Pleurochaete squarrosa	Streptophyta	Bryopsida	Pottiales	Pottiaceae	Pleurochaete	NCBI_LINEAGE
DQ985180.1	Tortella squarrosa	Pleurochaete squarrosa	Pleurochaete squarrosa	Streptophyta	Bryopsida	Pottiales	Pottiaceae	Pleurochaete	NCBI_LINEAGE
DQ985181.1	Tortella squarrosa	Pleurochaete squarrosa	Pleurochaete squarrosa	Streptophyta	Bryopsida	Pottiales	Pottiaceae	Pleurochaete	NCBI_LINEAGE
DQ985182.1	Tortella squarrosa	Pleurochaete squarrosa	Pleurochaete squarrosa	Streptophyta	Bryopsida	Pottiales	Pottiaceae	Pleurochaete	NCBI_LINEAGE
DQ985183.1	Tortella squarrosa	Pleurochaete squarrosa	Pleurochaete squarrosa	Streptophyta	Bryopsida	Pottiales	Pottiaceae	Pleurochaete	NCBI_LINEAGE
DQ985184.1	Tortella squarrosa	Pleurochaete squarrosa	Pleurochaete squarrosa	Streptophyta	Bryopsida	Pottiales	Pottiaceae	Pleurochaete	NCBI_LINEAGE
DQ985185.1	Tortella squarrosa	Pleurochaete squarrosa	Pleurochaete squarrosa	Streptophyta	Bryopsida	Pottiales	Pottiaceae	Pleurochaete	NCBI_LINEAGE
DQ985186.1	Tortella squarrosa	Pleurochaete squarrosa	Pleurochaete squarrosa	Streptophyta	Bryopsida	Pottiales	Pottiaceae	Pleurochaete	NCBI_LINEAGE
DQ985187.1	Tortella squarrosa	Pleurochaete squarrosa	Pleurochaete squarrosa	Streptophyta	Bryopsida	Pottiales	Pottiaceae	Pleurochaete	NCBI_LINEAGE
DQ985188.1	Tortella squarrosa	Pleurochaete squarrosa	Pleurochaete squarrosa	Streptophyta	Bryopsida	Pottiales	Pottiaceae	Pleurochaete	NCBI_LINEAGE
DQ985189.1	Tortella squarrosa	Pleurochaete squarrosa	Pleurochaete squarrosa	Streptophyta	Bryopsida	Pottiales	Pottiaceae	Pleurochaete	NCBI_LINEAGE
DQ985190.1	Tortella squarrosa	Pleurochaete squarrosa	Pleurochaete squarrosa	Streptophyta	Bryopsida	Pottiales	Pottiaceae	Pleurochaete	NCBI_LINEAGE
JX679950.1	Tortella squarrosa	Pleurochaete squarrosa	Pleurochaete squarrosa	Streptophyta	Bryopsida	Pottiales	Pottiaceae	Pleurochaete	NCBI_LINEAGE
KT380388.1	Tortella squarrosa	Pleurochaete squarrosa	Pleurochaete squarrosa	Streptophyta	Bryopsida	Pottiales	Pottiaceae	Pleurochaete	NCBI_LINEAGE
KT380415.1	Tortella squarrosa	Pleurochaete squarrosa	Pleurochaete squarrosa	Streptophyta	Bryopsida	Pottiales	Pottiaceae	Pleurochaete	NCBI_LINEAGE
AF144125.2	Tortula muralis	Tortula muralis	Tortula muralis	Bryophyta	Bryopsida	Pottiales	Pottiaceae	Tortula	BOLD_GENUS_BACKBONE
AY437132.1	Tortula muralis	Tortula muralis	Tortula muralis	Bryophyta	Bryopsida	Pottiales	Pottiaceae	Tortula	BOLD_GENUS_BACKBONE
JN544751.1	Tortula muralis	Tortula muralis subsp. obtusifolia	Tortula muralis	Bryophyta	Bryopsida	Pottiales	Pottiaceae	Tortula	BOLD_GENUS_BACKBONE
JN544758.1	Tortula muralis	Tortula muralis subsp. obtusifolia	Tortula muralis	Bryophyta	Bryopsida	Pottiales	Pottiaceae	Tortula	BOLD_GENUS_BACKBONE
JN544759.1	Tortula muralis	Tortula muralis subsp. obtusifolia	Tortula muralis	Bryophyta	Bryopsida	Pottiales	Pottiaceae	Tortula	BOLD_GENUS_BACKBONE
JN544760.1	Tortula muralis	Tortula muralis subsp. obtusifolia	Tortula muralis	Bryophyta	Bryopsida	Pottiales	Pottiaceae	Tortula	BOLD_GENUS_BACKBONE
JN544761.1	Tortula muralis	Tortula muralis var. muralis	Tortula muralis	Bryophyta	Bryopsida	Pottiales	Pottiaceae	Tortula	BOLD_GENUS_BACKBONE
JN544762.1	Tortula muralis	Tortula muralis var. muralis	Tortula muralis	Bryophyta	Bryopsida	Pottiales	Pottiaceae	Tortula	BOLD_GENUS_BACKBONE
JN544763.1	Tortula muralis	Tortula muralis var. aestiva	Tortula muralis	Bryophyta	Bryopsida	Pottiales	Pottiaceae	Tortula	BOLD_GENUS_BACKBONE
JN544764.1	Tortula muralis	Tortula muralis var. aestiva	Tortula muralis	Bryophyta	Bryopsida	Pottiales	Pottiaceae	Tortula	BOLD_GENUS_BACKBONE
JN544765.1	Tortula muralis	Tortula muralis var. aestiva	Tortula muralis	Bryophyta	Bryopsida	Pottiales	Pottiaceae	Tortula	BOLD_GENUS_BACKBONE
JN544766.1	Tortula muralis	Tortula muralis var. aestiva	Tortula muralis	Bryophyta	Bryopsida	Pottiales	Pottiaceae	Tortula	BOLD_GENUS_BACKBONE
JN544767.1	Tortula muralis	Tortula muralis subsp. muralis	Tortula muralis	Bryophyta	Bryopsida	Pottiales	Pottiaceae	Tortula	BOLD_GENUS_BACKBONE
JN544768.1	Tortula muralis	Tortula muralis subsp. muralis	Tortula muralis	Bryophyta	Bryopsida	Pottiales	Pottiaceae	Tortula	BOLD_GENUS_BACKBONE
JN544769.1	Tortula muralis	Tortula muralis var. aestiva	Tortula muralis	Bryophyta	Bryopsida	Pottiales	Pottiaceae	Tortula	BOLD_GENUS_BACKBONE
JN544770.1	Tortula muralis	Tortula muralis var. aestiva	Tortula muralis	Bryophyta	Bryopsida	Pottiales	Pottiaceae	Tortula	BOLD_GENUS_BACKBONE
JN544771.1	Tortula muralis	Tortula muralis var. aestiva	Tortula muralis	Bryophyta	Bryopsida	Pottiales	Pottiaceae	Tortula	BOLD_GENUS_BACKBONE
JN544772.1	Tortula muralis	Tortula muralis var. muralis	Tortula muralis	Bryophyta	Bryopsida	Pottiales	Pottiaceae	Tortula	BOLD_GENUS_BACKBONE
JN544773.1	Tortula muralis	Tortula muralis var. aestiva	Tortula muralis	Bryophyta	Bryopsida	Pottiales	Pottiaceae	Tortula	BOLD_GENUS_BACKBONE
JN544774.1	Tortula muralis	Tortula muralis var. aestiva	Tortula muralis	Bryophyta	Bryopsida	Pottiales	Pottiaceae	Tortula	BOLD_GENUS_BACKBONE
JN544775.1	Tortula muralis	Tortula muralis var. aestiva	Tortula muralis	Bryophyta	Bryopsida	Pottiales	Pottiaceae	Tortula	BOLD_GENUS_BACKBONE
JN544776.1	Tortula muralis	Tortula muralis var. aestiva	Tortula muralis	Bryophyta	Bryopsida	Pottiales	Pottiaceae	Tortula	BOLD_GENUS_BACKBONE
JN544777.1	Tortula muralis	Tortula muralis var. aestiva	Tortula muralis	Bryophyta	Bryopsida	Pottiales	Pottiaceae	Tortula	BOLD_GENUS_BACKBONE
JN544778.1	Tortula muralis	Tortula muralis var. aestiva	Tortula muralis	Bryophyta	Bryopsida	Pottiales	Pottiaceae	Tortula	BOLD_GENUS_BACKBONE
JN544779.1	Tortula muralis	Tortula muralis var. muralis	Tortula muralis	Bryophyta	Bryopsida	Pottiales	Pottiaceae	Tortula	BOLD_GENUS_BACKBONE
JN544780.1	Tortula muralis	Tortula muralis subsp. muralis	Tortula muralis	Bryophyta	Bryopsida	Pottiales	Pottiaceae	Tortula	BOLD_GENUS_BACKBONE
JN544781.1	Tortula muralis	Tortula muralis var. aestiva	Tortula muralis	Bryophyta	Bryopsida	Pottiales	Pottiaceae	Tortula	BOLD_GENUS_BACKBONE
JN544782.1	Tortula muralis	Tortula muralis var. aestiva	Tortula muralis	Bryophyta	Bryopsida	Pottiales	Pottiaceae	Tortula	BOLD_GENUS_BACKBONE
JN544783.1	Tortula muralis	Tortula muralis var. muralis	Tortula muralis	Bryophyta	Bryopsida	Pottiales	Pottiaceae	Tortula	BOLD_GENUS_BACKBONE
JN544785.1	Tortula muralis	Tortula muralis var. aestiva	Tortula muralis	Bryophyta	Bryopsida	Pottiales	Pottiaceae	Tortula	BOLD_GENUS_BACKBONE
JN544786.1	Tortula muralis	Tortula muralis var. aestiva	Tortula muralis	Bryophyta	Bryopsida	Pottiales	Pottiaceae	Tortula	BOLD_GENUS_BACKBONE
JN544787.1	Tortula muralis	Tortula muralis var. aestiva	Tortula muralis	Bryophyta	Bryopsida	Pottiales	Pottiaceae	Tortula	BOLD_GENUS_BACKBONE
JN544788.1	Tortula muralis	Tortula muralis subsp. muralis	Tortula muralis	Bryophyta	Bryopsida	Pottiales	Pottiaceae	Tortula	BOLD_GENUS_BACKBONE
JN544789.1	Tortula muralis	Tortula muralis var. aestiva	Tortula muralis	Bryophyta	Bryopsida	Pottiales	Pottiaceae	Tortula	BOLD_GENUS_BACKBONE
JN544790.1	Tortula muralis	Tortula muralis var. aestiva	Tortula muralis	Bryophyta	Bryopsida	Pottiales	Pottiaceae	Tortula	BOLD_GENUS_BACKBONE
JN544791.1	Tortula muralis	Tortula muralis var. muralis	Tortula muralis	Bryophyta	Bryopsida	Pottiales	Pottiaceae	Tortula	BOLD_GENUS_BACKBONE
JN544792.1	Tortula muralis	Tortula muralis var. muralis	Tortula muralis	Bryophyta	Bryopsida	Pottiales	Pottiaceae	Tortula	BOLD_GENUS_BACKBONE
JN544793.1	Tortula muralis	Tortula muralis var. aestiva	Tortula muralis	Bryophyta	Bryopsida	Pottiales	Pottiaceae	Tortula	BOLD_GENUS_BACKBONE
JN544794.1	Tortula muralis	Tortula muralis var. muralis	Tortula muralis	Bryophyta	Bryopsida	Pottiales	Pottiaceae	Tortula	BOLD_GENUS_BACKBONE
JN544795.1	Tortula muralis	Tortula muralis var. muralis	Tortula muralis	Bryophyta	Bryopsida	Pottiales	Pottiaceae	Tortula	BOLD_GENUS_BACKBONE
JN544796.1	Tortula muralis	Tortula muralis subsp. muralis	Tortula muralis	Bryophyta	Bryopsida	Pottiales	Pottiaceae	Tortula	BOLD_GENUS_BACKBONE
JN544797.1	Tortula muralis	Tortula muralis subsp. muralis	Tortula muralis	Bryophyta	Bryopsida	Pottiales	Pottiaceae	Tortula	BOLD_GENUS_BACKBONE
JN544798.1	Tortula muralis	Tortula muralis subsp. muralis	Tortula muralis	Bryophyta	Bryopsida	Pottiales	Pottiaceae	Tortula	BOLD_GENUS_BACKBONE
JN544799.1	Tortula muralis	Tortula muralis subsp. muralis	Tortula muralis	Bryophyta	Bryopsida	Pottiales	Pottiaceae	Tortula	BOLD_GENUS_BACKBONE
JN544800.1	Tortula muralis	Tortula muralis subsp. obtusifolia	Tortula muralis	Bryophyta	Bryopsida	Pottiales	Pottiaceae	Tortula	BOLD_GENUS_BACKBONE
JN544801.1	Tortula muralis	Tortula muralis subsp. obtusifolia	Tortula muralis	Bryophyta	Bryopsida	Pottiales	Pottiaceae	Tortula	BOLD_GENUS_BACKBONE
JN544802.1	Tortula muralis	Tortula muralis subsp. obtusifolia	Tortula muralis	Bryophyta	Bryopsida	Pottiales	Pottiaceae	Tortula	BOLD_GENUS_BACKBONE
JN544803.1	Tortula muralis	Tortula muralis subsp. obtusifolia	Tortula muralis	Bryophyta	Bryopsida	Pottiales	Pottiaceae	Tortula	BOLD_GENUS_BACKBONE
JN544804.1	Tortula muralis	Tortula muralis var. aestiva	Tortula muralis	Bryophyta	Bryopsida	Pottiales	Pottiaceae	Tortula	BOLD_GENUS_BACKBONE
JN544805.1	Tortula muralis	Tortula muralis var. aestiva	Tortula muralis	Bryophyta	Bryopsida	Pottiales	Pottiaceae	Tortula	BOLD_GENUS_BACKBONE
JN544807.1	Tortula muralis	Tortula muralis subsp. obtusifolia	Tortula muralis	Bryophyta	Bryopsida	Pottiales	Pottiaceae	Tortula	BOLD_GENUS_BACKBONE
JN544808.1	Tortula muralis	Tortula muralis var. aestiva	Tortula muralis	Bryophyta	Bryopsida	Pottiales	Pottiaceae	Tortula	BOLD_GENUS_BACKBONE
JN544810.1	Tortula muralis	Tortula muralis var. muralis	Tortula muralis	Bryophyta	Bryopsida	Pottiales	Pottiaceae	Tortula	BOLD_GENUS_BACKBONE
JN544811.1	Tortula muralis	Tortula muralis var. muralis	Tortula muralis	Bryophyta	Bryopsida	Pottiales	Pottiaceae	Tortula	BOLD_GENUS_BACKBONE
JN544812.1	Tortula muralis	Tortula muralis var. muralis	Tortula muralis	Bryophyta	Bryopsida	Pottiales	Pottiaceae	Tortula	BOLD_GENUS_BACKBONE
JN544813.1	Tortula muralis	Tortula muralis var. muralis	Tortula muralis	Bryophyta	Bryopsida	Pottiales	Pottiaceae	Tortula	BOLD_GENUS_BACKBONE
JN544814.1	Tortula muralis	Tortula muralis var. aestiva	Tortula muralis	Bryophyta	Bryopsida	Pottiales	Pottiaceae	Tortula	BOLD_GENUS_BACKBONE
JN544815.1	Tortula muralis	Tortula muralis var. aestiva	Tortula muralis	Bryophyta	Bryopsida	Pottiales	Pottiaceae	Tortula	BOLD_GENUS_BACKBONE
JN544816.1	Tortula muralis	Tortula muralis var. muralis	Tortula muralis	Bryophyta	Bryopsida	Pottiales	Pottiaceae	Tortula	BOLD_GENUS_BACKBONE
JN544817.1	Tortula muralis	Tortula muralis var. muralis	Tortula muralis	Bryophyta	Bryopsida	Pottiales	Pottiaceae	Tortula	BOLD_GENUS_BACKBONE
JN544821.1	Tortula muralis	Tortula muralis subsp. obtusifolia	Tortula muralis	Bryophyta	Bryopsida	Pottiales	Pottiaceae	Tortula	BOLD_GENUS_BACKBONE
JN544822.1	Tortula muralis	Tortula muralis subsp. obtusifolia	Tortula muralis	Bryophyta	Bryopsida	Pottiales	Pottiaceae	Tortula	BOLD_GENUS_BACKBONE
JN544824.1	Tortula muralis	Tortula muralis subsp. obtusifolia	Tortula muralis	Bryophyta	Bryopsida	Pottiales	Pottiaceae	Tortula	BOLD_GENUS_BACKBONE
JN544825.1	Tortula muralis	Tortula muralis subsp. obtusifolia	Tortula muralis	Bryophyta	Bryopsida	Pottiales	Pottiaceae	Tortula	BOLD_GENUS_BACKBONE
JN544827.1	Tortula muralis	Tortula muralis var. muralis	Tortula muralis	Bryophyta	Bryopsida	Pottiales	Pottiaceae	Tortula	BOLD_GENUS_BACKBONE
JN544828.1	Tortula muralis	Tortula muralis var. muralis	Tortula muralis	Bryophyta	Bryopsida	Pottiales	Pottiaceae	Tortula	BOLD_GENUS_BACKBONE
JN544829.1	Tortula muralis	Tortula muralis var. muralis	Tortula muralis	Bryophyta	Bryopsida	Pottiales	Pottiaceae	Tortula	BOLD_GENUS_BACKBONE
JN544830.1	Tortula muralis	Tortula muralis var. muralis	Tortula muralis	Bryophyta	Bryopsida	Pottiales	Pottiaceae	Tortula	BOLD_GENUS_BACKBONE
JN544831.1	Tortula muralis	Tortula muralis var. muralis	Tortula muralis	Bryophyta	Bryopsida	Pottiales	Pottiaceae	Tortula	BOLD_GENUS_BACKBONE
JN544832.1	Tortula muralis	Tortula muralis subsp. muralis	Tortula muralis	Bryophyta	Bryopsida	Pottiales	Pottiaceae	Tortula	BOLD_GENUS_BACKBONE
JN544833.1	Tortula muralis	Tortula muralis var. muralis	Tortula muralis	Bryophyta	Bryopsida	Pottiales	Pottiaceae	Tortula	BOLD_GENUS_BACKBONE
JN544834.1	Tortula muralis	Tortula muralis var. muralis	Tortula muralis	Bryophyta	Bryopsida	Pottiales	Pottiaceae	Tortula	BOLD_GENUS_BACKBONE
JN544835.1	Tortula muralis	Tortula muralis var. muralis	Tortula muralis	Bryophyta	Bryopsida	Pottiales	Pottiaceae	Tortula	BOLD_GENUS_BACKBONE
JN544836.1	Tortula muralis	Tortula muralis var. muralis	Tortula muralis	Bryophyta	Bryopsida	Pottiales	Pottiaceae	Tortula	BOLD_GENUS_BACKBONE
JN544839.1	Tortula muralis	Tortula muralis var. muralis	Tortula muralis	Bryophyta	Bryopsida	Pottiales	Pottiaceae	Tortula	BOLD_GENUS_BACKBONE
JN544840.1	Tortula muralis	Tortula muralis var. muralis	Tortula muralis	Bryophyta	Bryopsida	Pottiales	Pottiaceae	Tortula	BOLD_GENUS_BACKBONE
JN544841.1	Tortula muralis	Tortula muralis var. muralis	Tortula muralis	Bryophyta	Bryopsida	Pottiales	Pottiaceae	Tortula	BOLD_GENUS_BACKBONE
JN544842.1	Tortula muralis	Tortula muralis var. muralis	Tortula muralis	Bryophyta	Bryopsida	Pottiales	Pottiaceae	Tortula	BOLD_GENUS_BACKBONE
JN544843.1	Tortula muralis	Tortula muralis var. muralis	Tortula muralis	Bryophyta	Bryopsida	Pottiales	Pottiaceae	Tortula	BOLD_GENUS_BACKBONE
JN544844.1	Tortula muralis	Tortula muralis var. muralis	Tortula muralis	Bryophyta	Bryopsida	Pottiales	Pottiaceae	Tortula	BOLD_GENUS_BACKBONE
JN544845.1	Tortula muralis	Tortula muralis var. aestiva	Tortula muralis	Bryophyta	Bryopsida	Pottiales	Pottiaceae	Tortula	BOLD_GENUS_BACKBONE
JN544846.1	Tortula muralis	Tortula muralis var. muralis	Tortula muralis	Bryophyta	Bryopsida	Pottiales	Pottiaceae	Tortula	BOLD_GENUS_BACKBONE
JN544847.1	Tortula muralis	Tortula muralis var. muralis	Tortula muralis	Bryophyta	Bryopsida	Pottiales	Pottiaceae	Tortula	BOLD_GENUS_BACKBONE
JN544848.1	Tortula muralis	Tortula muralis var. muralis	Tortula muralis	Bryophyta	Bryopsida	Pottiales	Pottiaceae	Tortula	BOLD_GENUS_BACKBONE
JN544849.1	Tortula muralis	Tortula muralis subsp. muralis	Tortula muralis	Bryophyta	Bryopsida	Pottiales	Pottiaceae	Tortula	BOLD_GENUS_BACKBONE
JN544850.1	Tortula muralis	Tortula muralis subsp. muralis	Tortula muralis	Bryophyta	Bryopsida	Pottiales	Pottiaceae	Tortula	BOLD_GENUS_BACKBONE
JN544851.1	Tortula muralis	Tortula muralis subsp. muralis	Tortula muralis	Bryophyta	Bryopsida	Pottiales	Pottiaceae	Tortula	BOLD_GENUS_BACKBONE
JN544852.1	Tortula muralis	Tortula muralis var. muralis	Tortula muralis	Bryophyta	Bryopsida	Pottiales	Pottiaceae	Tortula	BOLD_GENUS_BACKBONE
JN544853.1	Tortula muralis	Tortula muralis var. muralis	Tortula muralis	Bryophyta	Bryopsida	Pottiales	Pottiaceae	Tortula	BOLD_GENUS_BACKBONE
JN544854.1	Tortula muralis	Tortula muralis var. muralis	Tortula muralis	Bryophyta	Bryopsida	Pottiales	Pottiaceae	Tortula	BOLD_GENUS_BACKBONE
JN544855.1	Tortula muralis	Tortula muralis var. muralis	Tortula muralis	Bryophyta	Bryopsida	Pottiales	Pottiaceae	Tortula	BOLD_GENUS_BACKBONE
JN544856.1	Tortula muralis	Tortula muralis var. muralis	Tortula muralis	Bryophyta	Bryopsida	Pottiales	Pottiaceae	Tortula	BOLD_GENUS_BACKBONE
JN544857.1	Tortula muralis	Tortula muralis var. muralis	Tortula muralis	Bryophyta	Bryopsida	Pottiales	Pottiaceae	Tortula	BOLD_GENUS_BACKBONE
JN544858.1	Tortula muralis	Tortula muralis var. muralis	Tortula muralis	Bryophyta	Bryopsida	Pottiales	Pottiaceae	Tortula	BOLD_GENUS_BACKBONE
JN544859.1	Tortula muralis	Tortula muralis var. muralis	Tortula muralis	Bryophyta	Bryopsida	Pottiales	Pottiaceae	Tortula	BOLD_GENUS_BACKBONE
JN544860.1	Tortula muralis	Tortula muralis var. muralis	Tortula muralis	Bryophyta	Bryopsida	Pottiales	Pottiaceae	Tortula	BOLD_GENUS_BACKBONE
JN544861.1	Tortula muralis	Tortula muralis var. muralis	Tortula muralis	Bryophyta	Bryopsida	Pottiales	Pottiaceae	Tortula	BOLD_GENUS_BACKBONE
JN544862.1	Tortula muralis	Tortula muralis subsp. muralis	Tortula muralis	Bryophyta	Bryopsida	Pottiales	Pottiaceae	Tortula	BOLD_GENUS_BACKBONE
JN544863.1	Tortula muralis	Tortula muralis var. muralis	Tortula muralis	Bryophyta	Bryopsida	Pottiales	Pottiaceae	Tortula	BOLD_GENUS_BACKBONE
JN544864.1	Tortula muralis	Tortula muralis var. muralis	Tortula muralis	Bryophyta	Bryopsida	Pottiales	Pottiaceae	Tortula	BOLD_GENUS_BACKBONE
JN544865.1	Tortula muralis	Tortula muralis var. muralis	Tortula muralis	Bryophyta	Bryopsida	Pottiales	Pottiaceae	Tortula	BOLD_GENUS_BACKBONE
JN544866.1	Tortula muralis	Tortula muralis var. muralis	Tortula muralis	Bryophyta	Bryopsida	Pottiales	Pottiaceae	Tortula	BOLD_GENUS_BACKBONE
JN544867.1	Tortula muralis	Tortula muralis var. muralis	Tortula muralis	Bryophyta	Bryopsida	Pottiales	Pottiaceae	Tortula	BOLD_GENUS_BACKBONE
JN544868.1	Tortula muralis	Tortula muralis var. muralis	Tortula muralis	Bryophyta	Bryopsida	Pottiales	Pottiaceae	Tortula	BOLD_GENUS_BACKBONE
JN544869.1	Tortula muralis	Tortula muralis var. muralis	Tortula muralis	Bryophyta	Bryopsida	Pottiales	Pottiaceae	Tortula	BOLD_GENUS_BACKBONE
JN544870.1	Tortula muralis	Tortula muralis var. muralis	Tortula muralis	Bryophyta	Bryopsida	Pottiales	Pottiaceae	Tortula	BOLD_GENUS_BACKBONE
JN544871.1	Tortula muralis	Tortula muralis var. muralis	Tortula muralis	Bryophyta	Bryopsida	Pottiales	Pottiaceae	Tortula	BOLD_GENUS_BACKBONE
JN544872.1	Tortula muralis	Tortula muralis var. muralis	Tortula muralis	Bryophyta	Bryopsida	Pottiales	Pottiaceae	Tortula	BOLD_GENUS_BACKBONE
JN544873.1	Tortula muralis	Tortula muralis var. muralis	Tortula muralis	Bryophyta	Bryopsida	Pottiales	Pottiaceae	Tortula	BOLD_GENUS_BACKBONE
JN544874.1	Tortula muralis	Tortula muralis var. muralis	Tortula muralis	Bryophyta	Bryopsida	Pottiales	Pottiaceae	Tortula	BOLD_GENUS_BACKBONE
JN544875.1	Tortula muralis	Tortula muralis var. muralis	Tortula muralis	Bryophyta	Bryopsida	Pottiales	Pottiaceae	Tortula	BOLD_GENUS_BACKBONE
JN544876.1	Tortula muralis	Tortula muralis var. muralis	Tortula muralis	Bryophyta	Bryopsida	Pottiales	Pottiaceae	Tortula	BOLD_GENUS_BACKBONE
JN544877.1	Tortula muralis	Tortula muralis subsp. muralis	Tortula muralis	Bryophyta	Bryopsida	Pottiales	Pottiaceae	Tortula	BOLD_GENUS_BACKBONE
JN544878.1	Tortula muralis	Tortula muralis var. muralis	Tortula muralis	Bryophyta	Bryopsida	Pottiales	Pottiaceae	Tortula	BOLD_GENUS_BACKBONE
JN544884.1	Tortula muralis	Tortula muralis var. muralis	Tortula muralis	Bryophyta	Bryopsida	Pottiales	Pottiaceae	Tortula	BOLD_GENUS_BACKBONE
JN544885.1	Tortula muralis	Tortula muralis var. muralis	Tortula muralis	Bryophyta	Bryopsida	Pottiales	Pottiaceae	Tortula	BOLD_GENUS_BACKBONE
JN544886.1	Tortula muralis	Tortula muralis var. muralis	Tortula muralis	Bryophyta	Bryopsida	Pottiales	Pottiaceae	Tortula	BOLD_GENUS_BACKBONE
JN544887.1	Tortula muralis	Tortula muralis var. muralis	Tortula muralis	Bryophyta	Bryopsida	Pottiales	Pottiaceae	Tortula	BOLD_GENUS_BACKBONE
JN544888.1	Tortula muralis	Tortula muralis var. muralis	Tortula muralis	Bryophyta	Bryopsida	Pottiales	Pottiaceae	Tortula	BOLD_GENUS_BACKBONE
JN544889.1	Tortula muralis	Tortula muralis var. muralis	Tortula muralis	Bryophyta	Bryopsida	Pottiales	Pottiaceae	Tortula	BOLD_GENUS_BACKBONE
JN544890.1	Tortula muralis	Tortula muralis var. aestiva	Tortula muralis	Bryophyta	Bryopsida	Pottiales	Pottiaceae	Tortula	BOLD_GENUS_BACKBONE
JN544891.1	Tortula muralis	Tortula muralis var. muralis	Tortula muralis	Bryophyta	Bryopsida	Pottiales	Pottiaceae	Tortula	BOLD_GENUS_BACKBONE
JN544892.1	Tortula muralis	Tortula muralis var. muralis	Tortula muralis	Bryophyta	Bryopsida	Pottiales	Pottiaceae	Tortula	BOLD_GENUS_BACKBONE
JN544893.1	Tortula muralis	Tortula muralis var. muralis	Tortula muralis	Bryophyta	Bryopsida	Pottiales	Pottiaceae	Tortula	BOLD_GENUS_BACKBONE
JN544894.1	Tortula muralis	Tortula muralis var. muralis	Tortula muralis	Bryophyta	Bryopsida	Pottiales	Pottiaceae	Tortula	BOLD_GENUS_BACKBONE
JN544895.1	Tortula muralis	Tortula muralis var. muralis	Tortula muralis	Bryophyta	Bryopsida	Pottiales	Pottiaceae	Tortula	BOLD_GENUS_BACKBONE
JN544896.1	Tortula muralis	Tortula muralis var. muralis	Tortula muralis	Bryophyta	Bryopsida	Pottiales	Pottiaceae	Tortula	BOLD_GENUS_BACKBONE
KT318279.1	Traunsteinera globosa	Traunsteinera globosa	Traunsteinera globosa	Streptophyta	Magnoliopsida	Asparagales	Orchidaceae	Traunsteinera	NCBI_LINEAGE
KM020077.1	Trentepohlia annulata	Trentepohlia annulata	Trentepohlia annulata	Chlorophyta	Ulvophyceae	Trentepohliales	Trentepohliaceae	Trentepohlia	NCBI_LINEAGE
KC489138.1	Trentepohlia aurea	Trentepohlia aurea	Trentepohlia aurea	Chlorophyta	Ulvophyceae	Trentepohliales	Trentepohliaceae	Trentepohlia	NCBI_LINEAGE
KC489139.1	Trentepohlia aurea	Trentepohlia aurea	Trentepohlia aurea	Chlorophyta	Ulvophyceae	Trentepohliales	Trentepohliaceae	Trentepohlia	NCBI_LINEAGE
AF154629.1	Trifolium badium	Trifolium badium	Trifolium badium	Tracheophyta	Magnoliopsida	Fabales	Fabaceae	Trifolium	BOLD_GENUS_BACKBONE
MW684033.1	Trifolium dalmaticum	Trifolium dalmaticum	Trifolium dalmaticum	Tracheophyta	Magnoliopsida	Fabales	Fabaceae	Trifolium	BOLD_GENUS_BACKBONE
AF053167.1	Trifolium nigrescens	Trifolium nigrescens subsp. nigrescens	Trifolium nigrescens	Tracheophyta	Magnoliopsida	Fabales	Fabaceae	Trifolium	BOLD_GENUS_BACKBONE
AF154581.1	Trifolium nigrescens	Trifolium nigrescens	Trifolium nigrescens	Tracheophyta	Magnoliopsida	Fabales	Fabaceae	Trifolium	BOLD_GENUS_BACKBONE
AF154579.1	Trifolium pallescens	Trifolium pallescens	Trifolium pallescens	Tracheophyta	Magnoliopsida	Fabales	Fabaceae	Trifolium	BOLD_GENUS_BACKBONE
AF154609.1	Trifolium pallidum	Trifolium pallidum	Trifolium pallidum	Tracheophyta	Magnoliopsida	Fabales	Fabaceae	Trifolium	BOLD_GENUS_BACKBONE
DQ312116.1	Trifolium patens	Trifolium patens	Trifolium patens	Tracheophyta	Magnoliopsida	Fabales	Fabaceae	Trifolium	BOLD_GENUS_BACKBONE
AF053173.1	Trifolium retusum	Trifolium retusum	Trifolium retusum	Tracheophyta	Magnoliopsida	Fabales	Fabaceae	Trifolium	BOLD_GENUS_BACKBONE
AF154622.1	Trifolium rubens	Trifolium rubens	Trifolium rubens	Tracheophyta	Magnoliopsida	Fabales	Fabaceae	Trifolium	BOLD_GENUS_BACKBONE
MW684052.1	Trifolium squarrosum	Trifolium squarrosum	Trifolium squarrosum	Tracheophyta	Magnoliopsida	Fabales	Fabaceae	Trifolium	BOLD_GENUS_BACKBONE
AF154617.1	Trifolium stellatum	Trifolium stellatum	Trifolium stellatum	Tracheophyta	Magnoliopsida	Fabales	Fabaceae	Trifolium	BOLD_GENUS_BACKBONE
DQ312165.1	Trifolium stellatum	Trifolium stellatum	Trifolium stellatum	Tracheophyta	Magnoliopsida	Fabales	Fabaceae	Trifolium	BOLD_GENUS_BACKBONE
AF053178.1	Trifolium thalii	Trifolium thalii	Trifolium thalii	Tracheophyta	Magnoliopsida	Fabales	Fabaceae	Trifolium	BOLD_GENUS_BACKBONE
MW684057.1	Trifolium velebiticum	Trifolium velebiticum	Trifolium velebiticum	Tracheophyta	Magnoliopsida	Fabales	Fabaceae	Trifolium	BOLD_GENUS_BACKBONE
HQ456455.1	Triglochin maritimum	Triglochin maritima	Triglochin maritima	Streptophyta	Magnoliopsida	Alismatales	Juncaginaceae	Triglochin	NCBI_LINEAGE
JN999679.1	Triglochin maritimum	Triglochin maritima	Triglochin maritima	Streptophyta	Magnoliopsida	Alismatales	Juncaginaceae	Triglochin	NCBI_LINEAGE
JN999680.1	Triglochin maritimum	Triglochin maritima	Triglochin maritima	Streptophyta	Magnoliopsida	Alismatales	Juncaginaceae	Triglochin	NCBI_LINEAGE
JN999681.1	Triglochin maritimum	Triglochin maritima	Triglochin maritima	Streptophyta	Magnoliopsida	Alismatales	Juncaginaceae	Triglochin	NCBI_LINEAGE
JN999683.1	Triglochin maritimum	Triglochin maritima	Triglochin maritima	Streptophyta	Magnoliopsida	Alismatales	Juncaginaceae	Triglochin	NCBI_LINEAGE
KF454679.1	Triglochin maritimum	Triglochin maritima	Triglochin maritima	Streptophyta	Magnoliopsida	Alismatales	Juncaginaceae	Triglochin	NCBI_LINEAGE
KF454680.1	Triglochin maritimum	Triglochin maritima	Triglochin maritima	Streptophyta	Magnoliopsida	Alismatales	Juncaginaceae	Triglochin	NCBI_LINEAGE
KF454681.1	Triglochin maritimum	Triglochin maritima	Triglochin maritima	Streptophyta	Magnoliopsida	Alismatales	Juncaginaceae	Triglochin	NCBI_LINEAGE
KX788066.1	Trigonella corniculata	Trigonella corniculata	Trigonella corniculata	Tracheophyta	Magnoliopsida	Fabales	Fabaceae	Trigonella	BOLD_GENUS_BACKBONE
AF154576.1	Trigonella gladiata	Trigonella gladiata	Trigonella gladiata	Tracheophyta	Magnoliopsida	Fabales	Fabaceae	Trigonella	BOLD_GENUS_BACKBONE
KX788067.1	Trigonella gladiata	Trigonella gladiata	Trigonella gladiata	Tracheophyta	Magnoliopsida	Fabales	Fabaceae	Trigonella	BOLD_GENUS_BACKBONE
EU791802.1	Trilophozia quinquedentata	Trilophozia quinquedentata f. gracilis	Trilophozia quinquedentata	Streptophyta	Jungermanniopsida	Jungermanniales	Lophoziaceae	Trilophozia	NCBI_LINEAGE
EU791803.1	Trilophozia quinquedentata	Trilophozia quinquedentata f. gracilis	Trilophozia quinquedentata	Streptophyta	Jungermanniopsida	Jungermanniales	Lophoziaceae	Trilophozia	NCBI_LINEAGE
EU791804.1	Trilophozia quinquedentata	Trilophozia quinquedentata	Trilophozia quinquedentata	Streptophyta	Jungermanniopsida	Jungermanniales	Lophoziaceae	Trilophozia	NCBI_LINEAGE
KX873162.1	Trisetum distichophyllum	Acrospelion distichophyllum	Acrospelion distichophyllum	Streptophyta	Magnoliopsida	Poales	Poaceae	Acrospelion	NCBI_LINEAGE
AJ238917.1	Triticum dicoccon	Triticum turgidum subsp. dicoccum	Triticum turgidum	Tracheophyta	Liliopsida	Poales	Poaceae	Triticum	BOLD_GENUS_BACKBONE
KJ459898.1	Triticum dicoccon	Triticum turgidum subsp. dicoccum	Triticum turgidum	Tracheophyta	Liliopsida	Poales	Poaceae	Triticum	BOLD_GENUS_BACKBONE
KJ459899.1	Triticum dicoccon	Triticum turgidum subsp. dicoccum	Triticum turgidum	Tracheophyta	Liliopsida	Poales	Poaceae	Triticum	BOLD_GENUS_BACKBONE
KJ459900.1	Triticum dicoccon	Triticum turgidum subsp. dicoccum	Triticum turgidum	Tracheophyta	Liliopsida	Poales	Poaceae	Triticum	BOLD_GENUS_BACKBONE
MH618734.1	Triticum dicoccon	Triticum turgidum subsp. dicoccum	Triticum turgidum	Tracheophyta	Liliopsida	Poales	Poaceae	Triticum	BOLD_GENUS_BACKBONE
MH618735.1	Triticum dicoccon	Triticum turgidum subsp. dicoccum	Triticum turgidum	Tracheophyta	Liliopsida	Poales	Poaceae	Triticum	BOLD_GENUS_BACKBONE
MH618736.1	Triticum dicoccon	Triticum turgidum subsp. dicoccum	Triticum turgidum	Tracheophyta	Liliopsida	Poales	Poaceae	Triticum	BOLD_GENUS_BACKBONE
MH618737.1	Triticum dicoccon	Triticum turgidum subsp. dicoccum	Triticum turgidum	Tracheophyta	Liliopsida	Poales	Poaceae	Triticum	BOLD_GENUS_BACKBONE
MH618738.1	Triticum dicoccon	Triticum turgidum subsp. dicoccum	Triticum turgidum	Tracheophyta	Liliopsida	Poales	Poaceae	Triticum	BOLD_GENUS_BACKBONE
HQ285920.1	Triticum durum	Triticum turgidum subsp. durum	Triticum turgidum	Tracheophyta	Liliopsida	Poales	Poaceae	Triticum	BOLD_GENUS_BACKBONE
MH618748.1	Triticum durum	Triticum turgidum subsp. durum	Triticum turgidum	Tracheophyta	Liliopsida	Poales	Poaceae	Triticum	BOLD_GENUS_BACKBONE
MH618749.1	Triticum durum	Triticum turgidum subsp. durum	Triticum turgidum	Tracheophyta	Liliopsida	Poales	Poaceae	Triticum	BOLD_GENUS_BACKBONE
MH618750.1	Triticum durum	Triticum turgidum subsp. durum	Triticum turgidum	Tracheophyta	Liliopsida	Poales	Poaceae	Triticum	BOLD_GENUS_BACKBONE
MH618751.1	Triticum durum	Triticum turgidum subsp. durum	Triticum turgidum	Tracheophyta	Liliopsida	Poales	Poaceae	Triticum	BOLD_GENUS_BACKBONE
MH618752.1	Triticum durum	Triticum turgidum subsp. durum	Triticum turgidum	Tracheophyta	Liliopsida	Poales	Poaceae	Triticum	BOLD_GENUS_BACKBONE
MH618753.1	Triticum durum	Triticum turgidum subsp. durum	Triticum turgidum	Tracheophyta	Liliopsida	Poales	Poaceae	Triticum	BOLD_GENUS_BACKBONE
MH618754.1	Triticum durum	Triticum turgidum subsp. durum	Triticum turgidum	Tracheophyta	Liliopsida	Poales	Poaceae	Triticum	BOLD_GENUS_BACKBONE
MH618755.1	Triticum durum	Triticum turgidum subsp. durum	Triticum turgidum	Tracheophyta	Liliopsida	Poales	Poaceae	Triticum	BOLD_GENUS_BACKBONE
MH618756.1	Triticum durum	Triticum turgidum subsp. durum	Triticum turgidum	Tracheophyta	Liliopsida	Poales	Poaceae	Triticum	BOLD_GENUS_BACKBONE
KJ459901.1	Triticum spelta	Triticum spelta	Triticum spelta	Tracheophyta	Liliopsida	Poales	Poaceae	Triticum	BOLD_GENUS_BACKBONE
KJ459902.1	Triticum spelta	Triticum spelta	Triticum spelta	Tracheophyta	Liliopsida	Poales	Poaceae	Triticum	BOLD_GENUS_BACKBONE
KJ459903.1	Triticum spelta	Triticum spelta	Triticum spelta	Tracheophyta	Liliopsida	Poales	Poaceae	Triticum	BOLD_GENUS_BACKBONE
KF454376.1	Typha angustifolia	Typha angustifolia	Typha angustifolia	Tracheophyta	Liliopsida	Poales	Typhaceae	Typha	BOLD_GENUS_BACKBONE
KF454377.1	Typha angustifolia	Typha angustifolia	Typha angustifolia	Tracheophyta	Liliopsida	Poales	Typhaceae	Typha	BOLD_GENUS_BACKBONE
KJ474681.1	Typha angustifolia	Typha angustifolia	Typha angustifolia	Tracheophyta	Liliopsida	Poales	Typhaceae	Typha	BOLD_GENUS_BACKBONE
KJ474682.1	Typha angustifolia	Typha angustifolia	Typha angustifolia	Tracheophyta	Liliopsida	Poales	Typhaceae	Typha	BOLD_GENUS_BACKBONE
KJ474683.1	Typha angustifolia	Typha angustifolia	Typha angustifolia	Tracheophyta	Liliopsida	Poales	Typhaceae	Typha	BOLD_GENUS_BACKBONE
KJ474680.1	Typha minima	Rohrbachia minima	Rohrbachia minima	Streptophyta	Magnoliopsida	Poales	Typhaceae	Rohrbachia	NCBI_LINEAGE
KC539599.1	Ulmus laevis	Ulmus laevis	Ulmus laevis	Tracheophyta	Magnoliopsida	Rosales	Ulmaceae	Ulmus	BOLD_GENUS_BACKBONE
KT804259.1	Ulota bruchii	Ulota bruchii	Ulota bruchii	Bryophyta	Bryopsida	Orthotrichales	Orthotrichaceae	Ulota	BOLD_GENUS_BACKBONE
KT804281.1	Ulota intermedia	Ulota intermedia	Ulota intermedia	Bryophyta	Bryopsida	Orthotrichales	Orthotrichaceae	Ulota	BOLD_GENUS_BACKBONE
KT804282.1	Ulota intermedia	Ulota intermedia	Ulota intermedia	Bryophyta	Bryopsida	Orthotrichales	Orthotrichaceae	Ulota	BOLD_GENUS_BACKBONE
KT804283.1	Ulota intermedia	Ulota intermedia	Ulota intermedia	Bryophyta	Bryopsida	Orthotrichales	Orthotrichaceae	Ulota	BOLD_GENUS_BACKBONE
KT804284.1	Ulota intermedia	Ulota intermedia	Ulota intermedia	Bryophyta	Bryopsida	Orthotrichales	Orthotrichaceae	Ulota	BOLD_GENUS_BACKBONE
KT804285.1	Ulota intermedia	Ulota intermedia	Ulota intermedia	Bryophyta	Bryopsida	Orthotrichales	Orthotrichaceae	Ulota	BOLD_GENUS_BACKBONE
KT804286.1	Ulota intermedia	Ulota intermedia	Ulota intermedia	Bryophyta	Bryopsida	Orthotrichales	Orthotrichaceae	Ulota	BOLD_GENUS_BACKBONE
KT804287.1	Ulota intermedia	Ulota intermedia	Ulota intermedia	Bryophyta	Bryopsida	Orthotrichales	Orthotrichaceae	Ulota	BOLD_GENUS_BACKBONE
AF127161.1	Ulva clathrata	Ulva clathrata	Ulva clathrata	Chlorophyta	Ulvophyceae	Ulvales	Ulvaceae	Ulva	BOLD_GENUS_BACKBONE
AF127162.1	Ulva clathrata	Ulva clathrata	Ulva clathrata	Chlorophyta	Ulvophyceae	Ulvales	Ulvaceae	Ulva	BOLD_GENUS_BACKBONE
AF127163.1	Ulva clathrata	Ulva clathrata	Ulva clathrata	Chlorophyta	Ulvophyceae	Ulvales	Ulvaceae	Ulva	BOLD_GENUS_BACKBONE
AF127164.1	Ulva clathrata	Ulva clathrata	Ulva clathrata	Chlorophyta	Ulvophyceae	Ulvales	Ulvaceae	Ulva	BOLD_GENUS_BACKBONE
AF127165.1	Ulva clathrata	Ulva clathrata	Ulva clathrata	Chlorophyta	Ulvophyceae	Ulvales	Ulvaceae	Ulva	BOLD_GENUS_BACKBONE
AF127166.1	Ulva clathrata	Ulva clathrata	Ulva clathrata	Chlorophyta	Ulvophyceae	Ulvales	Ulvaceae	Ulva	BOLD_GENUS_BACKBONE
AF127167.1	Ulva clathrata	Ulva clathrata	Ulva clathrata	Chlorophyta	Ulvophyceae	Ulvales	Ulvaceae	Ulva	BOLD_GENUS_BACKBONE
AF127168.1	Ulva clathrata	Ulva clathrata	Ulva clathrata	Chlorophyta	Ulvophyceae	Ulvales	Ulvaceae	Ulva	BOLD_GENUS_BACKBONE
AF127169.1	Ulva clathrata	Ulva clathrata	Ulva clathrata	Chlorophyta	Ulvophyceae	Ulvales	Ulvaceae	Ulva	BOLD_GENUS_BACKBONE
AF127170.1	Ulva clathrata	Ulva clathrata	Ulva clathrata	Chlorophyta	Ulvophyceae	Ulvales	Ulvaceae	Ulva	BOLD_GENUS_BACKBONE
AF153492.1	Ulva clathrata	Ulva clathrata	Ulva clathrata	Chlorophyta	Ulvophyceae	Ulvales	Ulvaceae	Ulva	BOLD_GENUS_BACKBONE
HQ197901.1	Ulva clathrata	Ulva clathrata	Ulva clathrata	Chlorophyta	Ulvophyceae	Ulvales	Ulvaceae	Ulva	BOLD_GENUS_BACKBONE
AF153489.1	Ulva rigida	Ulva rigida	Ulva rigida	Chlorophyta	Ulvophyceae	Ulvales	Ulvaceae	Ulva	BOLD_GENUS_BACKBONE
AF153490.1	Ulva rigida	Ulva rigida	Ulva rigida	Chlorophyta	Ulvophyceae	Ulvales	Ulvaceae	Ulva	BOLD_GENUS_BACKBONE
AF153494.1	Ulva rigida	Ulva rigida	Ulva rigida	Chlorophyta	Ulvophyceae	Ulvales	Ulvaceae	Ulva	BOLD_GENUS_BACKBONE
AY260565.1	Ulva rigida	Ulva rigida	Ulva rigida	Chlorophyta	Ulvophyceae	Ulvales	Ulvaceae	Ulva	BOLD_GENUS_BACKBONE
AB212118.1	Utricularia minor	Utricularia minor	Utricularia minor	Tracheophyta	Magnoliopsida	Lamiales	Lentibulariaceae	Utricularia	BOLD_GENUS_BACKBONE
KY689721.1	Utricularia minor	Utricularia minor	Utricularia minor	Tracheophyta	Magnoliopsida	Lamiales	Lentibulariaceae	Utricularia	BOLD_GENUS_BACKBONE
PP868670.1	Utricularia minor	Utricularia minor	Utricularia minor	Tracheophyta	Magnoliopsida	Lamiales	Lentibulariaceae	Utricularia	BOLD_GENUS_BACKBONE
PP868671.1	Utricularia minor	Utricularia minor	Utricularia minor	Tracheophyta	Magnoliopsida	Lamiales	Lentibulariaceae	Utricularia	BOLD_GENUS_BACKBONE
PP868672.1	Utricularia minor	Utricularia minor	Utricularia minor	Tracheophyta	Magnoliopsida	Lamiales	Lentibulariaceae	Utricularia	BOLD_GENUS_BACKBONE
PP868673.1	Utricularia minor	Utricularia minor	Utricularia minor	Tracheophyta	Magnoliopsida	Lamiales	Lentibulariaceae	Utricularia	BOLD_GENUS_BACKBONE
PP868674.1	Utricularia minor	Utricularia minor	Utricularia minor	Tracheophyta	Magnoliopsida	Lamiales	Lentibulariaceae	Utricularia	BOLD_GENUS_BACKBONE
JF421553.1	Vaccaria pyramidata	Gypsophila vaccaria	Gypsophila vaccaria	Tracheophyta	Magnoliopsida	Caryophyllales	Caryophyllaceae	Gypsophila	BOLD_GENUS_BACKBONE
KX158329.1	Vaccaria pyramidata	Gypsophila vaccaria	Gypsophila vaccaria	Tracheophyta	Magnoliopsida	Caryophyllales	Caryophyllaceae	Gypsophila	BOLD_GENUS_BACKBONE
MF803014.1	Vaccaria pyramidata	Gypsophila vaccaria	Gypsophila vaccaria	Tracheophyta	Magnoliopsida	Caryophyllales	Caryophyllaceae	Gypsophila	BOLD_GENUS_BACKBONE
MF803015.1	Vaccaria pyramidata	Gypsophila vaccaria	Gypsophila vaccaria	Tracheophyta	Magnoliopsida	Caryophyllales	Caryophyllaceae	Gypsophila	BOLD_GENUS_BACKBONE
PV247094.1	Vaccaria pyramidata	Gypsophila vaccaria	Gypsophila vaccaria	Tracheophyta	Magnoliopsida	Caryophyllales	Caryophyllaceae	Gypsophila	BOLD_GENUS_BACKBONE
LS973942.1	Verbascum chaixii	Verbascum chaixii	Verbascum chaixii	Tracheophyta	Magnoliopsida	Lamiales	Scrophulariaceae	Verbascum	BOLD_GENUS_BACKBONE
AF509798.1	Veronica acinifolia	Veronica acinifolia	Veronica acinifolia	Tracheophyta	Magnoliopsida	Lamiales	Plantaginaceae	Veronica	BOLD_GENUS_BACKBONE
AF509797.1	Veronica anagalloides	Veronica anagalloides subsp. heureka	Veronica anagalloides	Tracheophyta	Magnoliopsida	Lamiales	Plantaginaceae	Veronica	BOLD_GENUS_BACKBONE
KJ630578.1	Veronica anagalloides	Veronica anagalloides subsp. heureka	Veronica anagalloides	Tracheophyta	Magnoliopsida	Lamiales	Plantaginaceae	Veronica	BOLD_GENUS_BACKBONE
KJ630579.1	Veronica anagalloides	Veronica anagalloides subsp. taeckholmiorum	Veronica anagalloides	Tracheophyta	Magnoliopsida	Lamiales	Plantaginaceae	Veronica	BOLD_GENUS_BACKBONE
AF515212.1	Veronica aphylla	Veronica aphylla	Veronica aphylla	Tracheophyta	Magnoliopsida	Lamiales	Plantaginaceae	Veronica	BOLD_GENUS_BACKBONE
AF313004.1	Veronica fruticulosa	Veronica fruticulosa	Veronica fruticulosa	Tracheophyta	Magnoliopsida	Lamiales	Plantaginaceae	Veronica	BOLD_GENUS_BACKBONE
KJ630615.1	Veronica fruticulosa	Veronica fruticulosa	Veronica fruticulosa	Tracheophyta	Magnoliopsida	Lamiales	Plantaginaceae	Veronica	BOLD_GENUS_BACKBONE
KJ630595.1	Veronica jacquinii	Veronica austriaca subsp. jacquinii	Veronica austriaca	Tracheophyta	Magnoliopsida	Lamiales	Plantaginaceae	Veronica	BOLD_GENUS_BACKBONE
KJ630596.1	Veronica jacquinii	Veronica austriaca subsp. jacquinii	Veronica austriaca	Tracheophyta	Magnoliopsida	Lamiales	Plantaginaceae	Veronica	BOLD_GENUS_BACKBONE
KT361674.1	Veronica jacquinii	Veronica austriaca subsp. jacquinii	Veronica austriaca	Tracheophyta	Magnoliopsida	Lamiales	Plantaginaceae	Veronica	BOLD_GENUS_BACKBONE
KT361675.1	Veronica jacquinii	Veronica austriaca subsp. jacquinii	Veronica austriaca	Tracheophyta	Magnoliopsida	Lamiales	Plantaginaceae	Veronica	BOLD_GENUS_BACKBONE
KT361676.1	Veronica jacquinii	Veronica austriaca subsp. jacquinii	Veronica austriaca	Tracheophyta	Magnoliopsida	Lamiales	Plantaginaceae	Veronica	BOLD_GENUS_BACKBONE
KT361677.1	Veronica jacquinii	Veronica austriaca subsp. jacquinii	Veronica austriaca	Tracheophyta	Magnoliopsida	Lamiales	Plantaginaceae	Veronica	BOLD_GENUS_BACKBONE
KJ630602.1	Veronica prostrata	Veronica prostrata	Veronica prostrata	Tracheophyta	Magnoliopsida	Lamiales	Plantaginaceae	Veronica	BOLD_GENUS_BACKBONE
KT361690.1	Veronica prostrata	Veronica prostrata	Veronica prostrata	Tracheophyta	Magnoliopsida	Lamiales	Plantaginaceae	Veronica	BOLD_GENUS_BACKBONE
KT361691.1	Veronica prostrata	Veronica prostrata	Veronica prostrata	Tracheophyta	Magnoliopsida	Lamiales	Plantaginaceae	Veronica	BOLD_GENUS_BACKBONE
AF509803.1	Veronica sublobata	Veronica sublobata	Veronica sublobata	Tracheophyta	Magnoliopsida	Lamiales	Plantaginaceae	Veronica	BOLD_GENUS_BACKBONE
KJ630603.1	Veronica teucrium	Veronica teucrium	Veronica teucrium	Tracheophyta	Magnoliopsida	Lamiales	Plantaginaceae	Veronica	BOLD_GENUS_BACKBONE
KT361704.1	Veronica teucrium	Veronica teucrium	Veronica teucrium	Tracheophyta	Magnoliopsida	Lamiales	Plantaginaceae	Veronica	BOLD_GENUS_BACKBONE
KT361705.1	Veronica teucrium	Veronica teucrium	Veronica teucrium	Tracheophyta	Magnoliopsida	Lamiales	Plantaginaceae	Veronica	BOLD_GENUS_BACKBONE
KT361706.1	Veronica teucrium	Veronica teucrium	Veronica teucrium	Tracheophyta	Magnoliopsida	Lamiales	Plantaginaceae	Veronica	BOLD_GENUS_BACKBONE
AF313011.1	Veronica urticifolia	Veronica urticifolia	Veronica urticifolia	Tracheophyta	Magnoliopsida	Lamiales	Plantaginaceae	Veronica	BOLD_GENUS_BACKBONE
AY265146.1	Viburnum rhytidophyllum	Viburnum rhytidophyllum	Viburnum rhytidophyllum	Tracheophyta	Magnoliopsida	Dipsacales	Viburnaceae	Viburnum	BOLD_GENUS_BACKBONE
AF335212.1	Vicia ervilia	Vicia ervilia	Vicia ervilia	Tracheophyta	Magnoliopsida	Fabales	Fabaceae	Vicia	BOLD_GENUS_BACKBONE
JX506213.1	Vicia ervilia	Vicia ervilia	Vicia ervilia	Tracheophyta	Magnoliopsida	Fabales	Fabaceae	Vicia	BOLD_GENUS_BACKBONE
JX506228.1	Vicia grandiflora	Vicia grandiflora	Vicia grandiflora	Tracheophyta	Magnoliopsida	Fabales	Fabaceae	Vicia	BOLD_GENUS_BACKBONE
JX506229.1	Vicia grandiflora	Vicia grandiflora	Vicia grandiflora	Tracheophyta	Magnoliopsida	Fabales	Fabaceae	Vicia	BOLD_GENUS_BACKBONE
JX506230.1	Vicia grandiflora	Vicia grandiflora	Vicia grandiflora	Tracheophyta	Magnoliopsida	Fabales	Fabaceae	Vicia	BOLD_GENUS_BACKBONE
JX506235.1	Vicia incana	Vicia incana	Vicia incana	Tracheophyta	Magnoliopsida	Fabales	Fabaceae	Vicia	BOLD_GENUS_BACKBONE
JX506264.1	Vicia onobrychioides	Vicia onobrychioides	Vicia onobrychioides	Tracheophyta	Magnoliopsida	Fabales	Fabaceae	Vicia	BOLD_GENUS_BACKBONE
JX506268.1	Vicia pannonica	Vicia pannonica	Vicia pannonica	Tracheophyta	Magnoliopsida	Fabales	Fabaceae	Vicia	BOLD_GENUS_BACKBONE
JX506271.1	Vicia peregrina	Vicia peregrina	Vicia peregrina	Tracheophyta	Magnoliopsida	Fabales	Fabaceae	Vicia	BOLD_GENUS_BACKBONE
JX506272.1	Vicia peregrina	Vicia peregrina	Vicia peregrina	Tracheophyta	Magnoliopsida	Fabales	Fabaceae	Vicia	BOLD_GENUS_BACKBONE
AF333582.1	Vicia pisiformis	Vicia pisiformis	Vicia pisiformis	Tracheophyta	Magnoliopsida	Fabales	Fabaceae	Vicia	BOLD_GENUS_BACKBONE
JX506276.1	Vicia pisiformis	Vicia pisiformis	Vicia pisiformis	Tracheophyta	Magnoliopsida	Fabales	Fabaceae	Vicia	BOLD_GENUS_BACKBONE
JX506277.1	Vicia pisiformis	Vicia pisiformis	Vicia pisiformis	Tracheophyta	Magnoliopsida	Fabales	Fabaceae	Vicia	BOLD_GENUS_BACKBONE
HM026435.1	Vicia striata	Vicia pannonica subsp. striata	Vicia pannonica	Tracheophyta	Magnoliopsida	Fabales	Fabaceae	Vicia	BOLD_GENUS_BACKBONE
JX506297.1	Vicia tenuifolia	Vicia tenuifolia	Vicia tenuifolia	Tracheophyta	Magnoliopsida	Fabales	Fabaceae	Vicia	BOLD_GENUS_BACKBONE
JX506298.1	Vicia tenuifolia	Vicia tenuifolia	Vicia tenuifolia	Tracheophyta	Magnoliopsida	Fabales	Fabaceae	Vicia	BOLD_GENUS_BACKBONE
DQ358823.1	Viola alba	Viola alba subsp. alba	Viola alba	Tracheophyta	Magnoliopsida	Malpighiales	Violaceae	Viola	BOLD_GENUS_BACKBONE
DQ358824.1	Viola alba	Viola alba subsp. alba	Viola alba	Tracheophyta	Magnoliopsida	Malpighiales	Violaceae	Viola	BOLD_GENUS_BACKBONE
DQ358825.1	Viola alba	Viola alba subsp. alba	Viola alba	Tracheophyta	Magnoliopsida	Malpighiales	Violaceae	Viola	BOLD_GENUS_BACKBONE
DQ358826.1	Viola alba	Viola alba subsp. alba	Viola alba	Tracheophyta	Magnoliopsida	Malpighiales	Violaceae	Viola	BOLD_GENUS_BACKBONE
DQ358827.1	Viola alba	Viola alba subsp. alba	Viola alba	Tracheophyta	Magnoliopsida	Malpighiales	Violaceae	Viola	BOLD_GENUS_BACKBONE
DQ358828.1	Viola alba	Viola alba subsp. cretica	Viola alba	Tracheophyta	Magnoliopsida	Malpighiales	Violaceae	Viola	BOLD_GENUS_BACKBONE
DQ358829.1	Viola alba	Viola alba subsp. dehnhardtii	Viola alba	Tracheophyta	Magnoliopsida	Malpighiales	Violaceae	Viola	BOLD_GENUS_BACKBONE
DQ358830.1	Viola alba	Viola alba subsp. dehnhardtii	Viola alba	Tracheophyta	Magnoliopsida	Malpighiales	Violaceae	Viola	BOLD_GENUS_BACKBONE
DQ358831.1	Viola alba	Viola alba subsp. dehnhardtii	Viola alba	Tracheophyta	Magnoliopsida	Malpighiales	Violaceae	Viola	BOLD_GENUS_BACKBONE
DQ358832.1	Viola alba	Viola alba subsp. dehnhardtii	Viola alba	Tracheophyta	Magnoliopsida	Malpighiales	Violaceae	Viola	BOLD_GENUS_BACKBONE
EU413913.1	Viola alba	Viola alba	Viola alba	Tracheophyta	Magnoliopsida	Malpighiales	Violaceae	Viola	BOLD_GENUS_BACKBONE
EU413914.1	Viola alba	Viola alba	Viola alba	Tracheophyta	Magnoliopsida	Malpighiales	Violaceae	Viola	BOLD_GENUS_BACKBONE
EU413915.1	Viola alba	Viola alba	Viola alba	Tracheophyta	Magnoliopsida	Malpighiales	Violaceae	Viola	BOLD_GENUS_BACKBONE
EU413916.1	Viola alba	Viola alba	Viola alba	Tracheophyta	Magnoliopsida	Malpighiales	Violaceae	Viola	BOLD_GENUS_BACKBONE
EU413917.1	Viola alba	Viola alba	Viola alba	Tracheophyta	Magnoliopsida	Malpighiales	Violaceae	Viola	BOLD_GENUS_BACKBONE
EU430656.1	Viola alba	Viola alba subsp. dehnhardtii	Viola alba	Tracheophyta	Magnoliopsida	Malpighiales	Violaceae	Viola	BOLD_GENUS_BACKBONE
EU430657.1	Viola alba	Viola alba subsp. dehnhardtii	Viola alba	Tracheophyta	Magnoliopsida	Malpighiales	Violaceae	Viola	BOLD_GENUS_BACKBONE
FN400840.1	Viola alba	Viola alba subsp. alba	Viola alba	Tracheophyta	Magnoliopsida	Malpighiales	Violaceae	Viola	BOLD_GENUS_BACKBONE
FN400841.1	Viola alba	Viola alba subsp. alba	Viola alba	Tracheophyta	Magnoliopsida	Malpighiales	Violaceae	Viola	BOLD_GENUS_BACKBONE
FN400842.1	Viola alba	Viola alba subsp. alba	Viola alba	Tracheophyta	Magnoliopsida	Malpighiales	Violaceae	Viola	BOLD_GENUS_BACKBONE
FN400843.1	Viola alba	Viola alba subsp. alba	Viola alba	Tracheophyta	Magnoliopsida	Malpighiales	Violaceae	Viola	BOLD_GENUS_BACKBONE
FN400844.1	Viola alba	Viola alba subsp. alba	Viola alba	Tracheophyta	Magnoliopsida	Malpighiales	Violaceae	Viola	BOLD_GENUS_BACKBONE
FN400845.1	Viola alba	Viola alba subsp. alba	Viola alba	Tracheophyta	Magnoliopsida	Malpighiales	Violaceae	Viola	BOLD_GENUS_BACKBONE
FN400846.1	Viola alba	Viola alba subsp. alba	Viola alba	Tracheophyta	Magnoliopsida	Malpighiales	Violaceae	Viola	BOLD_GENUS_BACKBONE
FN400847.1	Viola alba	Viola alba subsp. alba	Viola alba	Tracheophyta	Magnoliopsida	Malpighiales	Violaceae	Viola	BOLD_GENUS_BACKBONE
FN400848.1	Viola alba	Viola alba subsp. alba	Viola alba	Tracheophyta	Magnoliopsida	Malpighiales	Violaceae	Viola	BOLD_GENUS_BACKBONE
FN400849.1	Viola alba	Viola alba subsp. dehnhardtii	Viola alba	Tracheophyta	Magnoliopsida	Malpighiales	Violaceae	Viola	BOLD_GENUS_BACKBONE
FN400850.1	Viola alba	Viola alba subsp. dehnhardtii	Viola alba	Tracheophyta	Magnoliopsida	Malpighiales	Violaceae	Viola	BOLD_GENUS_BACKBONE
FN400851.1	Viola alba	Viola alba subsp. dehnhardtii	Viola alba	Tracheophyta	Magnoliopsida	Malpighiales	Violaceae	Viola	BOLD_GENUS_BACKBONE
FN400852.1	Viola alba	Viola alba subsp. dehnhardtii	Viola alba	Tracheophyta	Magnoliopsida	Malpighiales	Violaceae	Viola	BOLD_GENUS_BACKBONE
FN400853.1	Viola alba	Viola alba subsp. dehnhardtii	Viola alba	Tracheophyta	Magnoliopsida	Malpighiales	Violaceae	Viola	BOLD_GENUS_BACKBONE
FN400854.1	Viola alba	Viola alba subsp. dehnhardtii	Viola alba	Tracheophyta	Magnoliopsida	Malpighiales	Violaceae	Viola	BOLD_GENUS_BACKBONE
FN400855.1	Viola alba	Viola alba subsp. dehnhardtii	Viola alba	Tracheophyta	Magnoliopsida	Malpighiales	Violaceae	Viola	BOLD_GENUS_BACKBONE
FN400856.1	Viola alba	Viola alba subsp. dehnhardtii	Viola alba	Tracheophyta	Magnoliopsida	Malpighiales	Violaceae	Viola	BOLD_GENUS_BACKBONE
FN400857.1	Viola alba	Viola alba subsp. dehnhardtii	Viola alba	Tracheophyta	Magnoliopsida	Malpighiales	Violaceae	Viola	BOLD_GENUS_BACKBONE
HM486499.1	Viola alba	Viola alba subsp. alba	Viola alba	Tracheophyta	Magnoliopsida	Malpighiales	Violaceae	Viola	BOLD_GENUS_BACKBONE
HM851449.1	Viola alba	Viola alba	Viola alba	Tracheophyta	Magnoliopsida	Malpighiales	Violaceae	Viola	BOLD_GENUS_BACKBONE
HM851450.1	Viola alba	Viola alba	Viola alba	Tracheophyta	Magnoliopsida	Malpighiales	Violaceae	Viola	BOLD_GENUS_BACKBONE
JF683820.1	Viola alba	Viola alba subsp. dehnhardtii	Viola alba	Tracheophyta	Magnoliopsida	Malpighiales	Violaceae	Viola	BOLD_GENUS_BACKBONE
AY541599.1	Viola cornuta	Viola cornuta	Viola cornuta	Tracheophyta	Magnoliopsida	Malpighiales	Violaceae	Viola	BOLD_GENUS_BACKBONE
AF097292.1	Viola elatior	Viola elatior	Viola elatior	Tracheophyta	Magnoliopsida	Malpighiales	Violaceae	Viola	BOLD_GENUS_BACKBONE
MG879276.1	Viola elatior	Viola elatior	Viola elatior	Tracheophyta	Magnoliopsida	Malpighiales	Violaceae	Viola	BOLD_GENUS_BACKBONE
JF683821.1	Viola pyrenaica	Viola pyrenaica	Viola pyrenaica	Tracheophyta	Magnoliopsida	Malpighiales	Violaceae	Viola	BOLD_GENUS_BACKBONE
JF683822.1	Viola pyrenaica	Viola pyrenaica	Viola pyrenaica	Tracheophyta	Magnoliopsida	Malpighiales	Violaceae	Viola	BOLD_GENUS_BACKBONE
JF683823.1	Viola pyrenaica	Viola pyrenaica	Viola pyrenaica	Tracheophyta	Magnoliopsida	Malpighiales	Violaceae	Viola	BOLD_GENUS_BACKBONE
JF683824.1	Viola pyrenaica	Viola pyrenaica	Viola pyrenaica	Tracheophyta	Magnoliopsida	Malpighiales	Violaceae	Viola	BOLD_GENUS_BACKBONE
JF683825.1	Viola pyrenaica	Viola pyrenaica	Viola pyrenaica	Tracheophyta	Magnoliopsida	Malpighiales	Violaceae	Viola	BOLD_GENUS_BACKBONE
DQ070731.1	Vitex agnus-castus	Vitex agnus-castus	Vitex agnus-castus	Streptophyta	Magnoliopsida	Lamiales	Lamiaceae	Vitex	NCBI_LINEAGE
EU785943.1	Vitex agnus-castus	Vitex agnus-castus	Vitex agnus-castus	Streptophyta	Magnoliopsida	Lamiales	Lamiaceae	Vitex	NCBI_LINEAGE
JN575350.1	Vitex agnus-castus	Vitex agnus-castus	Vitex agnus-castus	Streptophyta	Magnoliopsida	Lamiales	Lamiaceae	Vitex	NCBI_LINEAGE
MW583086.1	Vitis labrusca	Vitis labrusca	Vitis labrusca	Tracheophyta	Magnoliopsida	Vitales	Vitaceae	Vitis	BOLD_GENUS_BACKBONE
AB663340.1	Volvox globator	Volvox globator	Volvox globator	Chlorophyta	Chlorophyceae	Chlamydomonadales	Volvocaceae	Volvox	NCBI_LINEAGE
GU325799.1	Volvox globator	Volvox globator	Volvox globator	Chlorophyta	Chlorophyceae	Chlamydomonadales	Volvocaceae	Volvox	NCBI_LINEAGE
AF478485.1	Vulpia bromoides	Festuca bromoides	Festuca bromoides	Tracheophyta	Liliopsida	Poales	Poaceae	Festuca	BOLD_GENUS_BACKBONE
AY524834.1	Vulpia bromoides	Festuca bromoides	Festuca bromoides	Tracheophyta	Liliopsida	Poales	Poaceae	Festuca	BOLD_GENUS_BACKBONE
KJ598933.1	Vulpia bromoides	Festuca bromoides	Festuca bromoides	Tracheophyta	Liliopsida	Poales	Poaceae	Festuca	BOLD_GENUS_BACKBONE
AF478486.1	Vulpia ciliata	Festuca ambigua	Festuca ambigua	Tracheophyta	Liliopsida	Poales	Poaceae	Festuca	BOLD_GENUS_BACKBONE
KJ598934.1	Vulpia ciliata	Festuca ambigua	Festuca ambigua	Tracheophyta	Liliopsida	Poales	Poaceae	Festuca	BOLD_GENUS_BACKBONE
AF303402.1	Vulpia fasciculata	Festuca fasciculata	Festuca fasciculata	Tracheophyta	Liliopsida	Poales	Poaceae	Festuca	BOLD_GENUS_BACKBONE
AF478487.1	Vulpia fasciculata	Festuca fasciculata	Festuca fasciculata	Tracheophyta	Liliopsida	Poales	Poaceae	Festuca	BOLD_GENUS_BACKBONE
KJ598935.1	Vulpia fasciculata	Festuca fasciculata	Festuca fasciculata	Tracheophyta	Liliopsida	Poales	Poaceae	Festuca	BOLD_GENUS_BACKBONE
KF713292.1	Vulpia myuros	Festuca myuros	Festuca myuros	Tracheophyta	Liliopsida	Poales	Poaceae	Festuca	BOLD_GENUS_BACKBONE
KF713293.1	Vulpia myuros	Festuca myuros	Festuca myuros	Tracheophyta	Liliopsida	Poales	Poaceae	Festuca	BOLD_GENUS_BACKBONE
KF713294.1	Vulpia myuros	Festuca myuros	Festuca myuros	Tracheophyta	Liliopsida	Poales	Poaceae	Festuca	BOLD_GENUS_BACKBONE
KF713295.1	Vulpia myuros	Festuca myuros	Festuca myuros	Tracheophyta	Liliopsida	Poales	Poaceae	Festuca	BOLD_GENUS_BACKBONE
KF713296.1	Vulpia myuros	Festuca myuros	Festuca myuros	Tracheophyta	Liliopsida	Poales	Poaceae	Festuca	BOLD_GENUS_BACKBONE
KF713297.1	Vulpia myuros	Festuca myuros	Festuca myuros	Tracheophyta	Liliopsida	Poales	Poaceae	Festuca	BOLD_GENUS_BACKBONE
KF713298.1	Vulpia myuros	Festuca myuros	Festuca myuros	Tracheophyta	Liliopsida	Poales	Poaceae	Festuca	BOLD_GENUS_BACKBONE
KF713299.1	Vulpia myuros	Festuca myuros	Festuca myuros	Tracheophyta	Liliopsida	Poales	Poaceae	Festuca	BOLD_GENUS_BACKBONE
MK616356.1	Waldsteinia trifolia	Waldsteinia trifolia	Waldsteinia trifolia	Streptophyta	Magnoliopsida	Rosales	Rosaceae	Waldsteinia	NCBI_LINEAGE
AY796247.1	Weissia squarrosa	Weissia squarrosa	Weissia squarrosa	Bryophyta	Bryopsida	Pottiales	Pottiaceae	Weissia	BOLD_GENUS_BACKBONE
KJ400936.1	Wolffia arrhiza	Wolffia arrhiza	Wolffia arrhiza	Streptophyta	Magnoliopsida	Alismatales	Araceae	Wolffia	NCBI_LINEAGE
DQ016545.1	Zanthoxylum simulans	Zanthoxylum simulans	Zanthoxylum simulans	Streptophyta	Magnoliopsida	Sapindales	Rutaceae	Zanthoxylum	NCBI_LINEAGE
MF039525.1	Zanthoxylum simulans	Zanthoxylum simulans	Zanthoxylum simulans	Streptophyta	Magnoliopsida	Sapindales	Rutaceae	Zanthoxylum	NCBI_LINEAGE
MF039526.1	Zanthoxylum simulans	Zanthoxylum simulans	Zanthoxylum simulans	Streptophyta	Magnoliopsida	Sapindales	Rutaceae	Zanthoxylum	NCBI_LINEAGE
MF039527.1	Zanthoxylum simulans	Zanthoxylum simulans	Zanthoxylum simulans	Streptophyta	Magnoliopsida	Sapindales	Rutaceae	Zanthoxylum	NCBI_LINEAGE
MF039528.1	Zanthoxylum simulans	Zanthoxylum simulans	Zanthoxylum simulans	Streptophyta	Magnoliopsida	Sapindales	Rutaceae	Zanthoxylum	NCBI_LINEAGE
MF039529.1	Zanthoxylum simulans	Zanthoxylum simulans	Zanthoxylum simulans	Streptophyta	Magnoliopsida	Sapindales	Rutaceae	Zanthoxylum	NCBI_LINEAGE
AF102275.1	Zostera noltii	Zostera noltei	Zostera noltei	Tracheophyta	Liliopsida	Alismatales	Zosteraceae	Zostera	BOLD_GENUS_BACKBONE
AY077992.1	Zostera noltii	Zostera noltei	Zostera noltei	Tracheophyta	Liliopsida	Alismatales	Zosteraceae	Zostera	BOLD_GENUS_BACKBONE
EF198354.1	Zostera noltii	Zostera noltei	Zostera noltei	Tracheophyta	Liliopsida	Alismatales	Zosteraceae	Zostera	BOLD_GENUS_BACKBONE
JQ677022.1	Zostera noltii	Zostera noltei	Zostera noltei	Tracheophyta	Liliopsida	Alismatales	Zosteraceae	Zostera	BOLD_GENUS_BACKBONE
JQ677023.1	Zostera noltii	Zostera noltei	Zostera noltei	Tracheophyta	Liliopsida	Alismatales	Zosteraceae	Zostera	BOLD_GENUS_BACKBONE
JQ677024.1	Zostera noltii	Zostera noltei	Zostera noltei	Tracheophyta	Liliopsida	Alismatales	Zosteraceae	Zostera	BOLD_GENUS_BACKBONE
KT804258.1	Zygodon viridissimus	Zygodon viridissimus	Zygodon viridissimus	Streptophyta	Bryopsida	Orthotrichales	Orthotrichaceae	Zygodon	NCBI_LINEAGE
KT862260.1	Zygodon viridissimus	Zygodon viridissimus	Zygodon viridissimus	Streptophyta	Bryopsida	Orthotrichales	Orthotrichaceae	Zygodon	NCBI_LINEAGE
